Date,Time,Temp,Gas,Humidity,Light,IR,PIR,Keypad,Buzzer,Window,Door,Fan,RoomLight,LCD Message,Code
2026-09-24,12:42:37,0,0,0,0,0,0,0,0,0,0,0,1,System OK,OK
2026-09-24,12:42:38,0,0,0,0,0,0,0,0,0,0,0,1,System OK,OK
2026-09-24,12:42:39,0,0,0,0,0,0,0,0,0,0,0,1,System OK,OK
2026-09-24,12:42:40,0,0,0,0,0,0,0,0,0,0,0,1,System OK,OK
2026-09-24,12:42:41,0,0,0,0,0,0,0,0,0,0,0,1,System OK,OK
2026-09-24,12:42:42,0,0,0,0,0,0,0,0,0,0,0,1,System OK,OK
2026-09-24,12:42:43,0,0,0,0,0,0,0,0,0,0,0,1,System OK,OK
2026-09-24,12:42:44,0,0,0,0,0,0,0,0,0,0,0,1,System OK,OK
2026-09-24,12:42:45,0,0,0,0,0,0,0,0,0,0,0,1,System OK,OK
2026-09-24,12:42:46,0,0,0,0,0,0,0,0,0,0,0,1,System OK,OK
2026-09-24,12:42:47,0,0,0,0,0,0,0,0,0,0,0,1,System OK,OK
2026-09-24,12:42:48,0,0,0,0,0,0,0,0,0,0,0,1,System OK,OK
2026-09-24,12:42:49,0,0,0,0,0,0,0,0,0,0,0,1,System OK,OK
2026-09-24,12:42:50,0,0,0,0,0,0,0,0,0,0,0,1,System OK,OK
2026-09-24,12:42:51,0,0,0,0,0,0,0,0,0,0,0,1,System OK,OK
2026-09-24,12:42:52,0,0,0,0,0,0,0,0,0,0,0,1,System OK,OK
2026-09-24,12:42:53,0,0,0,0,0,0,0,0,0,0,0,1,System OK,OK
2026-09-24,12:42:54,0,0,0,0,0,0,0,0,0,0,0,1,System OK,OK
2026-09-24,12:42:55,0,0,0,0,0,0,0,0,0,0,0,1,System OK,OK
2026-09-24,12:42:56,0,0,0,0,0,0,0,0,0,0,0,1,System OK,OK
2026-09-24,12:42:57,0,0,0,0,0,0,0,0,0,0,0,1,System OK,OK
2026-09-24,12:42:58,0,0,0,0,0,0,0,0,0,0,0,1,System OK,OK
2026-09-24,12:42:59,0,0,0,0,0,0,0,0,0,0,0,1,System OK,OK
2026-09-24,12:43:00,0,0,0,0,0,0,0,0,0,0,0,1,System OK,OK
2026-09-24,12:43:01,0,0,0,0,0,0,0,0,0,0,0,1,System OK,OK
2026-09-24,12:43:02,0,0,0,0,0,0,0,0,0,0,0,1,System OK,OK
2026-09-24,12:43:03,0,0,0,0,0,0,0,0,0,0,0,1,System OK,OK
2026-09-24,12:43:04,0,0,0,0,0,0,0,0,0,0,0,1,System OK,OK
2026-09-24,12:43:05,0,0,0,0,0,0,0,0,0,0,0,1,System OK,OK
2026-09-24,12:43:06,0,0,0,0,0,0,0,0,0,0,0,1,System OK,OK
2026-09-24,12:43:07,0,0,0,0,0,0,0,0,0,0,0,1,System OK,OK
2026-09-24,12:43:08,0,0,0,0,0,0,0,0,0,0,0,1,System OK,OK
2026-09-24,12:43:09,0,0,0,0,0,0,0,0,0,0,0,1,System OK,OK
2026-09-24,12:43:10,0,0,0,0,0,0,0,0,0,0,0,1,System OK,OK
2026-09-24,12:43:11,0,0,0,0,0,0,0,0,0,0,0,1,System OK,OK
2026-09-24,12:43:12,0,0,0,0,0,0,0,0,0,0,0,1,System OK,OK
2026-09-24,12:43:13,0,0,0,0,0,0,0,0,0,0,0,1,System OK,OK
2026-09-24,12:43:14,0,0,0,0,0,0,0,0,0,0,0,1,System OK,OK
2026-09-24,12:43:15,0,0,0,0,0,0,0,0,0,0,0,1,System OK,OK
2026-09-24,12:43:16,0,0,0,0,0,0,0,0,0,0,0,1,System OK,OK
2026-09-24,12:43:17,0,0,0,0,0,0,0,0,0,0,0,1,System OK,OK
2026-09-24,12:43:18,0,0,0,0,0,0,0,0,0,0,0,1,System OK,OK
2026-09-24,12:43:19,0,0,0,0,0,0,0,0,0,0,0,1,System OK,OK
2026-09-24,12:43:20,0,0,0,0,0,0,0,0,0,0,0,1,System OK,OK
2026-09-24,12:43:21,0,0,0,0,0,0,0,0,0,0,0,1,System OK,OK
2026-09-24,12:43:22,0,0,0,0,0,0,0,0,0,0,0,1,System OK,OK
2026-09-24,12:43:23,0,0,0,0,0,0,0,0,0,0,0,1,System OK,OK
2026-09-24,12:43:24,0,0,0,0,0,0,0,0,0,0,0,1,System OK,OK
2026-09-24,12:43:25,0,0,0,0,0,0,0,0,0,0,0,1,System OK,OK
2026-09-24,12:43:26,0,0,0,0,0,0,0,0,0,0,0,1,System OK,OK
2026-09-24,12:43:27,0,0,0,0,0,0,0,0,0,0,0,1,System OK,OK
2026-09-24,12:43:28,0,0,0,0,0,0,0,0,0,0,0,1,System OK,OK
2026-09-24,12:43:29,0,0,0,0,0,0,0,0,0,0,0,1,System OK,OK
2026-09-24,12:43:30,0,0,0,0,0,0,0,0,0,0,0,1,System OK,OK
2026-09-24,12:43:31,0,0,0,0,0,0,0,0,0,0,0,1,System OK,OK
2026-09-24,12:43:32,0,0,0,0,0,0,0,0,0,0,0,1,System OK,OK
2026-09-24,12:43:33,0,0,0,0,0,0,0,0,0,0,0,1,System OK,OK
2026-09-24,12:43:34,0,0,0,0,0,0,0,0,0,0,0,1,System OK,OK
2026-09-24,12:43:35,0,0,0,0,0,0,0,0,0,0,0,1,System OK,OK
2026-09-24,12:43:36,0,0,0,0,0,0,0,0,0,0,0,1,System OK,OK
2026-09-24,12:43:37,0,0,0,0,0,0,0,0,0,0,0,1,System OK,OK
2026-09-24,12:43:38,0,0,0,0,0,0,0,0,0,0,0,1,System OK,OK
2026-09-24,12:43:39,0,0,0,0,0,0,0,0,0,0,0,1,System OK,OK
2026-09-24,12:43:40,0,0,0,0,0,0,0,0,0,0,0,1,System OK,OK
2026-09-24,12:43:41,0,0,0,0,0,0,0,0,0,0,0,1,System OK,OK
2026-09-24,12:43:42,0,0,0,0,0,0,0,0,0,0,0,1,System OK,OK
2026-09-24,12:43:43,0,0,0,0,0,0,0,0,0,0,0,1,System OK,OK
2026-09-24,12:43:44,0,0,0,0,0,0,0,0,0,0,0,1,System OK,OK
2026-09-24,12:43:45,0,0,0,0,0,0,0,0,0,0,0,1,System OK,OK
2026-09-24,12:43:46,0,0,0,0,0,0,0,0,0,0,0,1,System OK,OK
2026-09-24,12:43:47,0,0,0,0,0,0,0,0,0,0,0,1,System OK,OK
2026-09-24,12:43:48,0,0,0,0,0,0,0,0,0,0,0,1,System OK,OK
2026-09-24,12:43:49,0,0,0,0,0,0,0,0,0,0,0,1,System OK,OK
2026-09-24,12:43:50,0,0,0,0,0,0,0,0,0,0,0,1,System OK,OK
2026-09-24,12:43:51,0,0,0,0,0,0,0,0,0,0,0,1,System OK,OK
2026-09-24,12:43:52,0,0,0,0,0,0,0,0,0,0,0,1,System OK,OK
2026-09-24,12:43:53,0,0,0,0,0,0,0,0,0,0,0,1,System OK,OK
2026-09-24,12:43:54,0,0,0,0,0,0,0,0,0,0,0,1,System OK,OK
2026-09-24,12:43:55,0,0,0,0,0,0,0,0,0,0,0,1,System OK,OK
2026-09-24,12:43:56,0,0,0,0,0,0,0,0,0,0,0,1,System OK,OK
2026-09-24,12:43:57,0,0,0,0,0,0,0,0,0,0,0,1,System OK,OK
2026-09-24,12:43:58,0,0,0,0,0,0,0,0,0,0,0,1,System OK,OK
2026-09-24,12:43:59,0,0,0,0,0,0,0,0,0,0,0,1,System OK,OK
2026-09-24,12:44:00,0,0,0,0,0,0,0,0,0,0,0,1,System OK,OK
2026-09-24,12:44:01,0,0,0,0,0,0,0,0,0,0,0,1,System OK,OK
2026-09-24,12:44:02,0,0,0,0,0,0,0,0,0,0,0,1,System OK,OK
2026-09-24,12:44:03,0,0,0,0,0,0,0,0,0,0,0,1,System OK,OK
2026-09-24,12:44:04,0,0,0,0,0,0,0,0,0,0,0,1,System OK,OK
2026-09-24,12:44:05,0,0,0,0,0,0,0,0,0,0,0,1,System OK,OK
2026-09-24,12:44:06,0,0,0,0,0,0,0,0,0,0,0,1,System OK,OK
2026-09-24,12:44:07,0,0,0,0,0,0,0,0,0,0,0,1,System OK,OK
2026-09-24,12:44:08,0,0,0,0,0,0,0,0,0,0,0,1,System OK,OK
2026-09-24,12:44:09,0,0,0,0,0,0,0,0,0,0,0,1,System OK,OK
2026-09-24,12:44:10,0,0,0,0,0,0,0,0,0,0,0,1,System OK,OK
2026-09-24,12:44:11,0,0,0,0,0,0,0,0,0,0,0,1,System OK,OK
2026-09-24,12:44:12,0,0,0,0,0,0,0,0,0,0,0,1,System OK,OK
2026-09-24,12:44:13,0,0,0,0,0,0,0,0,0,0,0,1,System OK,OK
2026-09-24,12:44:14,0,0,0,0,0,0,0,0,0,0,0,1,System OK,OK
2026-09-24,12:44:15,0,0,0,0,0,0,0,0,0,0,0,1,System OK,OK
2026-09-24,12:44:16,0,0,0,0,0,0,0,0,0,0,0,1,System OK,OK
2026-09-24,12:44:17,0,0,0,0,0,0,0,0,0,0,0,1,System OK,OK
2026-09-24,12:44:18,0,0,0,0,0,0,0,0,0,0,0,1,System OK,OK
2026-09-24,12:44:19,0,0,0,0,0,0,0,0,0,0,0,1,System OK,OK
2026-09-24,12:44:20,0,0,0,0,0,0,0,0,0,0,0,1,System OK,OK
2026-09-24,12:44:21,0,0,0,0,0,0,0,0,0,0,0,1,System OK,OK
2026-09-24,12:44:22,0,0,0,0,0,0,0,0,0,0,0,1,System OK,OK
2026-09-24,12:44:23,0,0,0,0,0,0,0,0,0,0,0,1,System OK,OK
2026-09-24,12:44:24,0,0,0,0,0,0,0,0,0,0,0,1,System OK,OK
2026-09-24,12:44:25,0,0,0,0,0,0,0,0,0,0,0,1,System OK,OK
2026-09-24,12:44:26,0,0,0,0,0,0,0,0,0,0,0,1,System OK,OK
2026-09-24,12:44:27,0,0,0,0,0,0,0,0,0,0,0,1,System OK,OK
2026-09-24,12:44:28,0,0,0,0,0,0,0,0,0,0,0,1,System OK,OK
2026-09-24,12:44:29,0,0,0,0,0,0,0,0,0,0,0,1,System OK,OK
2026-09-24,12:44:30,0,0,0,0,0,0,0,0,0,0,0,1,System OK,OK
2026-09-24,12:44:31,0,0,0,0,0,0,0,0,0,0,0,1,System OK,OK
2026-09-24,12:44:32,0,0,0,0,0,0,0,0,0,0,0,1,System OK,OK
2026-09-24,12:44:33,0,0,0,0,0,0,0,0,0,0,0,1,System OK,OK
2026-09-24,12:44:34,0,0,0,0,0,0,0,0,0,0,0,1,System OK,OK
2026-09-24,12:44:35,0,0,0,0,0,0,0,0,0,0,0,1,System OK,OK
2026-09-24,12:44:36,0,0,0,0,0,0,0,0,0,0,0,1,System OK,OK
2026-09-24,12:44:37,0,0,0,0,0,0,0,0,0,0,0,1,System OK,OK
2026-09-24,12:44:38,0,0,0,0,0,0,0,0,0,0,0,1,System OK,OK
2026-09-24,12:44:39,0,0,0,0,0,0,0,0,0,0,0,1,System OK,OK
2026-09-24,12:44:40,0,0,0,0,0,0,0,0,0,0,0,1,System OK,OK
2026-09-24,12:44:41,0,0,0,0,0,0,0,0,0,0,0,1,System OK,OK
2026-09-24,12:44:42,0,0,0,0,0,0,0,0,0,0,0,1,System OK,OK
2026-09-24,12:44:43,0,0,0,0,0,0,0,0,0,0,0,1,System OK,OK
2026-09-24,12:44:44,0,0,0,0,0,0,0,0,0,0,0,1,System OK,OK
2026-09-24,12:44:45,0,0,0,0,0,0,0,0,0,0,0,1,System OK,OK
2026-09-24,12:44:46,0,0,0,0,0,0,0,0,0,0,0,1,System OK,OK
2026-09-24,12:44:47,0,0,0,0,0,0,0,0,0,0,0,1,System OK,OK
2026-09-24,12:44:48,0,0,0,0,0,0,0,0,0,0,0,1,System OK,OK
2026-09-24,12:44:49,0,0,0,0,0,0,0,0,0,0,0,1,System OK,OK
2026-09-24,12:44:50,0,0,0,0,0,0,0,0,0,0,0,1,System OK,OK
2026-09-24,12:44:51,0,0,0,0,0,0,0,0,0,0,0,1,System OK,OK
2026-09-24,12:44:52,0,0,0,0,0,0,0,0,0,0,0,1,System OK,OK
2026-09-24,12:44:53,0,0,0,0,0,0,0,0,0,0,0,1,System OK,OK
2026-09-24,12:44:54,0,0,0,0,0,0,0,0,0,0,0,1,System OK,OK
2026-09-24,12:44:55,0,0,0,0,0,0,0,0,0,0,0,1,System OK,OK
2026-09-24,12:44:56,0,0,0,0,0,0,0,0,0,0,0,1,System OK,OK
2026-09-24,12:44:57,0,0,0,0,0,0,0,0,0,0,0,1,System OK,OK
2026-09-24,12:44:58,0,0,0,0,0,0,0,0,0,0,0,1,System OK,OK
2026-09-24,12:44:59,0,0,0,0,0,0,0,0,0,0,0,1,System OK,OK
2026-09-24,12:45:00,0,0,0,0,0,0,0,0,0,0,0,1,System OK,OK
2026-09-24,12:45:01,0,0,0,0,0,0,0,0,0,0,0,1,System OK,OK
2026-09-24,12:45:02,0,0,0,0,0,0,0,0,0,0,0,1,System OK,OK
2026-09-24,12:45:03,0,0,0,0,0,0,0,0,0,0,0,1,System OK,OK
2026-09-24,12:45:04,0,0,0,0,0,0,0,0,0,0,0,1,System OK,OK
2026-09-24,12:45:05,0,0,0,0,0,0,0,0,0,0,0,1,System OK,OK
2026-09-24,12:45:06,0,0,0,0,0,0,0,0,0,0,0,1,System OK,OK
2026-09-24,12:45:07,0,0,0,0,0,0,0,0,0,0,0,1,System OK,OK
2026-09-24,12:45:08,0,0,0,0,0,0,0,0,0,0,0,1,System OK,OK
2026-09-24,12:45:09,0,0,0,0,0,0,0,0,0,0,0,1,System OK,OK
2026-09-24,12:45:10,0,0,0,0,0,0,0,0,0,0,0,1,System OK,OK
2026-09-24,12:45:11,0,0,0,0,0,0,0,0,0,0,0,1,System OK,OK
2026-09-24,12:45:12,0,0,0,0,0,0,0,0,0,0,0,1,System OK,OK
2026-09-24,12:45:13,0,0,0,0,0,0,0,0,0,0,0,1,System OK,OK
2026-09-24,12:45:14,0,0,0,0,0,0,0,0,0,0,0,1,System OK,OK
2026-09-24,12:45:15,0,0,0,0,0,0,0,0,0,0,0,1,System OK,OK
2026-09-24,12:45:16,0,0,0,0,0,0,0,0,0,0,0,1,System OK,OK
2026-09-24,12:45:17,0,0,0,0,0,0,0,0,0,0,0,1,System OK,OK
2026-09-24,12:45:18,0,0,0,0,0,0,0,0,0,0,0,1,System OK,OK
2026-09-24,12:45:19,0,0,0,0,0,0,0,0,0,0,0,1,System OK,OK
2026-09-24,12:45:20,0,0,0,0,0,0,0,0,0,0,0,1,System OK,OK
2026-09-24,12:45:21,0,0,0,0,0,0,0,0,0,0,0,1,System OK,OK
2026-09-24,12:45:22,0,0,0,0,0,0,0,0,0,0,0,1,System OK,OK
2026-09-24,12:45:23,0,0,0,0,0,0,0,0,0,0,0,1,System OK,OK
2026-09-24,12:45:24,0,0,0,0,0,0,0,0,0,0,0,1,System OK,OK
2026-09-24,12:45:25,0,0,0,0,0,0,0,0,0,0,0,1,System OK,OK
2026-09-24,12:45:26,0,0,0,0,0,0,0,0,0,0,0,1,System OK,OK
2026-09-24,12:45:27,0,0,0,0,0,0,0,0,0,0,0,1,System OK,OK
2026-09-24,12:45:28,0,0,0,0,0,0,0,0,0,0,0,1,System OK,OK
2026-09-24,12:45:29,0,0,0,0,0,0,0,0,0,0,0,1,System OK,OK
2026-09-24,12:45:30,0,0,0,0,0,0,0,0,0,0,0,1,System OK,OK
2026-09-24,12:45:31,0,0,0,0,0,0,0,0,0,0,0,1,System OK,OK
2026-09-24,12:45:32,0,0,0,0,0,0,0,0,0,0,0,1,System OK,OK
2026-09-24,12:45:33,0,0,0,0,0,0,0,0,0,0,0,1,System OK,OK
2026-09-24,12:45:34,0,0,0,0,0,0,0,0,0,0,0,1,System OK,OK
2026-09-24,12:45:35,0,0,0,0,0,0,0,0,0,0,0,1,System OK,OK
2026-09-24,12:45:36,0,0,0,0,0,0,0,0,0,0,0,1,System OK,OK
2026-09-24,12:45:37,0,0,0,0,0,0,0,0,0,0,0,1,System OK,OK
2026-09-24,12:45:38,0,0,0,0,0,0,0,0,0,0,0,1,System OK,OK
2026-09-24,12:45:39,0,0,0,0,0,0,0,0,0,0,0,1,System OK,OK
2026-09-24,12:45:40,0,0,0,0,0,0,0,0,0,0,0,1,System OK,OK
2026-09-24,12:45:41,0,0,0,0,0,0,0,0,0,0,0,1,System OK,OK
2026-09-24,12:45:42,0,0,0,0,0,0,0,0,0,0,0,1,System OK,OK
2026-09-24,12:45:43,0,0,0,0,0,0,0,0,0,0,0,1,System OK,OK
2026-09-24,12:45:44,0,0,0,0,0,0,0,0,0,0,0,1,System OK,OK
2026-09-24,12:45:45,0,0,0,0,0,0,0,0,0,0,0,1,System OK,OK
2026-09-24,12:45:46,0,0,0,0,0,0,0,0,0,0,0,1,System OK,OK
2026-09-24,12:45:47,0,0,0,0,0,0,0,0,0,0,0,1,System OK,OK
2026-09-24,12:45:48,0,0,0,0,0,0,0,0,0,0,0,1,System OK,OK
2026-09-24,12:45:49,0,0,0,0,0,0,0,0,0,0,0,1,System OK,OK
2026-09-24,12:45:50,0,0,0,0,0,0,0,0,0,0,0,1,System OK,OK
2026-09-24,12:45:51,0,0,0,0,0,0,0,0,0,0,0,1,System OK,OK
2026-09-24,12:45:52,0,0,0,0,0,0,0,0,0,0,0,1,System OK,OK
2026-09-24,12:45:53,0,0,0,0,0,0,0,0,0,0,0,1,System OK,OK
2026-09-24,12:45:54,0,0,0,0,0,0,0,0,0,0,0,1,System OK,OK
2026-09-24,12:45:55,0,0,0,0,0,0,0,0,0,0,0,1,System OK,OK
2026-09-24,12:45:56,0,0,0,0,0,0,0,0,0,0,0,1,System OK,OK
2026-09-24,12:45:57,0,0,0,0,0,0,0,0,0,0,0,1,System OK,OK
2026-09-24,12:45:58,0,0,0,0,0,0,0,0,0,0,0,1,System OK,OK
2026-09-24,12:45:59,0,0,0,0,0,0,0,0,0,0,0,1,System OK,OK
2026-09-24,12:46:00,0,0,0,0,0,0,0,0,0,0,0,1,System OK,OK
2026-09-24,12:46:01,0,0,0,0,0,0,0,0,0,0,0,1,System OK,OK
2026-09-24,12:46:02,0,0,0,0,0,0,0,0,0,0,0,1,System OK,OK
2026-09-24,12:46:03,0,0,0,0,0,0,0,0,0,0,0,1,System OK,OK
2026-09-24,12:46:04,0,0,0,0,0,0,0,0,0,0,0,1,System OK,OK
2026-09-24,12:46:05,0,0,0,0,0,0,0,0,0,0,0,1,System OK,OK
2026-09-24,12:46:06,0,0,0,0,0,0,0,0,0,0,0,1,System OK,OK
2026-09-24,12:46:07,0,0,0,0,0,0,0,0,0,0,0,1,System OK,OK
2026-09-24,12:46:08,0,0,0,0,0,0,0,0,0,0,0,1,System OK,OK
2026-09-24,12:46:09,0,0,0,0,0,0,0,0,0,0,0,1,System OK,OK
2026-09-24,12:46:10,0,0,0,0,0,0,0,0,0,0,0,1,System OK,OK
2026-09-24,12:46:11,0,0,0,0,0,0,0,0,0,0,0,1,System OK,OK
2026-09-24,12:46:12,0,0,0,0,0,0,0,0,0,0,0,1,System OK,OK
2026-09-24,12:46:13,0,0,0,0,0,0,0,0,0,0,0,1,System OK,OK
2026-09-24,12:46:14,0,0,0,0,0,0,0,0,0,0,0,1,System OK,OK
2026-09-24,12:46:15,0,0,0,0,0,0,0,0,0,0,0,1,System OK,OK
2026-09-24,12:46:16,0,0,0,0,0,0,0,0,0,0,0,1,System OK,OK
2026-09-24,12:46:17,0,0,0,0,0,0,0,0,0,0,0,1,System OK,OK
2026-09-24,12:46:18,0,0,0,0,0,0,0,0,0,0,0,1,System OK,OK
2026-09-24,12:46:19,0,0,0,0,0,0,0,0,0,0,0,1,System OK,OK
2026-09-24,12:46:20,0,0,0,0,0,0,0,0,0,0,0,1,System OK,OK
2026-09-24,12:46:21,0,0,0,0,0,0,0,0,0,0,0,1,System OK,OK
2026-09-24,12:46:22,0,0,0,0,0,0,0,0,0,0,0,1,System OK,OK
2026-09-24,12:46:23,0,0,0,0,0,0,0,0,0,0,0,1,System OK,OK
2026-09-24,12:46:24,0,0,0,0,0,0,0,0,0,0,0,1,System OK,OK
2026-09-24,12:46:25,0,0,0,0,0,0,0,0,0,0,0,1,System OK,OK
2026-09-24,12:46:26,0,0,0,0,0,0,0,0,0,0,0,1,System OK,OK
2026-09-24,12:46:27,0,0,0,0,0,0,0,0,0,0,0,1,System OK,OK
2026-09-24,12:46:28,0,0,0,0,0,0,0,0,0,0,0,1,System OK,OK
2026-09-24,12:46:29,0,0,0,0,0,0,0,0,0,0,0,1,System OK,OK
2026-09-24,12:46:30,0,0,0,0,0,0,0,0,0,0,0,1,System OK,OK
2026-09-24,12:46:31,0,0,0,0,0,0,0,0,0,0,0,1,System OK,OK
2026-09-24,12:46:32,0,0,0,0,0,0,0,0,0,0,0,1,System OK,OK
2026-09-24,12:46:33,0,0,0,0,0,0,0,0,0,0,0,1,System OK,OK
2026-09-24,12:46:34,0,0,0,0,0,0,0,0,0,0,0,1,System OK,OK
2026-09-24,12:46:35,0,0,0,0,0,0,0,0,0,0,0,1,System OK,OK
2026-09-24,12:46:36,0,0,0,0,0,0,0,0,0,0,0,1,System OK,OK
2026-09-24,12:46:37,0,0,0,0,0,0,0,0,0,0,0,1,System OK,OK
2026-09-24,12:46:38,0,0,0,0,0,0,0,0,0,0,0,1,System OK,OK
2026-09-24,12:46:39,0,0,0,0,0,0,0,0,0,0,0,1,System OK,OK
2026-09-24,12:46:40,0,0,0,0,0,0,0,0,0,0,0,1,System OK,OK
2026-09-24,12:46:41,0,0,0,0,0,0,0,0,0,0,0,1,System OK,OK
2026-09-24,12:46:42,0,0,0,0,0,0,0,0,0,0,0,1,System OK,OK
2026-09-24,12:46:43,0,0,0,0,0,0,0,0,0,0,0,1,System OK,OK
2026-09-24,12:46:44,0,0,0,0,0,0,0,0,0,0,0,1,System OK,OK
2026-09-24,12:46:45,0,0,0,0,0,0,0,0,0,0,0,1,System OK,OK
2026-09-24,12:46:46,0,0,0,0,0,0,0,0,0,0,0,1,System OK,OK
2026-09-24,12:46:47,0,0,0,0,0,0,0,0,0,0,0,1,System OK,OK
2026-09-24,12:46:48,0,0,0,0,0,0,0,0,0,0,0,1,System OK,OK
2026-09-24,12:46:49,0,0,0,0,0,0,0,0,0,0,0,1,System OK,OK
2026-09-24,12:46:50,0,0,0,0,0,0,0,0,0,0,0,1,System OK,OK
2026-09-24,12:46:51,0,0,0,0,0,0,0,0,0,0,0,1,System OK,OK
2026-09-24,12:46:52,0,0,0,0,0,0,0,0,0,0,0,1,System OK,OK
2026-09-24,12:46:53,0,0,0,0,0,0,0,0,0,0,0,1,System OK,OK
2026-09-24,12:46:54,0,0,0,0,0,0,0,0,0,0,0,1,System OK,OK
2026-09-24,12:46:55,0,0,0,0,0,0,0,0,0,0,0,1,System OK,OK
2026-09-24,12:46:56,0,0,0,0,0,0,0,0,0,0,0,1,System OK,OK
2026-09-24,12:46:57,0,0,0,0,0,0,0,0,0,0,0,1,System OK,OK
2026-09-24,12:46:58,0,0,0,0,0,0,0,0,0,0,0,1,System OK,OK
2026-09-24,12:46:59,0,0,0,0,0,0,0,0,0,0,0,1,System OK,OK
2026-09-24,12:47:00,0,0,0,0,0,0,0,0,0,0,0,1,System OK,OK
2026-09-24,12:47:01,0,0,0,0,0,0,0,0,0,0,0,1,System OK,OK
2026-09-24,12:47:02,0,0,0,0,0,0,0,0,0,0,0,1,System OK,OK
2026-09-24,12:47:03,0,0,0,0,0,0,0,0,0,0,0,1,System OK,OK
2026-09-24,12:47:04,0,0,0,0,0,0,0,0,0,0,0,1,System OK,OK
2026-09-24,12:47:05,0,0,0,0,0,0,0,0,0,0,0,1,System OK,OK
2026-09-24,12:47:06,0,0,0,0,0,0,0,0,0,0,0,1,System OK,OK
2026-09-24,12:47:07,0,0,0,0,0,0,0,0,0,0,0,1,System OK,OK
2026-09-24,12:47:08,0,0,0,0,0,0,0,0,0,0,0,1,System OK,OK
2026-09-24,12:47:09,0,0,0,0,0,0,0,0,0,0,0,1,System OK,OK
2026-09-24,12:47:10,0,0,0,0,0,0,0,0,0,0,0,1,System OK,OK
2026-09-24,12:47:11,0,0,0,0,0,0,0,0,0,0,0,1,System OK,OK
2026-09-24,12:47:12,0,0,0,0,0,0,0,0,0,0,0,1,System OK,OK
2026-09-24,12:47:13,0,0,0,0,0,0,0,0,0,0,0,1,System OK,OK
2026-09-24,12:47:14,0,0,0,0,0,0,0,0,0,0,0,1,System OK,OK
2026-09-24,12:47:15,0,0,0,0,0,0,0,0,0,0,0,1,System OK,OK
2026-09-24,12:47:16,0,0,0,0,0,0,0,0,0,0,0,1,System OK,OK
2026-09-24,12:47:17,0,0,0,0,0,0,0,0,0,0,0,1,System OK,OK
2026-09-24,12:47:18,0,0,0,0,0,0,0,0,0,0,0,1,System OK,OK
2026-09-24,12:47:19,0,0,0,0,0,0,0,0,0,0,0,1,System OK,OK
2026-09-24,12:47:20,0,0,0,0,0,0,0,0,0,0,0,1,System OK,OK
2026-09-24,12:47:21,0,0,0,0,0,0,0,0,0,0,0,1,System OK,OK
2026-09-24,12:47:22,0,0,0,0,0,0,0,0,0,0,0,1,System OK,OK
2026-09-24,12:47:23,0,0,0,0,0,0,0,0,0,0,0,1,System OK,OK
2026-09-24,12:47:24,0,0,0,0,0,0,0,0,0,0,0,1,System OK,OK
2026-09-24,12:47:25,0,0,0,0,0,0,0,0,0,0,0,1,System OK,OK
2026-09-24,12:47:26,0,0,0,0,0,0,0,0,0,0,0,1,System OK,OK
2026-09-24,12:47:27,0,0,0,0,0,0,0,0,0,0,0,1,System OK,OK
2026-09-24,12:47:28,0,0,0,0,0,0,0,0,0,0,0,1,System OK,OK
2026-09-24,12:47:29,0,0,0,0,0,0,0,0,0,0,0,1,System OK,OK
2026-09-24,12:47:30,0,0,0,0,0,0,0,0,0,0,0,1,System OK,OK
2026-09-24,12:47:31,0,0,0,0,0,0,0,0,0,0,0,1,System OK,OK
2026-09-24,12:47:32,0,0,0,0,0,0,0,0,0,0,0,1,System OK,OK
2026-09-24,14:11:30,0,0,0,0,0,0,0,0,0,0,0,1,System OK,OK
2026-09-24,14:11:31,0,0,0,0,0,0,0,0,0,0,0,1,System OK,OK
2026-09-24,14:11:32,0,0,0,0,0,0,0,0,0,0,0,1,System OK,OK
2026-09-24,14:11:33,0,0,0,0,0,0,0,0,0,0,0,1,System OK,OK
2026-09-24,14:11:34,0,0,0,0,0,0,0,0,0,0,0,1,System OK,OK
2026-09-24,14:11:35,0,0,0,0,0,0,0,0,0,0,0,1,System OK,OK
2026-09-24,14:11:36,0,0,0,0,0,0,0,0,0,0,0,1,System OK,OK
2026-09-24,14:11:37,0,0,0,0,0,0,0,0,0,0,0,1,System OK,OK
2026-09-24,14:11:38,0,0,0,0,0,0,0,0,0,0,0,1,System OK,OK
2026-09-24,14:11:39,0,0,0,0,0,0,0,0,0,0,0,1,System OK,OK
2026-09-24,14:11:40,0,0,0,0,0,0,0,0,0,0,0,1,System OK,OK
2026-09-24,14:11:41,0,0,0,0,0,0,0,0,0,0,0,1,System OK,OK
2026-09-24,14:11:42,0,0,0,0,0,0,0,0,0,0,0,1,System OK,OK
2026-09-24,14:11:43,0,0,0,0,0,0,0,0,0,0,0,1,System OK,OK
2026-09-24,14:11:44,0,0,0,0,0,0,0,0,0,0,0,1,System OK,OK
2026-09-24,14:11:45,0,0,0,0,0,0,0,0,0,0,0,1,System OK,OK
2026-09-24,14:11:46,0,0,0,0,0,0,0,0,0,0,0,1,System OK,OK
2026-09-24,14:11:47,0,0,0,0,0,0,0,0,0,0,0,1,System OK,OK
2026-09-24,14:11:48,0,0,0,0,0,0,0,0,0,0,0,1,System OK,OK
2026-09-24,14:11:49,0,0,0,0,0,0,0,0,0,0,0,1,System OK,OK
2026-09-24,14:11:50,0,0,0,0,0,0,0,0,0,0,0,1,System OK,OK
2026-09-24,14:11:51,0,0,0,0,0,0,0,0,0,0,0,1,System OK,OK
2026-09-24,14:11:52,0,0,0,0,0,0,0,0,0,0,0,1,System OK,OK
2026-09-24,14:11:53,0,0,0,0,0,0,0,0,0,0,0,1,System OK,OK
2026-09-24,14:11:54,0,0,0,0,0,0,0,0,0,0,0,1,System OK,OK
2026-09-24,14:11:55,0,0,0,0,0,0,0,0,0,0,0,1,System OK,OK
2026-09-24,14:11:56,0,0,0,0,0,0,0,0,0,0,0,1,System OK,OK
2026-09-24,14:11:57,0,0,0,0,0,0,0,0,0,0,0,1,System OK,OK
2026-09-24,14:11:58,0,0,0,0,0,0,0,0,0,0,0,1,System OK,OK
2026-09-24,14:11:59,0,0,0,0,0,0,0,0,0,0,0,1,System OK,OK
2026-09-24,14:12:00,0,0,0,0,0,0,0,0,0,0,0,1,System OK,OK
2026-09-24,14:12:01,0,0,0,0,0,0,0,0,0,0,0,1,System OK,OK
2026-09-24,14:12:02,0,0,0,0,0,0,0,0,0,0,0,1,System OK,OK
2026-09-24,14:12:03,0,0,0,0,0,0,0,0,0,0,0,1,System OK,OK
2026-09-24,14:12:04,0,0,0,0,0,0,0,0,0,0,0,1,System OK,OK
2026-09-24,14:12:05,0,0,0,0,0,0,0,0,0,0,0,1,System OK,OK
2026-09-24,14:12:06,0,0,0,0,0,0,0,0,0,0,0,1,System OK,OK
2026-09-24,14:12:07,0,0,0,0,0,0,0,0,0,0,0,1,System OK,OK
2026-09-24,14:12:08,0,0,0,0,0,0,0,0,0,0,0,1,System OK,OK
2026-09-24,14:12:09,0,0,0,0,0,0,0,0,0,0,0,1,System OK,OK
2026-09-24,14:12:10,0,0,0,0,0,0,0,0,0,0,0,1,System OK,OK
2026-09-24,14:12:11,0,0,0,0,0,0,0,0,0,0,0,1,System OK,OK
2026-09-24,14:12:12,0,0,0,0,0,0,0,0,0,0,0,1,System OK,OK
2026-09-24,14:12:13,0,0,0,0,0,0,0,0,0,0,0,1,System OK,OK
2026-09-24,14:12:14,0,0,0,0,0,0,0,0,0,0,0,1,System OK,OK
2026-09-24,14:12:15,0,0,0,0,0,0,0,0,0,0,0,1,System OK,OK
2026-09-24,14:12:16,0,0,0,0,0,0,0,0,0,0,0,1,System OK,OK
2026-09-24,14:12:17,0,0,0,0,0,0,0,0,0,0,0,1,System OK,OK
2026-09-24,14:12:18,0,0,0,0,0,0,0,0,0,0,0,1,System OK,OK
2026-09-24,14:12:19,0,0,0,0,0,0,0,0,0,0,0,1,System OK,OK
2026-09-24,14:12:20,0,0,0,0,0,0,0,0,0,0,0,1,System OK,OK
2026-09-24,14:12:21,0,0,0,0,0,0,0,0,0,0,0,1,System OK,OK
2026-09-24,14:12:22,0,0,0,0,0,0,0,0,0,0,0,1,System OK,OK
2026-09-24,14:12:23,0,0,0,0,0,0,0,0,0,0,0,1,System OK,OK
2026-09-24,14:12:24,0,0,0,0,0,0,0,0,0,0,0,1,System OK,OK
2026-09-24,14:12:25,0,0,0,0,0,0,0,0,0,0,0,1,System OK,OK
2026-09-24,14:12:26,0,0,0,0,0,0,0,0,0,0,0,1,System OK,OK
2026-09-24,14:12:27,0,0,0,0,0,0,0,0,0,0,0,1,System OK,OK
2026-09-24,14:12:28,0,0,0,0,0,0,0,0,0,0,0,1,System OK,OK
2026-09-24,14:12:29,0,0,0,0,0,0,0,0,0,0,0,1,System OK,OK
2026-09-24,14:12:30,0,0,0,0,0,0,0,0,0,0,0,1,System OK,OK
2026-09-24,14:12:31,0,0,0,0,0,0,0,0,0,0,0,1,System OK,OK
2026-09-24,14:12:32,0,0,0,0,0,0,0,0,0,0,0,1,System OK,OK
2026-09-24,14:12:33,0,0,0,0,0,0,0,0,0,0,0,1,System OK,OK
2026-09-24,14:12:34,0,0,0,0,0,0,0,0,0,0,0,1,System OK,OK
2026-09-24,14:12:35,0,0,0,0,0,0,0,0,0,0,0,1,System OK,OK
2026-09-24,14:12:36,0,0,0,0,0,0,0,0,0,0,0,1,System OK,OK
2026-09-24,14:12:37,0,0,0,0,0,0,0,0,0,0,0,1,System OK,OK
2026-09-24,14:12:38,0,0,0,0,0,0,0,0,0,0,0,1,System OK,OK
2026-09-24,14:12:39,0,0,0,0,0,0,0,0,0,0,0,1,System OK,OK
2026-09-24,14:12:40,0,0,0,0,0,0,0,0,0,0,0,1,System OK,OK
2026-09-24,14:12:41,0,0,0,0,0,0,0,0,0,0,0,1,System OK,OK
2026-09-24,14:12:42,0,0,0,0,0,0,0,0,0,0,0,1,System OK,OK
2026-09-24,14:12:43,0,0,0,0,0,0,0,0,0,0,0,1,System OK,OK
2026-09-24,14:12:44,0,0,0,0,0,0,0,0,0,0,0,1,System OK,OK
2026-09-24,14:12:45,0,0,0,0,0,0,0,0,0,0,0,1,System OK,OK
2026-09-24,14:12:46,0,0,0,0,0,0,0,0,0,0,0,1,System OK,OK
2026-09-24,14:12:47,0,0,0,0,0,0,0,0,0,0,0,1,System OK,OK
2026-09-24,14:12:48,0,0,0,0,0,0,0,0,0,0,0,1,System OK,OK
2026-09-24,14:12:49,0,0,0,0,0,0,0,0,0,0,0,1,System OK,OK
2026-09-24,14:12:50,0,0,0,0,0,0,0,0,0,0,0,1,System OK,OK
2026-09-24,14:12:51,0,0,0,0,0,0,0,0,0,0,0,1,System OK,OK
2026-09-24,14:12:52,0,0,0,0,0,0,0,0,0,0,0,1,System OK,OK
2026-09-24,14:12:53,0,0,0,0,0,0,0,0,0,0,0,1,System OK,OK
2026-09-24,14:12:54,0,0,0,0,0,0,0,0,0,0,0,1,System OK,OK
2026-09-24,14:12:55,0,0,0,0,0,0,0,0,0,0,0,1,System OK,OK
2026-09-24,14:12:56,0,0,0,0,0,0,0,0,0,0,0,1,System OK,OK
2026-09-24,14:12:57,0,0,0,0,0,0,0,0,0,0,0,1,System OK,OK
2026-09-24,14:12:58,0,0,0,0,0,0,0,0,0,0,0,1,System OK,OK
2026-09-24,14:12:59,0,0,0,0,0,0,0,0,0,0,0,1,System OK,OK
2026-09-24,14:13:00,0,0,0,0,0,0,0,0,0,0,0,1,System OK,OK
2026-09-24,14:13:01,0,0,0,0,0,0,0,0,0,0,0,1,System OK,OK
2026-09-24,14:13:02,0,0,0,0,0,0,0,0,0,0,0,1,System OK,OK
2026-09-24,14:13:03,0,0,0,0,0,0,0,0,0,0,0,1,System OK,OK
2026-09-24,14:13:04,0,0,0,0,0,0,0,0,0,0,0,1,System OK,OK
2026-09-24,14:13:05,0,0,0,0,0,0,0,0,0,0,0,1,System OK,OK
2026-09-24,14:13:06,0,0,0,0,0,0,0,0,0,0,0,1,System OK,OK
2026-09-24,14:13:07,0,0,0,0,0,0,0,0,0,0,0,1,System OK,OK
2026-09-24,14:13:08,0,0,0,0,0,0,0,0,0,0,0,1,System OK,OK
2026-09-24,14:13:09,0,0,0,0,0,0,0,0,0,0,0,1,System OK,OK
2026-09-24,14:13:10,0,0,0,0,0,0,0,0,0,0,0,1,System OK,OK
2026-09-24,14:13:11,0,0,0,0,0,0,0,0,0,0,0,1,System OK,OK
2026-09-24,14:13:12,0,0,0,0,0,0,0,0,0,0,0,1,System OK,OK
2026-09-24,14:13:13,0,0,0,0,0,0,0,0,0,0,0,1,System OK,OK
2026-09-24,14:13:14,0,0,0,0,0,0,0,0,0,0,0,1,System OK,OK
2026-09-24,14:13:15,0,0,0,0,0,0,0,0,0,0,0,1,System OK,OK
2026-09-24,14:13:16,0,0,0,0,0,0,0,0,0,0,0,1,System OK,OK
2026-09-24,14:13:17,0,0,0,0,0,0,0,0,0,0,0,1,System OK,OK
2026-09-24,14:13:18,0,0,0,0,0,0,0,0,0,0,0,1,System OK,OK
2026-09-24,14:13:19,0,0,0,0,0,0,0,0,0,0,0,1,System OK,OK
2026-09-24,14:13:20,0,0,0,0,0,0,0,0,0,0,0,1,System OK,OK
2026-09-24,14:13:21,0,0,0,0,0,0,0,0,0,0,0,1,System OK,OK
2026-09-24,14:13:22,0,0,0,0,0,0,0,0,0,0,0,1,System OK,OK
2026-09-24,14:13:23,0,0,0,0,0,0,0,0,0,0,0,1,System OK,OK
2026-09-24,14:13:24,0,0,0,0,0,0,0,0,0,0,0,1,System OK,OK
2026-09-24,14:13:25,0,0,0,0,0,0,0,0,0,0,0,1,System OK,OK
2026-09-24,14:13:26,0,0,0,0,0,0,0,0,0,0,0,1,System OK,OK
2026-09-24,14:13:27,0,0,0,0,0,0,0,0,0,0,0,1,System OK,OK
2026-09-24,14:13:28,0,0,0,0,0,0,0,0,0,0,0,1,System OK,OK
2026-09-24,14:13:29,0,0,0,0,0,0,0,0,0,0,0,1,System OK,OK
2026-09-24,14:13:30,0,0,0,0,0,0,0,0,0,0,0,1,System OK,OK
2026-09-24,14:13:31,0,0,0,0,0,0,0,0,0,0,0,1,System OK,OK
2026-09-24,14:13:32,0,0,0,0,0,0,0,0,0,0,0,1,System OK,OK
2026-09-24,14:13:33,0,0,0,0,0,0,0,0,0,0,0,1,System OK,OK
2026-09-24,14:13:34,0,0,0,0,0,0,0,0,0,0,0,1,System OK,OK
2026-09-24,14:13:35,0,0,0,0,0,0,0,0,0,0,0,1,System OK,OK
2026-09-24,14:13:36,0,0,0,0,0,0,0,0,0,0,0,1,System OK,OK
2026-09-24,14:13:37,0,0,0,0,0,0,0,0,0,0,0,1,System OK,OK
2026-09-24,14:13:38,0,0,0,0,0,0,0,0,0,0,0,1,System OK,OK
2026-09-24,14:13:39,0,0,0,0,0,0,0,0,0,0,0,1,System OK,OK
2026-09-24,14:13:40,0,0,0,0,0,0,0,0,0,0,0,1,System OK,OK
2026-09-24,14:13:41,0,0,0,0,0,0,0,0,0,0,0,1,System OK,OK
2026-09-24,14:13:42,0,0,0,0,0,0,0,0,0,0,0,1,System OK,OK
2026-09-24,14:13:43,0,0,0,0,0,0,0,0,0,0,0,1,System OK,OK
2026-09-24,14:13:44,0,0,0,0,0,0,0,0,0,0,0,1,System OK,OK
2026-09-24,14:13:45,0,0,0,0,0,0,0,0,0,0,0,1,System OK,OK
2026-09-24,14:13:46,0,0,0,0,0,0,0,0,0,0,0,1,System OK,OK
2026-09-24,14:13:47,0,0,0,0,0,0,0,0,0,0,0,1,System OK,OK
2026-09-24,14:13:48,0,0,0,0,0,0,0,0,0,0,0,1,System OK,OK
2026-09-24,14:13:49,0,0,0,0,0,0,0,0,0,0,0,1,System OK,OK
2026-09-24,14:13:50,0,0,0,0,0,0,0,0,0,0,0,1,System OK,OK
2026-09-24,14:13:51,0,0,0,0,0,0,0,0,0,0,0,1,System OK,OK
2026-09-24,14:13:52,0,0,0,0,0,0,0,0,0,0,0,1,System OK,OK
2026-09-24,14:13:53,0,0,0,0,0,0,0,0,0,0,0,1,System OK,OK
2026-09-24,14:13:54,0,0,0,0,0,0,0,0,0,0,0,1,System OK,OK
2026-09-24,14:13:55,0,0,0,0,0,0,0,0,0,0,0,1,System OK,OK
2026-09-24,14:13:56,0,0,0,0,0,0,0,0,0,0,0,1,System OK,OK
2026-09-24,14:13:57,0,0,0,0,0,0,0,0,0,0,0,1,System OK,OK
2026-09-24,14:13:58,0,0,0,0,0,0,0,0,0,0,0,1,System OK,OK
2026-09-24,14:13:59,0,0,0,0,0,0,0,0,0,0,0,1,System OK,OK
2026-09-24,14:14:00,0,0,0,0,0,0,0,0,0,0,0,1,System OK,OK
2026-09-24,14:14:01,0,0,0,0,0,0,0,0,0,0,0,1,System OK,OK
2026-09-24,14:14:02,0,0,0,0,0,0,0,0,0,0,0,1,System OK,OK
2026-09-24,14:14:03,0,0,0,0,0,0,0,0,0,0,0,1,System OK,OK
2026-09-24,14:14:04,0,0,0,0,0,0,0,0,0,0,0,1,System OK,OK
2026-09-24,14:14:05,0,0,0,0,0,0,0,0,0,0,0,1,System OK,OK
2026-09-24,14:14:06,0,0,0,0,0,0,0,0,0,0,0,1,System OK,OK
2026-09-24,14:14:07,0,0,0,0,0,0,0,0,0,0,0,1,System OK,OK
2026-09-24,14:14:08,0,0,0,0,0,0,0,0,0,0,0,1,System OK,OK
2026-09-24,14:14:09,0,0,0,0,0,0,0,0,0,0,0,1,System OK,OK
2026-09-24,14:14:10,0,0,0,0,0,0,0,0,0,0,0,1,System OK,OK
2026-09-24,14:14:11,0,0,0,0,0,0,0,0,0,0,0,1,System OK,OK
2026-09-24,14:14:12,0,0,0,0,0,0,0,0,0,0,0,1,System OK,OK
2026-09-24,14:14:13,0,0,0,0,0,0,0,0,0,0,0,1,System OK,OK
2026-09-24,14:14:14,0,0,0,0,0,0,0,0,0,0,0,1,System OK,OK
2026-09-24,14:14:15,0,0,0,0,0,0,0,0,0,0,0,1,System OK,OK
2026-09-24,14:14:16,0,0,0,0,0,0,0,0,0,0,0,1,System OK,OK
2026-09-24,14:14:17,0,0,0,0,0,0,0,0,0,0,0,1,System OK,OK
2026-09-24,14:14:18,0,0,0,0,0,0,0,0,0,0,0,1,System OK,OK
2026-09-24,14:14:19,0,0,0,0,0,0,0,0,0,0,0,1,System OK,OK
2026-09-24,14:14:20,0,0,0,0,0,0,0,0,0,0,0,1,System OK,OK
2026-09-24,14:14:21,0,0,0,0,0,0,0,0,0,0,0,1,System OK,OK
2026-09-24,14:14:22,0,0,0,0,0,0,0,0,0,0,0,1,System OK,OK
2026-09-24,14:14:23,0,0,0,0,0,0,0,0,0,0,0,1,System OK,OK
2026-09-24,14:14:24,0,0,0,0,0,0,0,0,0,0,0,1,System OK,OK
2026-09-24,14:14:25,0,0,0,0,0,0,0,0,0,0,0,1,System OK,OK
2026-09-24,14:14:26,0,0,0,0,0,0,0,0,0,0,0,1,System OK,OK
2026-09-24,14:14:27,0,0,0,0,0,0,0,0,0,0,0,1,System OK,OK
2026-09-24,14:14:28,0,0,0,0,0,0,0,0,0,0,0,1,System OK,OK
2026-09-24,14:14:29,0,0,0,0,0,0,0,0,0,0,0,1,System OK,OK
2026-09-24,14:14:30,0,0,0,0,0,0,0,0,0,0,0,1,System OK,OK
2026-09-24,14:14:31,0,0,0,0,0,0,0,0,0,0,0,1,System OK,OK
2026-09-24,14:14:32,0,0,0,0,0,0,0,0,0,0,0,1,System OK,OK
2026-09-24,14:14:33,0,0,0,0,0,0,0,0,0,0,0,1,System OK,OK
2026-09-24,14:14:34,0,0,0,0,0,0,0,0,0,0,0,1,System OK,OK
2026-09-24,14:14:35,0,0,0,0,0,0,0,0,0,0,0,1,System OK,OK
2026-09-24,14:14:36,0,0,0,0,0,0,0,0,0,0,0,1,System OK,OK
2026-09-24,14:14:37,0,0,0,0,0,0,0,0,0,0,0,1,System OK,OK
2026-09-24,14:14:38,0,0,0,0,0,0,0,0,0,0,0,1,System OK,OK
2026-09-24,14:14:39,0,0,0,0,0,0,0,0,0,0,0,1,System OK,OK
2026-09-24,14:14:40,0,0,0,0,0,0,0,0,0,0,0,1,System OK,OK
2026-09-24,14:14:41,0,0,0,0,0,0,0,0,0,0,0,1,System OK,OK
2026-09-24,14:14:42,0,0,0,0,0,0,0,0,0,0,0,1,System OK,OK
2026-09-24,14:14:43,0,0,0,0,0,0,0,0,0,0,0,1,System OK,OK
2026-09-24,14:14:44,0,0,0,0,0,0,0,0,0,0,0,1,System OK,OK
2026-09-24,14:14:45,0,0,0,0,0,0,0,0,0,0,0,1,System OK,OK
2026-09-24,14:14:46,0,0,0,0,0,0,0,0,0,0,0,1,System OK,OK
2026-09-24,14:14:47,0,0,0,0,0,0,0,0,0,0,0,1,System OK,OK
2026-09-24,14:14:48,0,0,0,0,0,0,0,0,0,0,0,1,System OK,OK
2026-09-24,14:14:49,0,0,0,0,0,0,0,0,0,0,0,1,System OK,OK
2026-09-24,14:14:50,0,0,0,0,0,0,0,0,0,0,0,1,System OK,OK
2026-09-24,14:14:51,0,0,0,0,0,0,0,0,0,0,0,1,System OK,OK
2026-09-24,14:14:52,0,0,0,0,0,0,0,0,0,0,0,1,System OK,OK
2026-09-24,14:14:53,0,0,0,0,0,0,0,0,0,0,0,1,System OK,OK
2026-09-24,14:14:54,0,0,0,0,0,0,0,0,0,0,0,1,System OK,OK
2026-09-24,14:14:55,0,0,0,0,0,0,0,0,0,0,0,1,System OK,OK
2026-09-24,14:14:56,0,0,0,0,0,0,0,0,0,0,0,1,System OK,OK
2026-09-24,14:14:57,0,0,0,0,0,0,0,0,0,0,0,1,System OK,OK
2026-09-24,14:14:58,0,0,0,0,0,0,0,0,0,0,0,1,System OK,OK
2026-09-24,14:14:59,0,0,0,0,0,0,0,0,0,0,0,1,System OK,OK
2026-09-24,14:15:00,0,0,0,0,0,0,0,0,0,0,0,1,System OK,OK
2026-09-24,14:15:01,0,0,0,0,0,0,0,0,0,0,0,1,System OK,OK
2026-09-24,14:15:02,0,0,0,0,0,0,0,0,0,0,0,1,System OK,OK
2026-09-24,14:15:03,0,0,0,0,0,0,0,0,0,0,0,1,System OK,OK
2026-09-24,14:15:04,0,0,0,0,0,0,0,0,0,0,0,1,System OK,OK
2026-09-24,14:15:05,0,0,0,0,0,0,0,0,0,0,0,1,System OK,OK
2026-09-24,14:15:06,0,0,0,0,0,0,0,0,0,0,0,1,System OK,OK
2026-09-24,14:15:07,0,0,0,0,0,0,0,0,0,0,0,1,System OK,OK
2026-09-24,14:15:08,0,0,0,0,0,0,0,0,0,0,0,1,System OK,OK
2026-09-24,14:15:09,0,0,0,0,0,0,0,0,0,0,0,1,System OK,OK
2026-09-24,14:15:10,0,0,0,0,0,0,0,0,0,0,0,1,System OK,OK
2026-09-24,14:15:11,0,0,0,0,0,0,0,0,0,0,0,1,System OK,OK
2026-09-24,14:15:12,0,0,0,0,0,0,0,0,0,0,0,1,System OK,OK
2026-09-24,14:15:13,0,0,0,0,0,0,0,0,0,0,0,1,System OK,OK
2026-09-24,14:15:14,0,0,0,0,0,0,0,0,0,0,0,1,System OK,OK
2026-09-24,14:15:15,0,0,0,0,0,0,0,0,0,0,0,1,System OK,OK
2026-09-24,14:15:16,0,0,0,0,0,0,0,0,0,0,0,1,System OK,OK
2026-09-24,14:15:17,0,0,0,0,0,0,0,0,0,0,0,1,System OK,OK
2026-09-24,14:15:18,0,0,0,0,0,0,0,0,0,0,0,1,System OK,OK
2026-09-24,14:15:19,0,0,0,0,0,0,0,0,0,0,0,1,System OK,OK
2026-09-24,14:15:20,0,0,0,0,0,0,0,0,0,0,0,1,System OK,OK
2026-09-24,14:15:21,0,0,0,0,0,0,0,0,0,0,0,1,System OK,OK
2026-09-24,14:15:22,0,0,0,0,0,0,0,0,0,0,0,1,System OK,OK
2026-09-24,14:15:23,0,0,0,0,0,0,0,0,0,0,0,1,System OK,OK
2026-09-24,14:15:24,0,0,0,0,0,0,0,0,0,0,0,1,System OK,OK
2026-09-24,14:15:25,0,0,0,0,0,0,0,0,0,0,0,1,System OK,OK
2026-09-24,14:15:26,0,0,0,0,0,0,0,0,0,0,0,1,System OK,OK
2026-09-24,14:15:27,0,0,0,0,0,0,0,0,0,0,0,1,System OK,OK
2026-09-24,14:15:28,0,0,0,0,0,0,0,0,0,0,0,1,System OK,OK
2026-09-24,14:15:29,0,0,0,0,0,0,0,0,0,0,0,1,System OK,OK
2026-09-24,14:15:30,0,0,0,0,0,0,0,0,0,0,0,1,System OK,OK
2026-09-24,14:15:31,0,0,0,0,0,0,0,0,0,0,0,1,System OK,OK
2026-09-24,14:15:32,0,0,0,0,0,0,0,0,0,0,0,1,System OK,OK
2026-09-24,14:15:33,0,0,0,0,0,0,0,0,0,0,0,1,System OK,OK
2026-09-24,14:15:34,0,0,0,0,0,0,0,0,0,0,0,1,System OK,OK
2026-09-24,14:15:35,0,0,0,0,0,0,0,0,0,0,0,1,System OK,OK
2026-09-24,14:15:36,0,0,0,0,0,0,0,0,0,0,0,1,System OK,OK
2026-09-24,14:15:37,0,0,0,0,0,0,0,0,0,0,0,1,System OK,OK
2026-09-24,14:15:38,0,0,0,0,0,0,0,0,0,0,0,1,System OK,OK
2026-09-24,14:15:39,0,0,0,0,0,0,0,0,0,0,0,1,System OK,OK
2026-09-24,14:15:40,0,0,0,0,0,0,0,0,0,0,0,1,System OK,OK
2026-09-24,14:15:41,0,0,0,0,0,0,0,0,0,0,0,1,System OK,OK
2026-09-24,14:15:42,0,0,0,0,0,0,0,0,0,0,0,1,System OK,OK
2026-09-24,14:15:43,0,0,0,0,0,0,0,0,0,0,0,1,System OK,OK
2026-09-24,14:15:44,0,0,0,0,0,0,0,0,0,0,0,1,System OK,OK
2026-09-24,14:15:45,0,0,0,0,0,0,0,0,0,0,0,1,System OK,OK
2026-09-24,14:15:46,0,0,0,0,0,0,0,0,0,0,0,1,System OK,OK
2026-09-24,14:15:47,0,0,0,0,0,0,0,0,0,0,0,1,System OK,OK
2026-09-24,14:15:48,0,0,0,0,0,0,0,0,0,0,0,1,System OK,OK
2026-09-24,14:15:49,0,0,0,0,0,0,0,0,0,0,0,1,System OK,OK
2026-09-24,14:15:50,0,0,0,0,0,0,0,0,0,0,0,1,System OK,OK
2026-09-24,14:15:51,0,0,0,0,0,0,0,0,0,0,0,1,System OK,OK
2026-09-24,14:15:52,0,0,0,0,0,0,0,0,0,0,0,1,System OK,OK
2026-09-24,14:15:53,0,0,0,0,0,0,0,0,0,0,0,1,System OK,OK
2026-09-24,14:15:54,0,0,0,0,0,0,0,0,0,0,0,1,System OK,OK
2026-09-24,14:15:55,0,0,0,0,0,0,0,0,0,0,0,1,System OK,OK
2026-09-24,14:15:56,0,0,0,0,0,0,0,0,0,0,0,1,System OK,OK
2026-09-24,14:15:57,0,0,0,0,0,0,0,0,0,0,0,1,System OK,OK
2026-09-24,14:15:58,0,0,0,0,0,0,0,0,0,0,0,1,System OK,OK
2026-09-24,14:15:59,0,0,0,0,0,0,0,0,0,0,0,1,System OK,OK
2026-09-24,14:16:00,0,0,0,0,0,0,0,0,0,0,0,1,System OK,OK
2026-09-24,14:16:01,0,0,0,0,0,0,0,0,0,0,0,1,System OK,OK
2026-09-24,14:16:02,0,0,0,0,0,0,0,0,0,0,0,1,System OK,OK
2026-09-24,14:16:03,0,0,0,0,0,0,0,0,0,0,0,1,System OK,OK
2026-09-24,14:16:04,0,0,0,0,0,0,0,0,0,0,0,1,System OK,OK
2026-09-24,14:16:05,0,0,0,0,0,0,0,0,0,0,0,1,System OK,OK
2026-09-24,14:16:06,0,0,0,0,0,0,0,0,0,0,0,1,System OK,OK
2026-09-24,14:16:07,0,0,0,0,0,0,0,0,0,0,0,1,System OK,OK
2026-09-24,14:16:08,0,0,0,0,0,0,0,0,0,0,0,1,System OK,OK
2026-09-24,14:16:09,0,0,0,0,0,0,0,0,0,0,0,1,System OK,OK
2026-09-24,14:16:10,0,0,0,0,0,0,0,0,0,0,0,1,System OK,OK
2026-09-24,14:16:11,0,0,0,0,0,0,0,0,0,0,0,1,System OK,OK
2026-09-24,14:16:12,0,0,0,0,0,0,0,0,0,0,0,1,System OK,OK
2026-09-24,14:16:13,0,0,0,0,0,0,0,0,0,0,0,1,System OK,OK
2026-09-24,14:16:14,0,0,0,0,0,0,0,0,0,0,0,1,System OK,OK
2026-09-24,14:16:15,0,0,0,0,0,0,0,0,0,0,0,1,System OK,OK
2026-09-24,14:16:16,0,0,0,0,0,0,0,0,0,0,0,1,System OK,OK
2026-09-24,14:16:17,0,0,0,0,0,0,0,0,0,0,0,1,System OK,OK
2026-09-24,14:16:18,0,0,0,0,0,0,0,0,0,0,0,1,System OK,OK
2026-09-24,14:16:19,0,0,0,0,0,0,0,0,0,0,0,1,System OK,OK
2026-09-24,14:16:20,0,0,0,0,0,0,0,0,0,0,0,1,System OK,OK
2026-09-24,14:16:21,0,0,0,0,0,0,0,0,0,0,0,1,System OK,OK
2026-09-24,14:16:22,0,0,0,0,0,0,0,0,0,0,0,1,System OK,OK
2026-09-24,14:16:23,0,0,0,0,0,0,0,0,0,0,0,1,System OK,OK
2026-09-24,14:16:24,0,0,0,0,0,0,0,0,0,0,0,1,System OK,OK
2026-09-24,14:16:25,0,0,0,0,0,0,0,0,0,0,0,1,System OK,OK
2026-09-24,14:16:26,0,0,0,0,0,0,0,0,0,0,0,1,System OK,OK
2026-09-24,14:16:27,0,0,0,0,0,0,0,0,0,0,0,1,System OK,OK
2026-09-24,14:16:28,0,0,0,0,0,0,0,0,0,0,0,1,System OK,OK
2026-09-24,14:16:29,0,0,0,0,0,0,0,0,0,0,0,1,System OK,OK
2026-09-24,14:16:30,0,0,0,0,0,0,0,0,0,0,0,1,System OK,OK
2026-09-24,14:16:31,0,0,0,0,0,0,0,0,0,0,0,1,System OK,OK
2026-09-24,14:16:32,0,0,0,0,0,0,0,0,0,0,0,1,System OK,OK
2026-09-24,14:16:33,0,0,0,0,0,0,0,0,0,0,0,1,System OK,OK
2026-09-24,14:16:34,0,0,0,0,0,0,0,0,0,0,0,1,System OK,OK
2026-09-24,14:16:35,0,0,0,0,0,0,0,0,0,0,0,1,System OK,OK
2026-09-24,14:16:36,0,0,0,0,0,0,0,0,0,0,0,1,System OK,OK
2026-09-24,14:16:37,0,0,0,0,0,0,0,0,0,0,0,1,System OK,OK
2026-09-24,14:16:38,0,0,0,0,0,0,0,0,0,0,0,1,System OK,OK
2026-09-24,14:16:39,0,0,0,0,0,0,0,0,0,0,0,1,System OK,OK
2026-09-24,14:16:40,0,0,0,0,0,0,0,0,0,0,0,1,System OK,OK
2026-09-24,14:16:41,0,0,0,0,0,0,0,0,0,0,0,1,System OK,OK
2026-09-24,14:16:42,0,0,0,0,0,0,0,0,0,0,0,1,System OK,OK
2026-09-24,14:16:43,0,0,0,0,0,0,0,0,0,0,0,1,System OK,OK
2026-09-24,14:16:44,0,0,0,0,0,0,0,0,0,0,0,1,System OK,OK
2026-09-24,14:16:45,0,0,0,0,0,0,0,0,0,0,0,1,System OK,OK
2026-09-24,14:16:46,0,0,0,0,0,0,0,0,0,0,0,1,System OK,OK
2026-09-24,14:16:47,0,0,0,0,0,0,0,0,0,0,0,1,System OK,OK
2026-09-24,14:16:48,0,0,0,0,0,0,0,0,0,0,0,1,System OK,OK
2026-09-24,14:16:49,0,0,0,0,0,0,0,0,0,0,0,1,System OK,OK
2026-09-24,14:16:50,0,0,0,0,0,0,0,0,0,0,0,1,System OK,OK
2026-09-24,14:16:51,0,0,0,0,0,0,0,0,0,0,0,1,System OK,OK
2026-09-24,14:16:52,0,0,0,0,0,0,0,0,0,0,0,1,System OK,OK
2026-09-24,14:16:53,0,0,0,0,0,0,0,0,0,0,0,1,System OK,OK
2026-09-24,14:16:54,0,0,0,0,0,0,0,0,0,0,0,1,System OK,OK
2026-09-24,14:16:55,0,0,0,0,0,0,0,0,0,0,0,1,System OK,OK
2026-09-24,14:16:56,0,0,0,0,0,0,0,0,0,0,0,1,System OK,OK
2026-09-24,14:16:57,0,0,0,0,0,0,0,0,0,0,0,1,System OK,OK
2026-09-24,14:16:58,0,0,0,0,0,0,0,0,0,0,0,1,System OK,OK
2026-09-24,14:16:59,0,0,0,0,0,0,0,0,0,0,0,1,System OK,OK
2026-09-24,14:17:00,0,0,0,0,0,0,0,0,0,0,0,1,System OK,OK
2026-09-24,14:17:01,0,0,0,0,0,0,0,0,0,0,0,1,System OK,OK
2026-09-24,14:17:02,0,0,0,0,0,0,0,0,0,0,0,1,System OK,OK
2026-09-24,14:17:03,0,0,0,0,0,0,0,0,0,0,0,1,System OK,OK
2026-09-24,14:17:04,0,0,0,0,0,0,0,0,0,0,0,1,System OK,OK
2026-09-24,14:17:05,0,0,0,0,0,0,0,0,0,0,0,1,System OK,OK
2026-09-24,14:17:06,0,0,0,0,0,0,0,0,0,0,0,1,System OK,OK
2026-09-24,14:17:07,0,0,0,0,0,0,0,0,0,0,0,1,System OK,OK
2026-09-24,14:17:08,0,0,0,0,0,0,0,0,0,0,0,1,System OK,OK
2026-09-24,14:17:09,0,0,0,0,0,0,0,0,0,0,0,1,System OK,OK
2026-09-24,14:17:10,0,0,0,0,0,0,0,0,0,0,0,1,System OK,OK
2026-09-24,14:17:11,0,0,0,0,0,0,0,0,0,0,0,1,System OK,OK
2026-09-24,14:17:12,0,0,0,0,0,0,0,0,0,0,0,1,System OK,OK
2026-09-24,14:17:13,0,0,0,0,0,0,0,0,0,0,0,1,System OK,OK
2026-09-24,14:17:14,0,0,0,0,0,0,0,0,0,0,0,1,System OK,OK
2026-09-24,14:17:15,0,0,0,0,0,0,0,0,0,0,0,1,System OK,OK
2026-09-24,14:17:16,0,0,0,0,0,0,0,0,0,0,0,1,System OK,OK
2026-09-24,14:17:17,0,0,0,0,0,0,0,0,0,0,0,1,System OK,OK
2026-09-24,14:17:18,0,0,0,0,0,0,0,0,0,0,0,1,System OK,OK
2026-09-24,14:17:19,0,0,0,0,0,0,0,0,0,0,0,1,System OK,OK
2026-09-24,14:17:20,0,0,0,0,0,0,0,0,0,0,0,1,System OK,OK
2026-09-24,14:17:21,0,0,0,0,0,0,0,0,0,0,0,1,System OK,OK
2026-09-24,14:17:22,0,0,0,0,0,0,0,0,0,0,0,1,System OK,OK
2026-09-24,14:17:23,0,0,0,0,0,0,0,0,0,0,0,1,System OK,OK
2026-09-24,14:17:24,0,0,0,0,0,0,0,0,0,0,0,1,System OK,OK
2026-09-24,14:17:25,0,0,0,0,0,0,0,0,0,0,0,1,System OK,OK
2026-09-24,14:17:26,0,0,0,0,0,0,0,0,0,0,0,1,System OK,OK
2026-09-24,14:17:27,0,0,0,0,0,0,0,0,0,0,0,1,System OK,OK
2026-09-24,14:17:28,0,0,0,0,0,0,0,0,0,0,0,1,System OK,OK
2026-09-24,14:17:29,0,0,0,0,0,0,0,0,0,0,0,1,System OK,OK
2026-09-24,14:17:30,0,0,0,0,0,0,0,0,0,0,0,1,System OK,OK
2026-09-24,14:17:31,0,0,0,0,0,0,0,0,0,0,0,1,System OK,OK
2026-09-24,14:17:32,0,0,0,0,0,0,0,0,0,0,0,1,System OK,OK
2026-09-24,14:17:33,0,0,0,0,0,0,0,0,0,0,0,1,System OK,OK
2026-09-24,14:17:34,0,0,0,0,0,0,0,0,0,0,0,1,System OK,OK
2026-09-24,14:17:35,0,0,0,0,0,0,0,0,0,0,0,1,System OK,OK
2026-09-24,14:17:36,0,0,0,0,0,0,0,0,0,0,0,1,System OK,OK
2026-09-24,14:17:37,0,0,0,0,0,0,0,0,0,0,0,1,System OK,OK
2026-09-24,14:17:38,0,0,0,0,0,0,0,0,0,0,0,1,System OK,OK
2026-09-24,14:17:39,0,0,0,0,0,0,0,0,0,0,0,1,System OK,OK
2026-09-24,14:17:40,0,0,0,0,0,0,0,0,0,0,0,1,System OK,OK
2026-09-24,14:17:41,0,0,0,0,0,0,0,0,0,0,0,1,System OK,OK
2026-09-24,14:17:42,0,0,0,0,0,0,0,0,0,0,0,1,System OK,OK
2026-09-24,14:17:43,0,0,0,0,0,0,0,0,0,0,0,1,System OK,OK
2026-09-24,14:17:44,0,0,0,0,0,0,0,0,0,0,0,1,System OK,OK
2026-09-24,14:17:45,0,0,0,0,0,0,0,0,0,0,0,1,System OK,OK
2026-09-24,14:17:46,0,0,0,0,0,0,0,0,0,0,0,1,System OK,OK
2026-09-24,14:17:47,0,0,0,0,0,0,0,0,0,0,0,1,System OK,OK
2026-09-24,14:17:48,0,0,0,0,0,0,0,0,0,0,0,1,System OK,OK
2026-09-24,14:17:49,0,0,0,0,0,0,0,0,0,0,0,1,System OK,OK
2026-09-24,14:17:50,0,0,0,0,0,0,0,0,0,0,0,1,System OK,OK
2026-09-24,14:17:51,0,0,0,0,0,0,0,0,0,0,0,1,System OK,OK
2026-09-24,14:17:52,0,0,0,0,0,0,0,0,0,0,0,1,System OK,OK
2026-09-24,14:17:53,0,0,0,0,0,0,0,0,0,0,0,1,System OK,OK
2026-09-24,14:17:54,0,0,0,0,0,0,0,0,0,0,0,1,System OK,OK
2026-09-24,14:17:55,0,0,0,0,0,0,0,0,0,0,0,1,System OK,OK
2026-09-24,14:17:56,0,0,0,0,0,0,0,0,0,0,0,1,System OK,OK
2026-09-24,14:17:57,0,0,0,0,0,0,0,0,0,0,0,1,System OK,OK
2026-09-24,14:17:58,0,0,0,0,0,0,0,0,0,0,0,1,System OK,OK
2026-09-24,14:17:59,0,0,0,0,0,0,0,0,0,0,0,1,System OK,OK
2026-09-24,14:18:00,0,0,0,0,0,0,0,0,0,0,0,1,System OK,OK
2026-09-24,14:18:01,0,0,0,0,0,0,0,0,0,0,0,1,System OK,OK
2026-09-24,14:18:02,0,0,0,0,0,0,0,0,0,0,0,1,System OK,OK
2026-09-24,14:18:03,0,0,0,0,0,0,0,0,0,0,0,1,System OK,OK
2026-09-24,14:18:04,0,0,0,0,0,0,0,0,0,0,0,1,System OK,OK
2026-09-24,14:18:05,0,0,0,0,0,0,0,0,0,0,0,1,System OK,OK
2026-09-24,14:18:06,0,0,0,0,0,0,0,0,0,0,0,1,System OK,OK
2026-09-24,14:18:07,0,0,0,0,0,0,0,0,0,0,0,1,System OK,OK
2026-09-24,14:18:08,0,0,0,0,0,0,0,0,0,0,0,1,System OK,OK
2026-09-24,14:18:09,0,0,0,0,0,0,0,0,0,0,0,1,System OK,OK
2026-09-24,14:18:10,0,0,0,0,0,0,0,0,0,0,0,1,System OK,OK
2026-09-24,14:18:11,0,0,0,0,0,0,0,0,0,0,0,1,System OK,OK
2026-09-24,14:18:12,0,0,0,0,0,0,0,0,0,0,0,1,System OK,OK
2026-09-24,14:18:13,0,0,0,0,0,0,0,0,0,0,0,1,System OK,OK
2026-09-24,14:18:14,0,0,0,0,0,0,0,0,0,0,0,1,System OK,OK
2026-09-24,14:18:15,0,0,0,0,0,0,0,0,0,0,0,1,System OK,OK
2026-09-24,14:18:16,0,0,0,0,0,0,0,0,0,0,0,1,System OK,OK
2026-09-24,14:18:17,0,0,0,0,0,0,0,0,0,0,0,1,System OK,OK
2026-09-24,14:18:18,0,0,0,0,0,0,0,0,0,0,0,1,System OK,OK
2026-09-24,14:18:19,0,0,0,0,0,0,0,0,0,0,0,1,System OK,OK
2026-09-24,14:18:20,0,0,0,0,0,0,0,0,0,0,0,1,System OK,OK
2026-09-24,14:18:21,0,0,0,0,0,0,0,0,0,0,0,1,System OK,OK
2026-09-24,14:18:22,0,0,0,0,0,0,0,0,0,0,0,1,System OK,OK
2026-09-24,14:18:23,0,0,0,0,0,0,0,0,0,0,0,1,System OK,OK
2026-09-24,14:18:24,0,0,0,0,0,0,0,0,0,0,0,1,System OK,OK
2026-09-24,14:18:25,0,0,0,0,0,0,0,0,0,0,0,1,System OK,OK
2026-09-24,14:18:26,0,0,0,0,0,0,0,0,0,0,0,1,System OK,OK
2026-09-24,14:18:27,0,0,0,0,0,0,0,0,0,0,0,1,System OK,OK
2026-09-24,14:18:28,0,0,0,0,0,0,0,0,0,0,0,1,System OK,OK
2026-09-24,14:18:29,0,0,0,0,0,0,0,0,0,0,0,1,System OK,OK
2026-09-24,14:18:30,0,0,0,0,0,0,0,0,0,0,0,1,System OK,OK
2026-09-24,14:18:31,0,0,0,0,0,0,0,0,0,0,0,1,System OK,OK
2026-09-24,14:18:32,0,0,0,0,0,0,0,0,0,0,0,1,System OK,OK
2026-09-24,14:18:33,0,0,0,0,0,0,0,0,0,0,0,1,System OK,OK
2026-09-24,14:18:34,0,0,0,0,0,0,0,0,0,0,0,1,System OK,OK
2026-09-24,14:18:35,0,0,0,0,0,0,0,0,0,0,0,1,System OK,OK
2026-09-24,14:18:36,0,0,0,0,0,0,0,0,0,0,0,1,System OK,OK
2026-09-24,14:18:37,0,0,0,0,0,0,0,0,0,0,0,1,System OK,OK
2026-09-24,14:18:38,0,0,0,0,0,0,0,0,0,0,0,1,System OK,OK
2026-09-24,14:18:39,0,0,0,0,0,0,0,0,0,0,0,1,System OK,OK
2026-09-24,14:18:40,0,0,0,0,0,0,0,0,0,0,0,1,System OK,OK
2026-09-24,14:18:41,0,0,0,0,0,0,0,0,0,0,0,1,System OK,OK
2026-09-24,14:18:42,0,0,0,0,0,0,0,0,0,0,0,1,System OK,OK
2026-09-24,14:18:43,0,0,0,0,0,0,0,0,0,0,0,1,System OK,OK
2026-09-24,14:18:44,0,0,0,0,0,0,0,0,0,0,0,1,System OK,OK
2026-09-24,14:18:45,0,0,0,0,0,0,0,0,0,0,0,1,System OK,OK
2026-09-24,14:18:46,0,0,0,0,0,0,0,0,0,0,0,1,System OK,OK
2026-09-24,14:18:47,0,0,0,0,0,0,0,0,0,0,0,1,System OK,OK
2026-09-24,14:18:48,0,0,0,0,0,0,0,0,0,0,0,1,System OK,OK
2026-09-24,14:18:49,0,0,0,0,0,0,0,0,0,0,0,1,System OK,OK
2026-09-24,14:18:50,0,0,0,0,0,0,0,0,0,0,0,1,System OK,OK
2026-09-24,14:18:51,0,0,0,0,0,0,0,0,0,0,0,1,System OK,OK
2026-09-24,14:18:52,0,0,0,0,0,0,0,0,0,0,0,1,System OK,OK
2026-09-24,14:18:53,0,0,0,0,0,0,0,0,0,0,0,1,System OK,OK
2026-09-24,14:18:54,0,0,0,0,0,0,0,0,0,0,0,1,System OK,OK
2026-09-24,14:18:55,0,0,0,0,0,0,0,0,0,0,0,1,System OK,OK
2026-09-24,14:18:56,0,0,0,0,0,0,0,0,0,0,0,1,System OK,OK
2026-09-24,14:18:57,0,0,0,0,0,0,0,0,0,0,0,1,System OK,OK
2026-09-24,14:18:58,0,0,0,0,0,0,0,0,0,0,0,1,System OK,OK
2026-09-24,14:18:59,0,0,0,0,0,0,0,0,0,0,0,1,System OK,OK
2026-09-24,14:19:00,0,0,0,0,0,0,0,0,0,0,0,1,System OK,OK
2026-09-24,14:19:01,0,0,0,0,0,0,0,0,0,0,0,1,System OK,OK
2026-09-24,14:19:02,0,0,0,0,0,0,0,0,0,0,0,1,System OK,OK
2026-09-24,14:19:03,0,0,0,0,0,0,0,0,0,0,0,1,System OK,OK
2026-09-24,14:19:04,0,0,0,0,0,0,0,0,0,0,0,1,System OK,OK
2026-09-24,14:19:05,0,0,0,0,0,0,0,0,0,0,0,1,System OK,OK
2026-09-24,14:19:06,0,0,0,0,0,0,0,0,0,0,0,1,System OK,OK
2026-09-24,14:19:07,0,0,0,0,0,0,0,0,0,0,0,1,System OK,OK
2026-09-24,14:19:08,0,0,0,0,0,0,0,0,0,0,0,1,System OK,OK
2026-09-24,14:19:09,0,0,0,0,0,0,0,0,0,0,0,1,System OK,OK
2026-09-24,14:19:10,0,0,0,0,0,0,0,0,0,0,0,1,System OK,OK
2026-09-24,14:19:11,0,0,0,0,0,0,0,0,0,0,0,1,System OK,OK
2026-09-24,14:19:12,0,0,0,0,0,0,0,0,0,0,0,1,System OK,OK
2026-09-24,14:19:13,0,0,0,0,0,0,0,0,0,0,0,1,System OK,OK
2026-09-24,14:19:14,0,0,0,0,0,0,0,0,0,0,0,1,System OK,OK
2026-09-24,14:19:15,0,0,0,0,0,0,0,0,0,0,0,1,System OK,OK
2026-09-24,14:19:16,0,0,0,0,0,0,0,0,0,0,0,1,System OK,OK
2026-09-24,14:19:17,0,0,0,0,0,0,0,0,0,0,0,1,System OK,OK
2026-09-24,14:19:18,0,0,0,0,0,0,0,0,0,0,0,1,System OK,OK
2026-09-24,14:19:19,0,0,0,0,0,0,0,0,0,0,0,1,System OK,OK
2026-09-24,14:19:20,0,0,0,0,0,0,0,0,0,0,0,1,System OK,OK
2026-09-24,14:19:21,0,0,0,0,0,0,0,0,0,0,0,1,System OK,OK
2026-09-24,14:19:22,0,0,0,0,0,0,0,0,0,0,0,1,System OK,OK
2026-09-24,14:19:23,0,0,0,0,0,0,0,0,0,0,0,1,System OK,OK
2026-09-24,14:19:24,0,0,0,0,0,0,0,0,0,0,0,1,System OK,OK
2026-09-24,14:19:25,0,0,0,0,0,0,0,0,0,0,0,1,System OK,OK
2026-09-24,14:19:26,0,0,0,0,0,0,0,0,0,0,0,1,System OK,OK
2026-09-24,14:19:27,0,0,0,0,0,0,0,0,0,0,0,1,System OK,OK
2026-09-24,14:19:28,0,0,0,0,0,0,0,0,0,0,0,1,System OK,OK
2026-09-24,14:19:29,0,0,0,0,0,0,0,0,0,0,0,1,System OK,OK
2026-09-24,14:19:30,0,0,0,0,0,0,0,0,0,0,0,1,System OK,OK
2026-09-24,14:19:31,0,0,0,0,0,0,0,0,0,0,0,1,System OK,OK
2026-09-24,14:19:32,0,0,0,0,0,0,0,0,0,0,0,1,System OK,OK
2026-09-24,14:19:33,0,0,0,0,0,0,0,0,0,0,0,1,System OK,OK
2026-09-24,14:19:34,0,0,0,0,0,0,0,0,0,0,0,1,System OK,OK
2026-09-24,14:19:35,0,0,0,0,0,0,0,0,0,0,0,1,System OK,OK
2026-09-24,14:19:36,0,0,0,0,0,0,0,0,0,0,0,1,System OK,OK
2026-09-24,14:19:37,0,0,0,0,0,0,0,0,0,0,0,1,System OK,OK
2026-09-24,14:19:38,0,0,0,0,0,0,0,0,0,0,0,1,System OK,OK
2026-09-24,14:19:39,0,0,0,0,0,0,0,0,0,0,0,1,System OK,OK
2026-09-24,14:19:40,0,0,0,0,0,0,0,0,0,0,0,1,System OK,OK
2026-09-24,14:19:41,0,0,0,0,0,0,0,0,0,0,0,1,System OK,OK
2026-09-24,14:19:42,0,0,0,0,0,0,0,0,0,0,0,1,System OK,OK
2026-09-24,14:19:43,0,0,0,0,0,0,0,0,0,0,0,1,System OK,OK
2026-09-24,14:19:44,0,0,0,0,0,0,0,0,0,0,0,1,System OK,OK
2026-09-24,14:19:45,0,0,0,0,0,0,0,0,0,0,0,1,System OK,OK
2026-09-24,14:19:46,0,0,0,0,0,0,0,0,0,0,0,1,System OK,OK
2026-09-24,14:19:47,0,0,0,0,0,0,0,0,0,0,0,1,System OK,OK
2026-09-24,14:19:48,0,0,0,0,0,0,0,0,0,0,0,1,System OK,OK
2026-09-24,14:19:49,0,0,0,0,0,0,0,0,0,0,0,1,System OK,OK
2026-09-24,14:19:50,0,0,0,0,0,0,0,0,0,0,0,1,System OK,OK
2026-09-24,14:19:51,0,0,0,0,0,0,0,0,0,0,0,1,System OK,OK
2026-09-24,14:19:52,0,0,0,0,0,0,0,0,0,0,0,1,System OK,OK
2026-09-24,14:19:53,0,0,0,0,0,0,0,0,0,0,0,1,System OK,OK
2026-09-24,14:19:54,0,0,0,0,0,0,0,0,0,0,0,1,System OK,OK
2026-09-24,14:19:55,0,0,0,0,0,0,0,0,0,0,0,1,System OK,OK
2026-09-24,14:19:56,0,0,0,0,0,0,0,0,0,0,0,1,System OK,OK
2026-09-24,14:19:57,0,0,0,0,0,0,0,0,0,0,0,1,System OK,OK
2026-09-24,14:19:58,0,0,0,0,0,0,0,0,0,0,0,1,System OK,OK
2026-09-24,14:19:59,0,0,0,0,0,0,0,0,0,0,0,1,System OK,OK
2026-09-24,14:20:00,0,0,0,0,0,0,0,0,0,0,0,1,System OK,OK
2026-09-24,14:20:01,0,0,0,0,0,0,0,0,0,0,0,1,System OK,OK
2026-09-24,14:20:02,0,0,0,0,0,0,0,0,0,0,0,1,System OK,OK
2026-09-24,14:20:03,0,0,0,0,0,0,0,0,0,0,0,1,System OK,OK
2026-09-24,14:20:04,0,0,0,0,0,0,0,0,0,0,0,1,System OK,OK
2026-09-24,14:20:05,0,0,0,0,0,0,0,0,0,0,0,1,System OK,OK
2026-09-24,14:20:06,0,0,0,0,0,0,0,0,0,0,0,1,System OK,OK
2026-09-24,14:20:07,0,0,0,0,0,0,0,0,0,0,0,1,System OK,OK
2026-09-24,14:20:08,0,0,0,0,0,0,0,0,0,0,0,1,System OK,OK
2026-09-24,14:20:09,0,0,0,0,0,0,0,0,0,0,0,1,System OK,OK
2026-09-24,14:20:10,0,0,0,0,0,0,0,0,0,0,0,1,System OK,OK
2026-09-24,14:20:11,0,0,0,0,0,0,0,0,0,0,0,1,System OK,OK
2026-09-24,14:20:12,0,0,0,0,0,0,0,0,0,0,0,1,System OK,OK
2026-09-24,14:20:13,0,0,0,0,0,0,0,0,0,0,0,1,System OK,OK
2026-09-24,14:20:14,0,0,0,0,0,0,0,0,0,0,0,1,System OK,OK
2026-09-24,14:20:15,0,0,0,0,0,0,0,0,0,0,0,1,System OK,OK
2026-09-24,14:20:16,0,0,0,0,0,0,0,0,0,0,0,1,System OK,OK
2026-09-24,14:20:17,0,0,0,0,0,0,0,0,0,0,0,1,System OK,OK
2026-09-24,14:20:18,0,0,0,0,0,0,0,0,0,0,0,1,System OK,OK
2026-09-24,14:20:19,0,0,0,0,0,0,0,0,0,0,0,1,System OK,OK
2026-09-24,14:20:20,0,0,0,0,0,0,0,0,0,0,0,1,System OK,OK
2026-09-24,14:20:21,0,0,0,0,0,0,0,0,0,0,0,1,System OK,OK
2026-09-24,14:20:22,0,0,0,0,0,0,0,0,0,0,0,1,System OK,OK
2026-09-24,14:20:23,0,0,0,0,0,0,0,0,0,0,0,1,System OK,OK
2026-09-24,14:20:24,0,0,0,0,0,0,0,0,0,0,0,1,System OK,OK
2026-09-24,14:20:25,0,0,0,0,0,0,0,0,0,0,0,1,System OK,OK
2026-09-24,14:20:26,0,0,0,0,0,0,0,0,0,0,0,1,System OK,OK
2026-09-24,14:20:27,0,0,0,0,0,0,0,0,0,0,0,1,System OK,OK
2026-09-24,14:20:28,0,0,0,0,0,0,0,0,0,0,0,1,System OK,OK
2026-09-24,14:20:29,0,0,0,0,0,0,0,0,0,0,0,1,System OK,OK
2026-09-24,14:20:30,0,0,0,0,0,0,0,0,0,0,0,1,System OK,OK
2026-09-24,14:20:31,0,0,0,0,0,0,0,0,0,0,0,1,System OK,OK
2026-09-24,14:20:32,0,0,0,0,0,0,0,0,0,0,0,1,System OK,OK
2026-09-24,14:20:33,0,0,0,0,0,0,0,0,0,0,0,1,System OK,OK
2026-09-24,14:20:34,0,0,0,0,0,0,0,0,0,0,0,1,System OK,OK
2026-09-24,14:20:35,0,0,0,0,0,0,0,0,0,0,0,1,System OK,OK
2026-09-24,14:20:36,0,0,0,0,0,0,0,0,0,0,0,1,System OK,OK
2026-09-24,14:20:37,0,0,0,0,0,0,0,0,0,0,0,1,System OK,OK
2026-09-24,14:20:38,0,0,0,0,0,0,0,0,0,0,0,1,System OK,OK
2026-09-24,14:20:39,0,0,0,0,0,0,0,0,0,0,0,1,System OK,OK
2026-09-24,14:20:40,0,0,0,0,0,0,0,0,0,0,0,1,System OK,OK
2026-09-24,14:20:41,0,0,0,0,0,0,0,0,0,0,0,1,System OK,OK
2026-09-24,14:20:42,0,0,0,0,0,0,0,0,0,0,0,1,System OK,OK
2026-09-24,14:20:43,0,0,0,0,0,0,0,0,0,0,0,1,System OK,OK
2026-09-24,14:20:44,0,0,0,0,0,0,0,0,0,0,0,1,System OK,OK
2026-09-24,14:20:45,0,0,0,0,0,0,0,0,0,0,0,1,System OK,OK
2026-09-24,14:20:46,0,0,0,0,0,0,0,0,0,0,0,1,System OK,OK
2026-09-24,14:20:47,0,0,0,0,0,0,0,0,0,0,0,1,System OK,OK
2026-09-24,14:20:48,0,0,0,0,0,0,0,0,0,0,0,1,System OK,OK
2026-09-24,14:20:49,0,0,0,0,0,0,0,0,0,0,0,1,System OK,OK
2026-09-24,14:20:50,0,0,0,0,0,0,0,0,0,0,0,1,System OK,OK
2026-09-24,14:20:51,0,0,0,0,0,0,0,0,0,0,0,1,System OK,OK
2026-09-24,14:20:52,0,0,0,0,0,0,0,0,0,0,0,1,System OK,OK
2026-09-24,14:20:53,0,0,0,0,0,0,0,0,0,0,0,1,System OK,OK
2026-09-24,14:20:54,0,0,0,0,0,0,0,0,0,0,0,1,System OK,OK
2026-09-24,14:20:55,0,0,0,0,0,0,0,0,0,0,0,1,System OK,OK
2026-09-24,14:20:56,0,0,0,0,0,0,0,0,0,0,0,1,System OK,OK
2026-09-24,14:20:57,0,0,0,0,0,0,0,0,0,0,0,1,System OK,OK
2026-09-24,14:20:58,0,0,0,0,0,0,0,0,0,0,0,1,System OK,OK
2026-09-24,14:20:59,0,0,0,0,0,0,0,0,0,0,0,1,System OK,OK
2026-09-24,14:21:00,0,0,0,0,0,0,0,0,0,0,0,1,System OK,OK
2026-09-24,14:21:01,0,0,0,0,0,0,0,0,0,0,0,1,System OK,OK
2026-09-24,14:21:02,0,0,0,0,0,0,0,0,0,0,0,1,System OK,OK
2026-09-24,14:21:03,0,0,0,0,0,0,0,0,0,0,0,1,System OK,OK
2026-09-24,14:21:04,0,0,0,0,0,0,0,0,0,0,0,1,System OK,OK
2026-09-24,14:21:05,0,0,0,0,0,0,0,0,0,0,0,1,System OK,OK
2026-09-24,14:21:06,0,0,0,0,0,0,0,0,0,0,0,1,System OK,OK
2026-09-24,14:21:07,0,0,0,0,0,0,0,0,0,0,0,1,System OK,OK
2026-09-24,14:21:08,0,0,0,0,0,0,0,0,0,0,0,1,System OK,OK
2026-09-24,14:21:09,0,0,0,0,0,0,0,0,0,0,0,1,System OK,OK
2026-09-24,14:21:10,0,0,0,0,0,0,0,0,0,0,0,1,System OK,OK
2026-09-24,14:21:11,0,0,0,0,0,0,0,0,0,0,0,1,System OK,OK
2026-09-24,14:21:12,0,0,0,0,0,0,0,0,0,0,0,1,System OK,OK
2026-09-24,14:21:13,0,0,0,0,0,0,0,0,0,0,0,1,System OK,OK
2026-09-24,14:21:14,0,0,0,0,0,0,0,0,0,0,0,1,System OK,OK
2026-09-24,14:21:15,0,0,0,0,0,0,0,0,0,0,0,1,System OK,OK
2026-09-24,14:21:16,0,0,0,0,0,0,0,0,0,0,0,1,System OK,OK
2026-09-24,14:21:17,0,0,0,0,0,0,0,0,0,0,0,1,System OK,OK
2026-09-24,14:21:18,0,0,0,0,0,0,0,0,0,0,0,1,System OK,OK
2026-09-24,14:21:19,0,0,0,0,0,0,0,0,0,0,0,1,System OK,OK
2026-09-24,14:21:20,0,0,0,0,0,0,0,0,0,0,0,1,System OK,OK
2026-09-24,14:21:21,0,0,0,0,0,0,0,0,0,0,0,1,System OK,OK
2026-09-24,14:21:22,0,0,0,0,0,0,0,0,0,0,0,1,System OK,OK
2026-09-24,14:21:23,0,0,0,0,0,0,0,0,0,0,0,1,System OK,OK
2026-09-24,14:21:24,0,0,0,0,0,0,0,0,0,0,0,1,System OK,OK
2026-09-24,14:21:25,0,0,0,0,0,0,0,0,0,0,0,1,System OK,OK
2026-09-24,14:21:26,0,0,0,0,0,0,0,0,0,0,0,1,System OK,OK
2026-09-24,14:21:27,0,0,0,0,0,0,0,0,0,0,0,1,System OK,OK
2026-09-24,14:21:28,0,0,0,0,0,0,0,0,0,0,0,1,System OK,OK
2026-09-24,14:21:29,0,0,0,0,0,0,0,0,0,0,0,1,System OK,OK
2026-09-24,14:21:30,0,0,0,0,0,0,0,0,0,0,0,1,System OK,OK
2026-09-24,14:21:31,0,0,0,0,0,0,0,0,0,0,0,1,System OK,OK
2026-09-24,14:21:32,0,0,0,0,0,0,0,0,0,0,0,1,System OK,OK
2026-09-24,14:21:33,0,0,0,0,0,0,0,0,0,0,0,1,System OK,OK
2026-09-24,14:21:34,0,0,0,0,0,0,0,0,0,0,0,1,System OK,OK
2026-09-24,14:21:35,0,0,0,0,0,0,0,0,0,0,0,1,System OK,OK
2026-09-24,14:21:36,0,0,0,0,0,0,0,0,0,0,0,1,System OK,OK
2026-09-24,14:21:37,0,0,0,0,0,0,0,0,0,0,0,1,System OK,OK
2026-09-24,14:21:38,0,0,0,0,0,0,0,0,0,0,0,1,System OK,OK
2026-09-24,14:21:39,0,0,0,0,0,0,0,0,0,0,0,1,System OK,OK
2026-09-24,14:21:40,0,0,0,0,0,0,0,0,0,0,0,1,System OK,OK
2026-09-24,14:21:41,0,0,0,0,0,0,0,0,0,0,0,1,System OK,OK
2026-09-24,14:21:42,0,0,0,0,0,0,0,0,0,0,0,1,System OK,OK
2026-09-24,14:21:43,0,0,0,0,0,0,0,0,0,0,0,1,System OK,OK
2026-09-24,14:21:44,0,0,0,0,0,0,0,0,0,0,0,1,System OK,OK
2026-09-24,14:21:45,0,0,0,0,0,0,0,0,0,0,0,1,System OK,OK
2026-09-24,14:21:46,0,0,0,0,0,0,0,0,0,0,0,1,System OK,OK
2026-09-24,14:21:47,0,0,0,0,0,0,0,0,0,0,0,1,System OK,OK
2026-09-24,14:21:48,0,0,0,0,0,0,0,0,0,0,0,1,System OK,OK
2026-09-24,14:21:49,0,0,0,0,0,0,0,0,0,0,0,1,System OK,OK
2026-09-24,14:21:50,0,0,0,0,0,0,0,0,0,0,0,1,System OK,OK
2026-09-24,14:21:51,0,0,0,0,0,0,0,0,0,0,0,1,System OK,OK
2026-09-24,14:21:52,0,0,0,0,0,0,0,0,0,0,0,1,System OK,OK
2026-09-24,14:21:53,0,0,0,0,0,0,0,0,0,0,0,1,System OK,OK
2026-09-24,14:21:54,0,0,0,0,0,0,0,0,0,0,0,1,System OK,OK
2026-09-24,14:21:55,0,0,0,0,0,0,0,0,0,0,0,1,System OK,OK
2026-09-24,14:21:56,0,0,0,0,0,0,0,0,0,0,0,1,System OK,OK
2026-09-24,14:21:57,0,0,0,0,0,0,0,0,0,0,0,1,System OK,OK
2026-09-24,14:21:58,0,0,0,0,0,0,0,0,0,0,0,1,System OK,OK
2026-09-24,14:21:59,0,0,0,0,0,0,0,0,0,0,0,1,System OK,OK
2026-09-24,14:22:00,0,0,0,0,0,0,0,0,0,0,0,1,System OK,OK
2026-09-24,14:22:01,0,0,0,0,0,0,0,0,0,0,0,1,System OK,OK
2026-09-24,14:22:02,0,0,0,0,0,0,0,0,0,0,0,1,System OK,OK
2026-09-24,14:22:03,0,0,0,0,0,0,0,0,0,0,0,1,System OK,OK
2026-09-24,14:22:04,0,0,0,0,0,0,0,0,0,0,0,1,System OK,OK
2026-09-24,14:22:05,0,0,0,0,0,0,0,0,0,0,0,1,System OK,OK
2026-09-24,14:22:06,0,0,0,0,0,0,0,0,0,0,0,1,System OK,OK
2026-09-24,14:22:07,0,0,0,0,0,0,0,0,0,0,0,1,System OK,OK
2026-09-24,14:22:08,0,0,0,0,0,0,0,0,0,0,0,1,System OK,OK
2026-09-24,14:22:09,0,0,0,0,0,0,0,0,0,0,0,1,System OK,OK
2026-09-24,14:22:10,0,0,0,0,0,0,0,0,0,0,0,1,System OK,OK
2026-09-24,14:22:11,0,0,0,0,0,0,0,0,0,0,0,1,System OK,OK
2026-09-24,14:22:12,0,0,0,0,0,0,0,0,0,0,0,1,System OK,OK
2026-09-24,14:22:13,0,0,0,0,0,0,0,0,0,0,0,1,System OK,OK
2026-09-24,14:22:14,0,0,0,0,0,0,0,0,0,0,0,1,System OK,OK
2026-09-24,14:22:15,0,0,0,0,0,0,0,0,0,0,0,1,System OK,OK
2026-09-24,14:22:16,0,0,0,0,0,0,0,0,0,0,0,1,System OK,OK
2026-09-24,14:22:17,0,0,0,0,0,0,0,0,0,0,0,1,System OK,OK
2026-09-24,14:22:18,0,0,0,0,0,0,0,0,0,0,0,1,System OK,OK
2026-09-24,14:22:19,0,0,0,0,0,0,0,0,0,0,0,1,System OK,OK
2026-09-24,14:22:20,0,0,0,0,0,0,0,0,0,0,0,1,System OK,OK
2026-09-24,14:22:21,0,0,0,0,0,0,0,0,0,0,0,1,System OK,OK
2026-09-24,14:22:22,0,0,0,0,0,0,0,0,0,0,0,1,System OK,OK
2026-09-24,14:22:23,0,0,0,0,0,0,0,0,0,0,0,1,System OK,OK
2026-09-24,14:22:24,0,0,0,0,0,0,0,0,0,0,0,1,System OK,OK
2026-09-24,14:22:25,0,0,0,0,0,0,0,0,0,0,0,1,System OK,OK
2026-09-24,14:22:26,0,0,0,0,0,0,0,0,0,0,0,1,System OK,OK
2026-09-24,14:22:27,0,0,0,0,0,0,0,0,0,0,0,1,System OK,OK
2026-09-24,14:22:28,0,0,0,0,0,0,0,0,0,0,0,1,System OK,OK
2026-09-24,14:22:29,0,0,0,0,0,0,0,0,0,0,0,1,System OK,OK
2026-09-24,14:22:30,0,0,0,0,0,0,0,0,0,0,0,1,System OK,OK
2026-09-24,14:22:31,0,0,0,0,0,0,0,0,0,0,0,1,System OK,OK
2026-09-24,14:22:32,0,0,0,0,0,0,0,0,0,0,0,1,System OK,OK
2026-09-24,14:22:33,0,0,0,0,0,0,0,0,0,0,0,1,System OK,OK
2026-09-24,14:22:34,0,0,0,0,0,0,0,0,0,0,0,1,System OK,OK
2026-09-24,14:22:35,0,0,0,0,0,0,0,0,0,0,0,1,System OK,OK
2026-09-24,14:22:36,0,0,0,0,0,0,0,0,0,0,0,1,System OK,OK
2026-09-24,14:22:37,0,0,0,0,0,0,0,0,0,0,0,1,System OK,OK
2026-09-24,14:22:38,0,0,0,0,0,0,0,0,0,0,0,1,System OK,OK
2026-09-24,14:22:39,0,0,0,0,0,0,0,0,0,0,0,1,System OK,OK
2026-09-24,14:22:40,0,0,0,0,0,0,0,0,0,0,0,1,System OK,OK
2026-09-24,14:22:41,0,0,0,0,0,0,0,0,0,0,0,1,System OK,OK
2026-09-24,14:22:42,0,0,0,0,0,0,0,0,0,0,0,1,System OK,OK
2026-09-24,14:22:43,0,0,0,0,0,0,0,0,0,0,0,1,System OK,OK
2026-09-24,14:22:44,0,0,0,0,0,0,0,0,0,0,0,1,System OK,OK
2026-09-24,14:22:45,0,0,0,0,0,0,0,0,0,0,0,1,System OK,OK
2026-09-24,14:22:46,0,0,0,0,0,0,0,0,0,0,0,1,System OK,OK
2026-09-24,14:22:47,0,0,0,0,0,0,0,0,0,0,0,1,System OK,OK
2026-09-24,14:22:48,0,0,0,0,0,0,0,0,0,0,0,1,System OK,OK
2026-09-24,14:22:49,0,0,0,0,0,0,0,0,0,0,0,1,System OK,OK
2026-09-24,14:22:50,0,0,0,0,0,0,0,0,0,0,0,1,System OK,OK
2026-09-24,14:22:51,0,0,0,0,0,0,0,0,0,0,0,1,System OK,OK
2026-09-24,14:22:52,0,0,0,0,0,0,0,0,0,0,0,1,System OK,OK
2026-09-24,14:22:53,0,0,0,0,0,0,0,0,0,0,0,1,System OK,OK
2026-09-24,14:22:54,0,0,0,0,0,0,0,0,0,0,0,1,System OK,OK
2026-09-24,14:22:55,0,0,0,0,0,0,0,0,0,0,0,1,System OK,OK
2026-09-24,14:22:56,0,0,0,0,0,0,0,0,0,0,0,1,System OK,OK
2026-09-24,14:22:57,0,0,0,0,0,0,0,0,0,0,0,1,System OK,OK
2026-09-24,14:22:58,0,0,0,0,0,0,0,0,0,0,0,1,System OK,OK
2026-09-24,14:22:59,0,0,0,0,0,0,0,0,0,0,0,1,System OK,OK
2026-09-24,14:23:00,0,0,0,0,0,0,0,0,0,0,0,1,System OK,OK
2026-09-24,14:23:01,0,0,0,0,0,0,0,0,0,0,0,1,System OK,OK
2026-09-24,14:23:02,0,0,0,0,0,0,0,0,0,0,0,1,System OK,OK
2026-09-24,14:23:03,0,0,0,0,0,0,0,0,0,0,0,1,System OK,OK
2026-09-24,14:23:04,0,0,0,0,0,0,0,0,0,0,0,1,System OK,OK
2026-09-24,14:23:05,0,0,0,0,0,0,0,0,0,0,0,1,System OK,OK
2026-09-24,14:23:06,0,0,0,0,0,0,0,0,0,0,0,1,System OK,OK
2026-09-24,14:23:07,0,0,0,0,0,0,0,0,0,0,0,1,System OK,OK
2026-09-24,14:23:08,0,0,0,0,0,0,0,0,0,0,0,1,System OK,OK
2026-09-24,14:23:09,0,0,0,0,0,0,0,0,0,0,0,1,System OK,OK
2026-09-24,14:23:10,0,0,0,0,0,0,0,0,0,0,0,1,System OK,OK
2026-09-24,14:23:11,0,0,0,0,0,0,0,0,0,0,0,1,System OK,OK
2026-09-24,14:23:12,0,0,0,0,0,0,0,0,0,0,0,1,System OK,OK
2026-09-24,14:23:13,0,0,0,0,0,0,0,0,0,0,0,1,System OK,OK
2026-09-24,14:23:14,0,0,0,0,0,0,0,0,0,0,0,1,System OK,OK
2026-09-24,14:23:15,0,0,0,0,0,0,0,0,0,0,0,1,System OK,OK
2026-09-24,14:23:16,0,0,0,0,0,0,0,0,0,0,0,1,System OK,OK
2026-09-24,14:23:17,0,0,0,0,0,0,0,0,0,0,0,1,System OK,OK
2026-09-24,14:23:18,0,0,0,0,0,0,0,0,0,0,0,1,System OK,OK
2026-09-24,14:23:19,0,0,0,0,0,0,0,0,0,0,0,1,System OK,OK
2026-09-24,14:23:20,0,0,0,0,0,0,0,0,0,0,0,1,System OK,OK
2026-09-24,14:23:21,0,0,0,0,0,0,0,0,0,0,0,1,System OK,OK
2026-09-24,14:23:22,0,0,0,0,0,0,0,0,0,0,0,1,System OK,OK
2026-09-24,14:23:23,0,0,0,0,0,0,0,0,0,0,0,1,System OK,OK
2026-09-24,14:23:24,0,0,0,0,0,0,0,0,0,0,0,1,System OK,OK
2026-09-24,14:23:25,0,0,0,0,0,0,0,0,0,0,0,1,System OK,OK
2026-09-24,14:23:26,0,0,0,0,0,0,0,0,0,0,0,1,System OK,OK
2026-09-24,14:23:27,0,0,0,0,0,0,0,0,0,0,0,1,System OK,OK
2026-09-24,14:23:28,0,0,0,0,0,0,0,0,0,0,0,1,System OK,OK
2026-09-24,14:23:29,0,0,0,0,0,0,0,0,0,0,0,1,System OK,OK
2026-09-24,14:23:30,0,0,0,0,0,0,0,0,0,0,0,1,System OK,OK
2026-09-24,14:23:31,0,0,0,0,0,0,0,0,0,0,0,1,System OK,OK
2026-09-24,14:23:32,0,0,0,0,0,0,0,0,0,0,0,1,System OK,OK
2026-09-24,14:23:33,0,0,0,0,0,0,0,0,0,0,0,1,System OK,OK
2026-09-24,14:23:34,0,0,0,0,0,0,0,0,0,0,0,1,System OK,OK
2026-09-24,14:23:35,0,0,0,0,0,0,0,0,0,0,0,1,System OK,OK
2026-09-24,14:23:36,0,0,0,0,0,0,0,0,0,0,0,1,System OK,OK
2026-09-24,14:23:37,0,0,0,0,0,0,0,0,0,0,0,1,System OK,OK
2026-09-24,14:23:38,0,0,0,0,0,0,0,0,0,0,0,1,System OK,OK
2026-09-24,14:23:39,0,0,0,0,0,0,0,0,0,0,0,1,System OK,OK
2026-09-24,14:23:40,0,0,0,0,0,0,0,0,0,0,0,1,System OK,OK
2026-09-24,14:23:41,0,0,0,0,0,0,0,0,0,0,0,1,System OK,OK
2026-09-24,14:23:42,0,0,0,0,0,0,0,0,0,0,0,1,System OK,OK
2026-09-24,14:23:43,0,0,0,0,0,0,0,0,0,0,0,1,System OK,OK
2026-09-24,14:23:44,0,0,0,0,0,0,0,0,0,0,0,1,System OK,OK
2026-09-24,14:23:45,0,0,0,0,0,0,0,0,0,0,0,1,System OK,OK
2026-09-24,14:23:46,0,0,0,0,0,0,0,0,0,0,0,1,System OK,OK
2026-09-24,14:23:47,0,0,0,0,0,0,0,0,0,0,0,1,System OK,OK
2026-09-24,14:23:48,0,0,0,0,0,0,0,0,0,0,0,1,System OK,OK
2026-09-24,14:23:49,0,0,0,0,0,0,0,0,0,0,0,1,System OK,OK
2026-09-24,14:23:50,0,0,0,0,0,0,0,0,0,0,0,1,System OK,OK
2026-09-24,14:23:51,0,0,0,0,0,0,0,0,0,0,0,1,System OK,OK
2026-09-24,14:23:52,0,0,0,0,0,0,0,0,0,0,0,1,System OK,OK
2026-09-24,14:23:53,0,0,0,0,0,0,0,0,0,0,0,1,System OK,OK
2026-09-24,14:23:54,0,0,0,0,0,0,0,0,0,0,0,1,System OK,OK
2026-09-24,14:23:55,0,0,0,0,0,0,0,0,0,0,0,1,System OK,OK
2026-09-24,14:23:56,0,0,0,0,0,0,0,0,0,0,0,1,System OK,OK
2026-09-24,14:23:57,0,0,0,0,0,0,0,0,0,0,0,1,System OK,OK
2026-09-24,14:23:58,0,0,0,0,0,0,0,0,0,0,0,1,System OK,OK
2026-09-24,14:23:59,0,0,0,0,0,0,0,0,0,0,0,1,System OK,OK
2026-09-24,14:24:00,0,0,0,0,0,0,0,0,0,0,0,1,System OK,OK
2026-09-24,14:24:01,0,0,0,0,0,0,0,0,0,0,0,1,System OK,OK
2026-09-24,14:24:02,0,0,0,0,0,0,0,0,0,0,0,1,System OK,OK
2026-09-24,14:24:03,0,0,0,0,0,0,0,0,0,0,0,1,System OK,OK
2026-09-24,14:24:04,0,0,0,0,0,0,0,0,0,0,0,1,System OK,OK
2026-09-24,14:24:05,0,0,0,0,0,0,0,0,0,0,0,1,System OK,OK
2026-09-24,14:24:06,0,0,0,0,0,0,0,0,0,0,0,1,System OK,OK
2026-09-24,14:24:07,0,0,0,0,0,0,0,0,0,0,0,1,System OK,OK
2026-09-24,14:24:08,0,0,0,0,0,0,0,0,0,0,0,1,System OK,OK
2026-09-24,14:24:09,0,0,0,0,0,0,0,0,0,0,0,1,System OK,OK
2026-09-24,14:24:10,0,0,0,0,0,0,0,0,0,0,0,1,System OK,OK
2026-09-24,14:24:11,0,0,0,0,0,0,0,0,0,0,0,1,System OK,OK
2026-09-24,14:24:12,0,0,0,0,0,0,0,0,0,0,0,1,System OK,OK
2026-09-24,14:24:13,0,0,0,0,0,0,0,0,0,0,0,1,System OK,OK
2026-09-24,14:24:14,0,0,0,0,0,0,0,0,0,0,0,1,System OK,OK
2026-09-24,14:24:15,0,0,0,0,0,0,0,0,0,0,0,1,System OK,OK
2026-09-24,14:24:16,0,0,0,0,0,0,0,0,0,0,0,1,System OK,OK
2026-09-24,14:24:17,0,0,0,0,0,0,0,0,0,0,0,1,System OK,OK
2026-09-24,14:24:18,0,0,0,0,0,0,0,0,0,0,0,1,System OK,OK
2026-09-24,14:24:19,0,0,0,0,0,0,0,0,0,0,0,1,System OK,OK
2026-09-24,14:24:20,0,0,0,0,0,0,0,0,0,0,0,1,System OK,OK
2026-09-24,14:24:21,0,0,0,0,0,0,0,0,0,0,0,1,System OK,OK
2026-09-24,14:24:22,0,0,0,0,0,0,0,0,0,0,0,1,System OK,OK
2026-09-24,14:24:23,0,0,0,0,0,0,0,0,0,0,0,1,System OK,OK
2026-09-24,14:24:24,0,0,0,0,0,0,0,0,0,0,0,1,System OK,OK
2026-09-24,14:24:25,0,0,0,0,0,0,0,0,0,0,0,1,System OK,OK
2026-09-24,14:24:26,0,0,0,0,0,0,0,0,0,0,0,1,System OK,OK
2026-09-24,14:24:27,0,0,0,0,0,0,0,0,0,0,0,1,System OK,OK
2026-09-24,14:24:28,0,0,0,0,0,0,0,0,0,0,0,1,System OK,OK
2026-09-24,14:24:29,0,0,0,0,0,0,0,0,0,0,0,1,System OK,OK
2026-09-24,14:24:30,0,0,0,0,0,0,0,0,0,0,0,1,System OK,OK
2026-09-24,14:24:31,0,0,0,0,0,0,0,0,0,0,0,1,System OK,OK
2026-09-24,14:24:32,0,0,0,0,0,0,0,0,0,0,0,1,System OK,OK
2026-09-24,14:24:33,0,0,0,0,0,0,0,0,0,0,0,1,System OK,OK
2026-09-24,14:24:34,0,0,0,0,0,0,0,0,0,0,0,1,System OK,OK
2026-09-24,14:24:35,0,0,0,0,0,0,0,0,0,0,0,1,System OK,OK
2026-09-24,14:24:36,0,0,0,0,0,0,0,0,0,0,0,1,System OK,OK
2026-09-24,14:24:37,0,0,0,0,0,0,0,0,0,0,0,1,System OK,OK
2026-09-24,14:24:38,0,0,0,0,0,0,0,0,0,0,0,1,System OK,OK
2026-09-24,14:24:39,0,0,0,0,0,0,0,0,0,0,0,1,System OK,OK
2026-09-24,14:24:40,0,0,0,0,0,0,0,0,0,0,0,1,System OK,OK
2026-09-24,14:24:41,0,0,0,0,0,0,0,0,0,0,0,1,System OK,OK
2026-09-24,14:24:42,0,0,0,0,0,0,0,0,0,0,0,1,System OK,OK
2026-09-24,14:24:43,0,0,0,0,0,0,0,0,0,0,0,1,System OK,OK
2026-09-24,14:24:44,0,0,0,0,0,0,0,0,0,0,0,1,System OK,OK
2026-09-24,14:24:45,0,0,0,0,0,0,0,0,0,0,0,1,System OK,OK
2026-09-24,14:24:46,0,0,0,0,0,0,0,0,0,0,0,1,System OK,OK
2026-09-24,14:24:47,0,0,0,0,0,0,0,0,0,0,0,1,System OK,OK
2026-09-24,14:24:48,0,0,0,0,0,0,0,0,0,0,0,1,System OK,OK
2026-09-24,14:24:49,0,0,0,0,0,0,0,0,0,0,0,1,System OK,OK
2026-09-24,14:24:50,0,0,0,0,0,0,0,0,0,0,0,1,System OK,OK
2026-09-24,14:24:51,0,0,0,0,0,0,0,0,0,0,0,1,System OK,OK
2026-09-24,14:24:52,0,0,0,0,0,0,0,0,0,0,0,1,System OK,OK
2026-09-24,14:24:53,0,0,0,0,0,0,0,0,0,0,0,1,System OK,OK
2026-09-24,14:24:54,0,0,0,0,0,0,0,0,0,0,0,1,System OK,OK
2026-09-24,14:24:55,0,0,0,0,0,0,0,0,0,0,0,1,System OK,OK
2026-09-24,14:24:56,0,0,0,0,0,0,0,0,0,0,0,1,System OK,OK
2026-09-24,14:24:57,0,0,0,0,0,0,0,0,0,0,0,1,System OK,OK
2026-09-24,14:24:58,0,0,0,0,0,0,0,0,0,0,0,1,System OK,OK
2026-09-24,14:24:59,0,0,0,0,0,0,0,0,0,0,0,1,System OK,OK
2026-09-24,14:25:00,0,0,0,0,0,0,0,0,0,0,0,1,System OK,OK
2026-09-24,14:25:01,0,0,0,0,0,0,0,0,0,0,0,1,System OK,OK
2026-09-24,14:25:02,0,0,0,0,0,0,0,0,0,0,0,1,System OK,OK
2026-09-24,14:25:03,0,0,0,0,0,0,0,0,0,0,0,1,System OK,OK
2026-09-24,14:25:04,0,0,0,0,0,0,0,0,0,0,0,1,System OK,OK
2026-09-24,14:25:05,0,0,0,0,0,0,0,0,0,0,0,1,System OK,OK
2026-09-24,14:25:06,0,0,0,0,0,0,0,0,0,0,0,1,System OK,OK
2026-09-24,14:25:07,0,0,0,0,0,0,0,0,0,0,0,1,System OK,OK
2026-09-24,14:25:08,0,0,0,0,0,0,0,0,0,0,0,1,System OK,OK
2026-09-24,14:25:09,0,0,0,0,0,0,0,0,0,0,0,1,System OK,OK
2026-09-24,14:25:10,0,0,0,0,0,0,0,0,0,0,0,1,System OK,OK
2026-09-24,14:25:11,0,0,0,0,0,0,0,0,0,0,0,1,System OK,OK
2026-09-24,14:25:12,0,0,0,0,0,0,0,0,0,0,0,1,System OK,OK
2026-09-24,14:25:13,0,0,0,0,0,0,0,0,0,0,0,1,System OK,OK
2026-09-24,14:25:14,0,0,0,0,0,0,0,0,0,0,0,1,System OK,OK
2026-09-24,14:25:15,0,0,0,0,0,0,0,0,0,0,0,1,System OK,OK
2026-09-24,14:25:16,0,0,0,0,0,0,0,0,0,0,0,1,System OK,OK
2026-09-24,14:25:17,0,0,0,0,0,0,0,0,0,0,0,1,System OK,OK
2026-09-24,14:25:18,0,0,0,0,0,0,0,0,0,0,0,1,System OK,OK
2026-09-24,14:25:19,0,0,0,0,0,0,0,0,0,0,0,1,System OK,OK
2026-09-24,14:25:20,0,0,0,0,0,0,0,0,0,0,0,1,System OK,OK
2026-09-24,14:25:21,0,0,0,0,0,0,0,0,0,0,0,1,System OK,OK
2026-09-24,14:25:22,0,0,0,0,0,0,0,0,0,0,0,1,System OK,OK
2026-09-24,14:25:23,0,0,0,0,0,0,0,0,0,0,0,1,System OK,OK
2026-09-24,14:25:24,0,0,0,0,0,0,0,0,0,0,0,1,System OK,OK
2026-09-24,14:25:25,0,0,0,0,0,0,0,0,0,0,0,1,System OK,OK
2026-09-24,14:25:26,0,0,0,0,0,0,0,0,0,0,0,1,System OK,OK
2026-09-24,14:25:27,0,0,0,0,0,0,0,0,0,0,0,1,System OK,OK
2026-09-24,14:25:28,0,0,0,0,0,0,0,0,0,0,0,1,System OK,OK
2026-09-24,14:25:29,0,0,0,0,0,0,0,0,0,0,0,1,System OK,OK
2026-09-24,14:25:30,0,0,0,0,0,0,0,0,0,0,0,1,System OK,OK
2026-09-24,14:25:31,0,0,0,0,0,0,0,0,0,0,0,1,System OK,OK
2026-09-24,14:25:32,0,0,0,0,0,0,0,0,0,0,0,1,System OK,OK
2026-09-24,14:25:33,0,0,0,0,0,0,0,0,0,0,0,1,System OK,OK
2026-09-24,14:25:34,0,0,0,0,0,0,0,0,0,0,0,1,System OK,OK
2026-09-24,14:25:35,0,0,0,0,0,0,0,0,0,0,0,1,System OK,OK
2026-09-24,14:25:36,0,0,0,0,0,0,0,0,0,0,0,1,System OK,OK
2026-09-24,14:25:37,0,0,0,0,0,0,0,0,0,0,0,1,System OK,OK
2026-09-24,14:25:38,0,0,0,0,0,0,0,0,0,0,0,1,System OK,OK
2026-09-24,14:25:39,0,0,0,0,0,0,0,0,0,0,0,1,System OK,OK
2026-09-24,14:25:40,0,0,0,0,0,0,0,0,0,0,0,1,System OK,OK
2026-09-24,14:25:41,0,0,0,0,0,0,0,0,0,0,0,1,System OK,OK
2026-09-24,14:25:42,0,0,0,0,0,0,0,0,0,0,0,1,System OK,OK
2026-09-24,14:25:43,0,0,0,0,0,0,0,0,0,0,0,1,System OK,OK
2026-09-24,14:25:44,0,0,0,0,0,0,0,0,0,0,0,1,System OK,OK
2026-09-24,14:25:45,0,0,0,0,0,0,0,0,0,0,0,1,System OK,OK
2026-09-24,14:25:46,0,0,0,0,0,0,0,0,0,0,0,1,System OK,OK
2026-09-24,14:25:47,0,0,0,0,0,0,0,0,0,0,0,1,System OK,OK
2026-09-24,14:25:48,0,0,0,0,0,0,0,0,0,0,0,1,System OK,OK
2026-09-24,14:25:49,0,0,0,0,0,0,0,0,0,0,0,1,System OK,OK
2026-09-24,14:25:50,0,0,0,0,0,0,0,0,0,0,0,1,System OK,OK
2026-09-24,14:25:51,0,0,0,0,0,0,0,0,0,0,0,1,System OK,OK
2026-09-24,14:25:52,0,0,0,0,0,0,0,0,0,0,0,1,System OK,OK
2026-09-24,14:25:53,0,0,0,0,0,0,0,0,0,0,0,1,System OK,OK
2026-09-24,14:25:54,0,0,0,0,0,0,0,0,0,0,0,1,System OK,OK
2026-09-24,14:25:55,0,0,0,0,0,0,0,0,0,0,0,1,System OK,OK
2026-09-24,14:25:56,0,0,0,0,0,0,0,0,0,0,0,1,System OK,OK
2026-09-24,14:25:57,0,0,0,0,0,0,0,0,0,0,0,1,System OK,OK
2026-09-24,14:25:58,0,0,0,0,0,0,0,0,0,0,0,1,System OK,OK
2026-09-24,14:25:59,0,0,0,0,0,0,0,0,0,0,0,1,System OK,OK
2026-09-24,14:26:00,0,0,0,0,0,0,0,0,0,0,0,1,System OK,OK
2026-09-24,14:26:01,0,0,0,0,0,0,0,0,0,0,0,1,System OK,OK
2026-09-24,14:26:02,0,0,0,0,0,0,0,0,0,0,0,1,System OK,OK
2026-09-24,14:26:03,0,0,0,0,0,0,0,0,0,0,0,1,System OK,OK
2026-09-24,14:26:04,0,0,0,0,0,0,0,0,0,0,0,1,System OK,OK
2026-09-24,14:26:05,0,0,0,0,0,0,0,0,0,0,0,1,System OK,OK
2026-09-24,14:26:06,0,0,0,0,0,0,0,0,0,0,0,1,System OK,OK
2026-09-24,14:26:07,0,0,0,0,0,0,0,0,0,0,0,1,System OK,OK
2026-09-24,14:26:08,0,0,0,0,0,0,0,0,0,0,0,1,System OK,OK
2026-09-24,14:26:09,0,0,0,0,0,0,0,0,0,0,0,1,System OK,OK
2026-09-24,14:26:10,0,0,0,0,0,0,0,0,0,0,0,1,System OK,OK
2026-09-24,14:26:11,0,0,0,0,0,0,0,0,0,0,0,1,System OK,OK
2026-09-24,14:26:12,0,0,0,0,0,0,0,0,0,0,0,1,System OK,OK
2026-09-24,14:26:13,0,0,0,0,0,0,0,0,0,0,0,1,System OK,OK
2026-09-24,14:26:14,0,0,0,0,0,0,0,0,0,0,0,1,System OK,OK
2026-09-24,14:26:15,0,0,0,0,0,0,0,0,0,0,0,1,System OK,OK
2026-09-24,14:26:16,0,0,0,0,0,0,0,0,0,0,0,1,System OK,OK
2026-09-24,14:26:17,0,0,0,0,0,0,0,0,0,0,0,1,System OK,OK
2026-09-24,14:26:18,0,0,0,0,0,0,0,0,0,0,0,1,System OK,OK
2026-09-24,14:26:19,0,0,0,0,0,0,0,0,0,0,0,1,System OK,OK
2026-09-24,14:26:20,0,0,0,0,0,0,0,0,0,0,0,1,System OK,OK
2026-09-24,14:26:21,0,0,0,0,0,0,0,0,0,0,0,1,System OK,OK
2026-09-24,14:26:22,0,0,0,0,0,0,0,0,0,0,0,1,System OK,OK
2026-09-24,14:26:23,0,0,0,0,0,0,0,0,0,0,0,1,System OK,OK
2026-09-24,14:26:24,0,0,0,0,0,0,0,0,0,0,0,1,System OK,OK
2026-09-24,14:26:25,0,0,0,0,0,0,0,0,0,0,0,1,System OK,OK
2026-09-24,14:26:26,0,0,0,0,0,0,0,0,0,0,0,1,System OK,OK
2026-09-24,14:26:27,0,0,0,0,0,0,0,0,0,0,0,1,System OK,OK
2026-09-24,14:26:28,0,0,0,0,0,0,0,0,0,0,0,1,System OK,OK
2026-09-24,14:26:29,0,0,0,0,0,0,0,0,0,0,0,1,System OK,OK
2026-09-24,14:26:30,0,0,0,0,0,0,0,0,0,0,0,1,System OK,OK
2026-09-24,14:26:31,0,0,0,0,0,0,0,0,0,0,0,1,System OK,OK
2026-09-24,14:26:32,0,0,0,0,0,0,0,0,0,0,0,1,System OK,OK
2026-09-24,14:26:33,0,0,0,0,0,0,0,0,0,0,0,1,System OK,OK
2026-09-24,14:26:34,0,0,0,0,0,0,0,0,0,0,0,1,System OK,OK
2026-09-24,14:26:35,0,0,0,0,0,0,0,0,0,0,0,1,System OK,OK
2026-09-24,14:26:36,0,0,0,0,0,0,0,0,0,0,0,1,System OK,OK
2026-09-24,14:26:37,0,0,0,0,0,0,0,0,0,0,0,1,System OK,OK
2026-09-24,14:26:38,0,0,0,0,0,0,0,0,0,0,0,1,System OK,OK
2026-09-24,14:26:39,0,0,0,0,0,0,0,0,0,0,0,1,System OK,OK
2026-09-24,14:26:40,0,0,0,0,0,0,0,0,0,0,0,1,System OK,OK
2026-09-24,14:26:41,0,0,0,0,0,0,0,0,0,0,0,1,System OK,OK
2026-09-24,14:26:42,0,0,0,0,0,0,0,0,0,0,0,1,System OK,OK
2026-09-24,14:26:43,0,0,0,0,0,0,0,0,0,0,0,1,System OK,OK
2026-09-24,14:26:44,0,0,0,0,0,0,0,0,0,0,0,1,System OK,OK
2026-09-24,14:26:45,0,0,0,0,0,0,0,0,0,0,0,1,System OK,OK
2026-09-24,14:26:46,0,0,0,0,0,0,0,0,0,0,0,1,System OK,OK
2026-09-24,14:26:47,0,0,0,0,0,0,0,0,0,0,0,1,System OK,OK
2026-09-24,14:26:48,0,0,0,0,0,0,0,0,0,0,0,1,System OK,OK
2026-09-24,14:26:49,0,0,0,0,0,0,0,0,0,0,0,1,System OK,OK
2026-09-24,14:26:50,0,0,0,0,0,0,0,0,0,0,0,1,System OK,OK
2026-09-24,14:26:51,0,0,0,0,0,0,0,0,0,0,0,1,System OK,OK
2026-09-24,14:26:52,0,0,0,0,0,0,0,0,0,0,0,1,System OK,OK
2026-09-24,14:26:53,0,0,0,0,0,0,0,0,0,0,0,1,System OK,OK
2026-09-24,14:26:54,0,0,0,0,0,0,0,0,0,0,0,1,System OK,OK
2026-09-24,14:26:55,0,0,0,0,0,0,0,0,0,0,0,1,System OK,OK
2026-09-24,14:26:56,0,0,0,0,0,0,0,0,0,0,0,1,System OK,OK
2026-09-24,14:26:57,0,0,0,0,0,0,0,0,0,0,0,1,System OK,OK
2026-09-24,14:26:58,0,0,0,0,0,0,0,0,0,0,0,1,System OK,OK
2026-09-24,14:26:59,0,0,0,0,0,0,0,0,0,0,0,1,System OK,OK
2026-09-24,14:27:00,0,0,0,0,0,0,0,0,0,0,0,1,System OK,OK
2026-09-24,14:27:01,0,0,0,0,0,0,0,0,0,0,0,1,System OK,OK
2026-09-24,14:27:02,0,0,0,0,0,0,0,0,0,0,0,1,System OK,OK
2026-09-24,14:27:03,0,0,0,0,0,0,0,0,0,0,0,1,System OK,OK
2026-09-24,14:27:04,0,0,0,0,0,0,0,0,0,0,0,1,System OK,OK
2026-09-24,14:27:05,0,0,0,0,0,0,0,0,0,0,0,1,System OK,OK
2026-09-24,14:27:06,0,0,0,0,0,0,0,0,0,0,0,1,System OK,OK
2026-09-24,14:27:07,0,0,0,0,0,0,0,0,0,0,0,1,System OK,OK
2026-09-24,14:27:08,0,0,0,0,0,0,0,0,0,0,0,1,System OK,OK
2026-09-24,14:27:09,0,0,0,0,0,0,0,0,0,0,0,1,System OK,OK
2026-09-24,14:27:10,0,0,0,0,0,0,0,0,0,0,0,1,System OK,OK
2026-09-24,14:27:11,0,0,0,0,0,0,0,0,0,0,0,1,System OK,OK
2026-09-24,14:27:12,0,0,0,0,0,0,0,0,0,0,0,1,System OK,OK
2026-09-24,14:27:13,0,0,0,0,0,0,0,0,0,0,0,1,System OK,OK
2026-09-24,14:27:14,0,0,0,0,0,0,0,0,0,0,0,1,System OK,OK
2026-09-24,14:27:15,0,0,0,0,0,0,0,0,0,0,0,1,System OK,OK
2026-09-24,14:27:16,0,0,0,0,0,0,0,0,0,0,0,1,System OK,OK
2026-09-24,14:27:17,0,0,0,0,0,0,0,0,0,0,0,1,System OK,OK
2026-09-24,14:27:18,0,0,0,0,0,0,0,0,0,0,0,1,System OK,OK
2026-09-24,14:27:19,0,0,0,0,0,0,0,0,0,0,0,1,System OK,OK
2026-09-24,14:27:20,0,0,0,0,0,0,0,0,0,0,0,1,System OK,OK
2026-09-24,14:27:21,0,0,0,0,0,0,0,0,0,0,0,1,System OK,OK
2026-09-24,14:27:22,0,0,0,0,0,0,0,0,0,0,0,1,System OK,OK
2026-09-24,14:27:23,0,0,0,0,0,0,0,0,0,0,0,1,System OK,OK
2026-09-24,14:27:24,0,0,0,0,0,0,0,0,0,0,0,1,System OK,OK
2026-09-24,14:27:25,0,0,0,0,0,0,0,0,0,0,0,1,System OK,OK
2026-09-24,14:27:26,0,0,0,0,0,0,0,0,0,0,0,1,System OK,OK
2026-09-24,14:27:27,0,0,0,0,0,0,0,0,0,0,0,1,System OK,OK
2026-09-24,14:27:28,0,0,0,0,0,0,0,0,0,0,0,1,System OK,OK
2026-09-24,14:27:29,0,0,0,0,0,0,0,0,0,0,0,1,System OK,OK
2026-09-24,14:27:30,0,0,0,0,0,0,0,0,0,0,0,1,System OK,OK
2026-09-24,14:27:31,0,0,0,0,0,0,0,0,0,0,0,1,System OK,OK
2026-09-24,14:27:32,0,0,0,0,0,0,0,0,0,0,0,1,System OK,OK
2026-09-24,14:27:33,0,0,0,0,0,0,0,0,0,0,0,1,System OK,OK
2026-09-24,14:27:34,0,0,0,0,0,0,0,0,0,0,0,1,System OK,OK
2026-09-24,14:27:35,0,0,0,0,0,0,0,0,0,0,0,1,System OK,OK
2026-09-24,14:27:36,0,0,0,0,0,0,0,0,0,0,0,1,System OK,OK
2026-09-24,14:27:37,0,0,0,0,0,0,0,0,0,0,0,1,System OK,OK
2026-09-24,14:27:38,0,0,0,0,0,0,0,0,0,0,0,1,System OK,OK
2026-09-24,14:27:39,0,0,0,0,0,0,0,0,0,0,0,1,System OK,OK
2026-09-24,14:27:40,0,0,0,0,0,0,0,0,0,0,0,1,System OK,OK
2026-09-24,14:27:41,0,0,0,0,0,0,0,0,0,0,0,1,System OK,OK
2026-09-24,14:27:42,0,0,0,0,0,0,0,0,0,0,0,1,System OK,OK
2026-09-24,14:27:43,0,0,0,0,0,0,0,0,0,0,0,1,System OK,OK
2026-09-24,14:27:44,0,0,0,0,0,0,0,0,0,0,0,1,System OK,OK
2026-09-24,14:27:45,0,0,0,0,0,0,0,0,0,0,0,1,System OK,OK
2026-09-24,14:27:46,0,0,0,0,0,0,0,0,0,0,0,1,System OK,OK
2026-09-24,14:27:47,0,0,0,0,0,0,0,0,0,0,0,1,System OK,OK
2026-09-24,14:27:48,0,0,0,0,0,0,0,0,0,0,0,1,System OK,OK
2026-09-24,14:27:49,0,0,0,0,0,0,0,0,0,0,0,1,System OK,OK
2026-09-24,14:27:50,0,0,0,0,0,0,0,0,0,0,0,1,System OK,OK
2026-09-24,14:27:51,0,0,0,0,0,0,0,0,0,0,0,1,System OK,OK
2026-09-24,14:27:52,0,0,0,0,0,0,0,0,0,0,0,1,System OK,OK
2026-09-24,14:27:53,0,0,0,0,0,0,0,0,0,0,0,1,System OK,OK
2026-09-24,14:27:54,0,0,0,0,0,0,0,0,0,0,0,1,System OK,OK
2026-09-24,14:27:55,0,0,0,0,0,0,0,0,0,0,0,1,System OK,OK
2026-09-24,14:27:56,0,0,0,0,0,0,0,0,0,0,0,1,System OK,OK
2026-09-24,14:27:57,0,0,0,0,0,0,0,0,0,0,0,1,System OK,OK
2026-09-24,14:27:58,0,0,0,0,0,0,0,0,0,0,0,1,System OK,OK
2026-09-24,14:27:59,0,0,0,0,0,0,0,0,0,0,0,1,System OK,OK
2026-09-24,14:28:00,0,0,0,0,0,0,0,0,0,0,0,1,System OK,OK
2026-09-24,14:28:01,0,0,0,0,0,0,0,0,0,0,0,1,System OK,OK
2026-09-24,14:28:02,0,0,0,0,0,0,0,0,0,0,0,1,System OK,OK
2026-09-24,14:28:03,0,0,0,0,0,0,0,0,0,0,0,1,System OK,OK
2026-09-24,14:28:04,0,0,0,0,0,0,0,0,0,0,0,1,System OK,OK
2026-09-24,14:28:05,0,0,0,0,0,0,0,0,0,0,0,1,System OK,OK
2026-09-24,14:28:06,0,0,0,0,0,0,0,0,0,0,0,1,System OK,OK
2026-09-24,14:28:07,0,0,0,0,0,0,0,0,0,0,0,1,System OK,OK
2026-09-24,14:28:08,0,0,0,0,0,0,0,0,0,0,0,1,System OK,OK
2026-09-24,14:28:09,0,0,0,0,0,0,0,0,0,0,0,1,System OK,OK
2026-09-24,14:28:10,0,0,0,0,0,0,0,0,0,0,0,1,System OK,OK
2026-09-24,14:28:11,0,0,0,0,0,0,0,0,0,0,0,1,System OK,OK
2026-09-24,14:28:12,0,0,0,0,0,0,0,0,0,0,0,1,System OK,OK
2026-09-24,14:28:13,0,0,0,0,0,0,0,0,0,0,0,1,System OK,OK
2026-09-24,14:28:14,0,0,0,0,0,0,0,0,0,0,0,1,System OK,OK
2026-09-24,14:28:15,0,0,0,0,0,0,0,0,0,0,0,1,System OK,OK
2026-09-24,14:28:16,0,0,0,0,0,0,0,0,0,0,0,1,System OK,OK
2026-09-24,14:28:17,0,0,0,0,0,0,0,0,0,0,0,1,System OK,OK
2026-09-24,14:28:18,0,0,0,0,0,0,0,0,0,0,0,1,System OK,OK
2026-09-24,14:28:19,0,0,0,0,0,0,0,0,0,0,0,1,System OK,OK
2026-09-24,14:28:20,0,0,0,0,0,0,0,0,0,0,0,1,System OK,OK
2026-09-24,14:28:21,0,0,0,0,0,0,0,0,0,0,0,1,System OK,OK
2026-09-24,14:28:22,0,0,0,0,0,0,0,0,0,0,0,1,System OK,OK
2026-09-24,14:28:23,0,0,0,0,0,0,0,0,0,0,0,1,System OK,OK
2026-09-24,14:28:24,0,0,0,0,0,0,0,0,0,0,0,1,System OK,OK
2026-09-24,14:28:25,0,0,0,0,0,0,0,0,0,0,0,1,System OK,OK
2026-09-24,14:28:26,0,0,0,0,0,0,0,0,0,0,0,1,System OK,OK
2026-09-24,14:28:27,0,0,0,0,0,0,0,0,0,0,0,1,System OK,OK
2026-09-24,14:28:28,0,0,0,0,0,0,0,0,0,0,0,1,System OK,OK
2026-09-24,14:28:29,0,0,0,0,0,0,0,0,0,0,0,1,System OK,OK
2026-09-24,14:28:30,0,0,0,0,0,0,0,0,0,0,0,1,System OK,OK
2026-09-24,14:28:31,0,0,0,0,0,0,0,0,0,0,0,1,System OK,OK
2026-09-24,14:28:32,0,0,0,0,0,0,0,0,0,0,0,1,System OK,OK
2026-09-24,14:28:33,0,0,0,0,0,0,0,0,0,0,0,1,System OK,OK
2026-09-24,14:28:34,0,0,0,0,0,0,0,0,0,0,0,1,System OK,OK
2026-09-24,14:28:35,0,0,0,0,0,0,0,0,0,0,0,1,System OK,OK
2026-09-24,14:28:36,0,0,0,0,0,0,0,0,0,0,0,1,System OK,OK
2026-09-24,14:28:37,0,0,0,0,0,0,0,0,0,0,0,1,System OK,OK
2026-09-24,14:28:38,0,0,0,0,0,0,0,0,0,0,0,1,System OK,OK
2026-09-24,14:28:39,0,0,0,0,0,0,0,0,0,0,0,1,System OK,OK
2026-09-24,14:28:40,0,0,0,0,0,0,0,0,0,0,0,1,System OK,OK
2026-09-24,14:28:41,0,0,0,0,0,0,0,0,0,0,0,1,System OK,OK
2026-09-24,14:28:42,0,0,0,0,0,0,0,0,0,0,0,1,System OK,OK
2026-09-24,14:28:43,0,0,0,0,0,0,0,0,0,0,0,1,System OK,OK
2026-09-24,14:28:44,0,0,0,0,0,0,0,0,0,0,0,1,System OK,OK
2026-09-24,14:28:45,0,0,0,0,0,0,0,0,0,0,0,1,System OK,OK
2026-09-24,14:28:46,0,0,0,0,0,0,0,0,0,0,0,1,System OK,OK
2026-09-24,14:28:47,0,0,0,0,0,0,0,0,0,0,0,1,System OK,OK
2026-09-24,14:28:48,0,0,0,0,0,0,0,0,0,0,0,1,System OK,OK
2026-09-24,14:28:49,0,0,0,0,0,0,0,0,0,0,0,1,System OK,OK
2026-09-24,14:28:50,0,0,0,0,0,0,0,0,0,0,0,1,System OK,OK
2026-09-24,14:28:51,0,0,0,0,0,0,0,0,0,0,0,1,System OK,OK
2026-09-24,14:28:52,0,0,0,0,0,0,0,0,0,0,0,1,System OK,OK
2026-09-24,14:28:53,0,0,0,0,0,0,0,0,0,0,0,1,System OK,OK
2026-09-24,14:28:54,0,0,0,0,0,0,0,0,0,0,0,1,System OK,OK
2026-09-24,14:28:55,0,0,0,0,0,0,0,0,0,0,0,1,System OK,OK
2026-09-24,14:28:56,0,0,0,0,0,0,0,0,0,0,0,1,System OK,OK
2026-09-24,14:28:57,0,0,0,0,0,0,0,0,0,0,0,1,System OK,OK
2026-09-24,14:28:58,0,0,0,0,0,0,0,0,0,0,0,1,System OK,OK
2026-09-24,14:28:59,0,0,0,0,0,0,0,0,0,0,0,1,System OK,OK
2026-09-24,14:29:00,0,0,0,0,0,0,0,0,0,0,0,1,System OK,OK
2026-09-24,14:29:01,0,0,0,0,0,0,0,0,0,0,0,1,System OK,OK
2026-09-24,14:29:02,0,0,0,0,0,0,0,0,0,0,0,1,System OK,OK
2026-09-24,14:29:03,0,0,0,0,0,0,0,0,0,0,0,1,System OK,OK
2026-09-24,14:29:04,0,0,0,0,0,0,0,0,0,0,0,1,System OK,OK
2026-09-24,14:29:05,0,0,0,0,0,0,0,0,0,0,0,1,System OK,OK
2026-09-24,14:29:06,0,0,0,0,0,0,0,0,0,0,0,1,System OK,OK
2026-09-24,14:29:07,0,0,0,0,0,0,0,0,0,0,0,1,System OK,OK
2026-09-24,14:29:08,0,0,0,0,0,0,0,0,0,0,0,1,System OK,OK
2026-09-24,14:29:09,0,0,0,0,0,0,0,0,0,0,0,1,System OK,OK
2026-09-24,14:29:10,0,0,0,0,0,0,0,0,0,0,0,1,System OK,OK
2026-09-24,14:29:11,0,0,0,0,0,0,0,0,0,0,0,1,System OK,OK
2026-09-24,14:29:12,0,0,0,0,0,0,0,0,0,0,0,1,System OK,OK
2026-09-24,14:29:13,0,0,0,0,0,0,0,0,0,0,0,1,System OK,OK
2026-09-24,14:29:14,0,0,0,0,0,0,0,0,0,0,0,1,System OK,OK
2026-09-24,14:29:15,0,0,0,0,0,0,0,0,0,0,0,1,System OK,OK
2026-09-24,14:29:16,0,0,0,0,0,0,0,0,0,0,0,1,System OK,OK
2026-09-24,14:29:17,0,0,0,0,0,0,0,0,0,0,0,1,System OK,OK
2026-09-24,14:29:18,0,0,0,0,0,0,0,0,0,0,0,1,System OK,OK
2026-09-24,14:29:19,0,0,0,0,0,0,0,0,0,0,0,1,System OK,OK
2026-09-24,14:29:20,0,0,0,0,0,0,0,0,0,0,0,1,System OK,OK
2026-09-24,14:29:21,0,0,0,0,0,0,0,0,0,0,0,1,System OK,OK
2026-09-24,14:29:22,0,0,0,0,0,0,0,0,0,0,0,1,System OK,OK
2026-09-24,14:29:23,0,0,0,0,0,0,0,0,0,0,0,1,System OK,OK
2026-09-24,14:29:24,0,0,0,0,0,0,0,0,0,0,0,1,System OK,OK
2026-09-24,14:29:25,0,0,0,0,0,0,0,0,0,0,0,1,System OK,OK
2026-09-24,14:29:26,0,0,0,0,0,0,0,0,0,0,0,1,System OK,OK
2026-09-24,14:29:27,0,0,0,0,0,0,0,0,0,0,0,1,System OK,OK
2026-09-24,14:29:28,0,0,0,0,0,0,0,0,0,0,0,1,System OK,OK
2026-09-24,14:29:29,0,0,0,0,0,0,0,0,0,0,0,1,System OK,OK
2026-09-24,14:29:30,0,0,0,0,0,0,0,0,0,0,0,1,System OK,OK
2026-09-24,14:29:31,0,0,0,0,0,0,0,0,0,0,0,1,System OK,OK
2026-09-24,14:29:32,0,0,0,0,0,0,0,0,0,0,0,1,System OK,OK
2026-09-24,14:29:33,0,0,0,0,0,0,0,0,0,0,0,1,System OK,OK
2026-09-24,14:29:34,0,0,0,0,0,0,0,0,0,0,0,1,System OK,OK
2026-09-24,14:29:35,0,0,0,0,0,0,0,0,0,0,0,1,System OK,OK
2026-09-24,14:29:36,0,0,0,0,0,0,0,0,0,0,0,1,System OK,OK
2026-09-24,14:29:37,0,0,0,0,0,0,0,0,0,0,0,1,System OK,OK
2026-09-24,14:29:38,0,0,0,0,0,0,0,0,0,0,0,1,System OK,OK
2026-09-24,14:29:39,0,0,0,0,0,0,0,0,0,0,0,1,System OK,OK
2026-09-24,14:29:40,0,0,0,0,0,0,0,0,0,0,0,1,System OK,OK
2026-09-24,14:29:41,0,0,0,0,0,0,0,0,0,0,0,1,System OK,OK
2026-09-24,14:29:42,0,0,0,0,0,0,0,0,0,0,0,1,System OK,OK
2026-09-24,14:29:43,0,0,0,0,0,0,0,0,0,0,0,1,System OK,OK
2026-09-24,14:29:44,0,0,0,0,0,0,0,0,0,0,0,1,System OK,OK
2026-09-24,14:29:45,0,0,0,0,0,0,0,0,0,0,0,1,System OK,OK
2026-09-24,14:29:46,0,0,0,0,0,0,0,0,0,0,0,1,System OK,OK
2026-09-24,14:29:47,0,0,0,0,0,0,0,0,0,0,0,1,System OK,OK
2026-09-24,14:29:48,0,0,0,0,0,0,0,0,0,0,0,1,System OK,OK
2026-09-24,14:29:49,0,0,0,0,0,0,0,0,0,0,0,1,System OK,OK
2026-09-24,14:29:50,0,0,0,0,0,0,0,0,0,0,0,1,System OK,OK
2026-09-24,14:29:51,0,0,0,0,0,0,0,0,0,0,0,1,System OK,OK
2026-09-24,14:29:52,0,0,0,0,0,0,0,0,0,0,0,1,System OK,OK
2026-09-24,14:29:53,0,0,0,0,0,0,0,0,0,0,0,1,System OK,OK
2026-09-24,14:29:54,0,0,0,0,0,0,0,0,0,0,0,1,System OK,OK
2026-09-24,14:29:55,0,0,0,0,0,0,0,0,0,0,0,1,System OK,OK
2026-09-24,14:29:56,0,0,0,0,0,0,0,0,0,0,0,1,System OK,OK
2026-09-24,14:29:57,0,0,0,0,0,0,0,0,0,0,0,1,System OK,OK
2026-09-24,14:29:58,0,0,0,0,0,0,0,0,0,0,0,1,System OK,OK
2026-09-24,14:29:59,0,0,0,0,0,0,0,0,0,0,0,1,System OK,OK
2026-09-24,14:30:00,0,0,0,0,0,0,0,0,0,0,0,1,System OK,OK
2026-09-24,14:30:01,0,0,0,0,0,0,0,0,0,0,0,1,System OK,OK
2026-09-24,14:30:02,0,0,0,0,0,0,0,0,0,0,0,1,System OK,OK
2026-09-24,14:30:03,0,0,0,0,0,0,0,0,0,0,0,1,System OK,OK
2026-09-24,14:30:04,0,0,0,0,0,0,0,0,0,0,0,1,System OK,OK
2026-09-24,14:30:05,0,0,0,0,0,0,0,0,0,0,0,1,System OK,OK
2026-09-24,14:30:06,0,0,0,0,0,0,0,0,0,0,0,1,System OK,OK
2026-09-24,14:30:07,0,0,0,0,0,0,0,0,0,0,0,1,System OK,OK
2026-09-24,14:30:08,0,0,0,0,0,0,0,0,0,0,0,1,System OK,OK
2026-09-24,14:30:09,0,0,0,0,0,0,0,0,0,0,0,1,System OK,OK
2026-09-24,14:30:10,0,0,0,0,0,0,0,0,0,0,0,1,System OK,OK
2026-09-24,14:30:11,0,0,0,0,0,0,0,0,0,0,0,1,System OK,OK
2026-09-24,14:30:12,0,0,0,0,0,0,0,0,0,0,0,1,System OK,OK
2026-09-24,14:30:13,0,0,0,0,0,0,0,0,0,0,0,1,System OK,OK
2026-09-24,14:30:14,0,0,0,0,0,0,0,0,0,0,0,1,System OK,OK
2026-09-24,14:30:15,0,0,0,0,0,0,0,0,0,0,0,1,System OK,OK
2026-09-24,14:30:16,0,0,0,0,0,0,0,0,0,0,0,1,System OK,OK
2026-09-24,14:30:17,0,0,0,0,0,0,0,0,1,0,152,1,Hello!,OK
2026-09-24,14:30:18,0,0,0,0,0,0,0,0,1,0,105,1,Hello!,OK
2026-09-24,14:30:19,0,0,0,0,0,0,0,0,1,0,105,1,Hello!,OK
2026-09-24,14:30:20,0,0,0,0,0,0,0,0,1,0,105,1,Hello!,OK
2026-09-24,14:30:21,0,0,0,0,0,0,0,0,1,0,105,1,Hello!,OK
2026-09-24,14:30:22,0,0,0,0,0,0,0,0,1,0,105,1,Hello!,OK
2026-09-24,14:30:23,0,0,0,0,0,0,0,0,1,0,105,1,Hello!,OK
2026-09-24,14:30:24,0,0,0,0,0,0,0,0,1,0,105,1,Hello!,OK
2026-09-24,14:30:25,0,0,0,0,0,0,0,0,1,0,105,1,Hello!,OK
2026-09-24,14:30:26,0,0,0,0,0,0,0,0,1,0,105,1,Hello!,OK
2026-09-24,14:30:27,0,0,0,0,0,0,0,0,1,0,105,1,Hello!,OK
2026-09-24,14:30:28,0,0,0,0,0,0,0,0,1,0,105,1,Hello!,OK
2026-09-24,14:30:29,0,0,0,0,0,0,0,0,1,0,105,1,Hello!,OK
2026-09-24,14:30:30,0,0,0,0,0,0,0,0,1,0,105,1,Hello!,OK
2026-09-24,14:30:31,0,0,0,0,0,0,0,0,1,0,105,1,Hello!,OK
2026-09-24,14:30:32,0,0,0,0,0,0,0,0,1,0,105,1,Hello!,OK
2026-09-24,14:30:33,0,0,0,0,0,0,0,0,1,0,105,1,Hello!,OK
2026-09-24,14:30:34,0,0,0,0,0,0,0,0,1,0,105,1,Hello!,OK
2026-09-24,14:30:35,0,0,0,0,0,0,0,0,1,0,105,1,Hello!,OK
2026-09-24,14:30:36,0,0,0,0,0,0,0,0,1,0,105,1,Hello!,OK
2026-09-24,14:30:37,0,0,0,0,0,0,0,0,1,0,105,1,Hello!,OK
2026-09-24,14:30:38,0,0,0,0,0,0,0,0,1,0,105,1,Hello!,OK
2026-09-24,14:30:39,0,0,0,0,0,0,0,0,1,0,105,1,Hello!,OK
2026-09-24,14:30:40,0,0,0,0,0,0,0,0,1,0,105,1,Hello!,OK
2026-09-24,14:30:41,0,0,0,0,0,0,0,0,1,0,105,1,Hello!,OK
2026-09-24,14:30:42,0,0,0,0,0,0,0,0,1,0,105,1,Hello!,OK
2026-09-24,14:30:43,0,0,0,0,0,0,0,0,1,0,105,1,Hello!,OK
2026-09-24,14:30:44,0,0,0,0,0,0,0,0,1,0,105,1,Hello!,OK
2026-09-24,14:30:45,0,0,0,0,0,0,0,0,1,0,105,1,Hello!,OK
2026-09-24,14:30:46,0,0,0,0,0,0,0,0,1,0,105,1,Hello!,OK
2026-09-24,14:30:47,0,0,0,0,0,0,0,0,1,0,105,1,Hello!,OK
2026-09-24,14:30:48,0,0,0,0,0,0,0,0,1,0,105,1,Hello!,OK
2026-09-24,14:30:49,0,0,0,0,0,0,0,0,1,0,105,1,Hello!,OK
2026-09-24,14:30:50,0,0,0,0,0,0,0,0,1,0,105,1,Hello!,OK
2026-09-24,14:30:51,0,0,0,0,0,0,0,0,1,0,105,1,Hello!,OK
2026-09-24,14:30:52,0,0,0,0,0,0,0,0,1,0,105,1,Hello!,OK
2026-09-24,14:30:53,0,0,0,0,0,0,0,0,1,0,105,1,Hello!,OK
2026-09-24,14:30:54,0,0,0,0,0,0,0,0,1,0,105,1,Hello!,OK
2026-09-24,14:30:55,0,0,0,0,0,0,0,0,1,0,105,1,Hello!,OK
2026-09-24,14:30:56,0,0,0,0,0,0,0,0,1,0,105,1,Hello!,OK
2026-09-24,14:30:57,0,0,0,0,0,0,0,0,1,0,105,1,Hello!,OK
2026-09-24,14:30:58,0,0,0,0,0,0,0,0,1,0,105,1,Hello!,OK
2026-09-24,14:30:59,0,0,0,0,0,0,0,0,1,0,105,1,Hello!,OK
2026-09-24,14:31:00,0,0,0,0,0,0,0,0,1,0,105,1,Hello!,OK
2026-09-24,14:31:01,0,0,0,0,0,0,0,0,1,0,105,1,Hello!,OK
2026-09-24,14:31:02,0,0,0,0,0,0,0,0,1,0,105,1,Hello!,OK
2026-09-24,14:31:03,0,0,0,0,0,0,0,0,1,0,105,1,Hello!,OK
2026-09-24,14:31:04,0,0,0,0,0,0,0,0,1,0,105,1,Hello!,OK
2026-09-24,14:31:05,0,0,0,0,0,0,0,0,1,0,105,1,Hello!,OK
2026-09-24,14:31:06,0,0,0,0,0,0,0,0,1,0,105,1,Hello!,OK
2026-09-24,14:31:07,0,0,0,0,0,0,0,0,1,0,105,1,Hello!,OK
2026-09-24,14:31:08,0,0,0,0,0,0,0,0,1,0,105,1,Hello!,OK
2026-09-24,14:31:09,0,0,0,0,0,0,0,0,1,0,105,1,Hello!,OK
2026-09-24,14:31:10,0,0,0,0,0,0,0,0,1,0,105,1,Hello!,OK
2026-09-24,14:31:11,0,0,0,0,0,0,0,0,1,0,105,1,Hello!,OK
2026-09-24,14:31:12,0,0,0,0,0,0,0,0,1,0,105,1,Hello!,OK
2026-09-24,14:31:13,0,0,0,0,0,0,0,0,1,0,105,1,Hello!,OK
2026-09-24,14:31:14,0,0,0,0,0,0,0,0,1,0,105,1,Hello!,OK
2026-09-24,14:31:15,0,0,0,0,0,0,0,0,1,0,105,1,Hello!,OK
2026-09-24,14:31:16,0,0,0,0,0,0,0,0,1,0,105,1,Hello!,OK
2026-09-24,14:31:17,0,0,0,0,0,0,0,0,1,0,105,1,Hello!,OK
2026-09-24,14:31:18,0,0,0,0,0,0,0,0,1,0,105,1,Hello!,OK
2026-09-24,14:31:19,0,0,0,0,0,0,0,0,1,0,105,1,Hello!,OK
2026-09-24,14:31:20,0,0,0,0,0,0,0,0,1,0,105,1,Hello!,OK
2026-09-24,14:31:21,0,0,0,0,0,0,0,0,1,0,105,1,Hello!,OK
2026-09-24,14:31:22,0,0,0,0,0,0,0,0,1,0,105,1,Hello!,OK
2026-09-24,14:31:23,0,0,0,0,0,0,0,0,1,0,105,1,Hello!,OK
2026-09-24,14:31:24,0,0,0,0,0,0,0,0,1,0,105,1,Hello!,OK
2026-09-24,14:31:25,0,0,0,0,0,0,0,0,1,0,105,1,Hello!,OK
2026-09-24,14:31:26,0,0,0,0,0,0,0,0,1,0,105,1,Hello!,OK
2026-09-24,14:31:27,0,0,0,0,0,0,0,0,1,0,105,1,Hello!,OK
2026-09-24,14:31:28,0,0,0,0,0,0,0,0,1,0,105,1,Hello!,OK
2026-09-24,14:31:29,0,0,0,0,0,0,0,0,1,0,105,1,Hello!,OK
2026-09-24,14:31:30,0,0,0,0,0,0,0,0,1,0,105,1,Hello!,OK
2026-09-24,14:31:31,0,0,0,0,0,0,0,0,1,0,105,1,Hello!,OK
2026-09-24,14:31:32,0,0,0,0,0,0,0,0,1,0,105,1,Hello!,OK
2026-09-24,14:31:33,0,0,0,0,0,0,0,0,1,0,105,1,Hello!,OK
2026-09-24,14:31:34,0,0,0,0,0,0,0,0,1,0,105,1,Hello!,OK
2026-09-24,14:31:35,0,0,0,0,0,0,0,0,1,0,105,1,Hello!,OK
2026-09-24,14:31:36,0,0,0,0,0,0,0,0,1,0,105,1,Hello!,OK
2026-09-24,14:31:37,0,0,0,0,0,0,0,0,1,0,105,1,Hello!,OK
2026-09-24,14:31:38,0,0,0,0,0,0,0,0,1,0,105,1,Hello!,OK
2026-09-24,14:31:39,0,0,0,0,0,0,0,0,1,0,105,1,Hello!,OK
2026-09-24,14:31:40,0,0,0,0,0,0,0,0,1,0,105,1,Hello!,OK
2026-09-24,14:31:41,0,0,0,0,0,0,0,0,1,0,105,1,Hello!,OK
2026-09-24,14:31:42,0,0,0,0,0,0,0,0,1,0,105,1,Hello!,OK
2026-09-24,14:31:43,0,0,0,0,0,0,0,0,1,0,105,1,Hello!,OK
2026-09-24,14:31:44,0,0,0,0,0,0,0,0,1,0,105,1,Hello!,OK
2026-09-24,14:31:45,0,0,0,0,0,0,0,0,1,0,105,1,Hello!,OK
2026-09-24,14:31:46,0,0,0,0,0,0,0,0,1,0,105,1,Hello!,OK
2026-09-24,14:31:47,0,0,0,0,0,0,0,0,1,0,105,1,Hello!,OK
2026-09-24,14:31:48,0,0,0,0,0,0,0,0,1,0,105,1,Hello!,OK
2026-09-24,14:31:49,0,0,0,0,0,0,0,0,1,0,105,1,Hello!,OK
2026-09-24,14:31:50,0,0,0,0,0,0,0,0,1,0,105,1,Hello!,OK
2026-09-24,14:31:51,0,0,0,0,0,0,0,0,1,0,105,1,Hello!,OK
2026-09-24,14:31:52,0,0,0,0,0,0,0,0,1,0,105,1,Hello!,OK
2026-09-24,14:31:53,0,0,0,0,0,0,0,0,1,0,105,1,Hello!,OK
2026-09-24,14:31:54,0,0,0,0,0,0,0,0,1,0,105,1,Hello!,OK
2026-09-24,14:31:55,0,0,0,0,0,0,0,0,1,0,105,1,Hello!,OK
2026-09-24,14:31:56,0,0,0,0,0,0,0,0,1,0,105,1,Hello!,OK
2026-09-24,14:31:57,0,0,0,0,0,0,0,0,1,0,105,1,Hello!,OK
2026-09-24,14:31:58,0,0,0,0,0,0,0,0,1,0,105,1,Hello!,OK
2026-09-24,14:31:59,0,0,0,0,0,0,0,0,1,0,105,1,Hello!,OK
2026-09-24,14:32:00,0,0,0,0,0,0,0,0,1,0,105,1,Hello!,OK
2026-09-24,14:32:01,0,0,0,0,0,0,0,0,1,0,105,1,Hello!,OK
2026-09-24,14:32:02,0,0,0,0,0,0,0,0,1,0,105,1,Hello!,OK
2026-09-24,14:32:03,0,0,0,0,0,0,0,0,1,0,105,1,Hello!,OK
2026-09-24,14:32:04,0,0,0,0,0,0,0,0,1,0,105,1,Hello!,OK
2026-09-24,14:32:05,0,0,0,0,0,0,0,0,1,0,105,1,Hello!,OK
2026-09-24,14:32:06,0,0,0,0,0,0,0,0,1,0,105,1,Hello!,OK
2026-09-24,14:32:07,0,0,0,0,0,0,0,0,1,0,105,1,Hello!,OK
2026-09-24,14:32:08,0,0,0,0,0,0,0,0,1,0,105,1,Hello!,OK
2026-09-24,14:32:09,0,0,0,0,0,0,0,0,1,0,105,1,Hello!,OK
2026-09-24,14:32:10,0,0,0,0,0,0,0,0,1,0,105,1,Hello!,OK
2026-09-24,14:32:11,0,0,0,0,0,0,0,0,1,0,105,1,Hello!,OK
2026-09-24,14:32:12,0,0,0,0,0,0,0,0,1,0,105,1,Hello!,OK
2026-09-24,14:32:13,0,0,0,0,0,0,0,0,1,0,105,1,Hello!,OK
2026-09-24,14:32:14,0,0,0,0,0,0,0,0,1,0,105,1,Hello!,OK
2026-09-24,14:32:15,0,0,0,0,0,0,0,0,1,0,105,1,Hello!,OK
2026-09-24,14:32:16,0,0,0,0,0,0,0,0,1,0,105,1,Hello!,OK
2026-09-24,14:32:17,0,0,0,0,0,0,0,0,1,0,105,1,Hello!,OK
2026-09-24,14:32:18,0,0,0,0,0,0,0,0,1,0,105,1,Hello!,OK
2026-09-24,14:32:19,0,0,0,0,0,0,0,0,1,0,105,1,Hello!,OK
2026-09-24,14:32:20,0,0,0,0,0,0,0,0,1,0,105,1,Hello!,OK
2026-09-24,14:32:21,0,0,0,0,0,0,0,0,1,0,105,1,Hello!,OK
2026-09-24,14:32:22,0,0,0,0,0,0,0,0,1,0,105,1,Hello!,OK
2026-09-24,14:32:23,0,0,0,0,0,0,0,0,1,0,105,1,Hello!,OK
2026-09-24,14:32:24,0,0,0,0,0,0,0,0,1,0,105,1,Hello!,OK
2026-09-24,14:32:25,0,0,0,0,0,0,0,0,1,0,105,1,Hello!,OK
2026-09-24,14:32:26,0,0,0,0,0,0,0,0,1,0,105,1,Hello!,OK
2026-09-24,14:32:27,0,0,0,0,0,0,0,0,1,0,105,1,Hello!,OK
2026-09-24,14:32:28,0,0,0,0,0,0,0,0,1,0,105,1,Hello!,OK
2026-09-24,14:32:29,0,0,0,0,0,0,0,0,1,0,105,1,Hello!,OK
2026-09-24,14:32:30,0,0,0,0,0,0,0,0,1,0,105,1,Hello!,OK
2026-09-24,14:32:31,0,0,0,0,0,0,0,0,1,0,105,1,Hello!,OK
2026-09-24,14:32:32,0,0,0,0,0,0,0,0,1,0,105,1,Hello!,OK
2026-09-24,14:32:33,0,0,0,0,0,0,0,0,1,0,105,1,Hello!,OK
2026-09-24,14:32:34,0,0,0,0,0,0,0,0,1,0,105,1,Hello!,OK
2026-09-24,14:32:35,0,0,0,0,0,0,0,0,1,0,105,1,Hello!,OK
2026-09-24,14:32:36,0,0,0,0,0,0,0,0,1,0,105,1,Hello!,OK
2026-09-24,14:32:37,0,0,0,0,0,0,0,0,1,0,105,1,Hello!,OK
2026-09-24,14:32:38,0,0,0,0,0,0,0,0,1,0,105,1,Hello!,OK
2026-09-24,14:32:39,0,0,0,0,0,0,0,0,1,0,105,1,Hello!,OK
2026-09-24,14:32:40,0,0,0,0,0,0,0,0,1,0,105,1,Hello!,OK
2026-09-24,14:32:41,0,0,0,0,0,0,0,0,1,0,105,1,Hello!,OK
2026-09-24,14:32:42,0,0,0,0,0,0,0,0,1,0,105,1,Hello!,OK
2026-09-24,14:32:43,0,0,0,0,0,0,0,0,1,0,105,1,Hello!,OK
2026-09-24,14:32:44,0,0,0,0,0,0,0,0,1,0,105,1,Hello!,OK
2026-09-24,14:32:45,0,0,0,0,0,0,0,0,1,0,105,1,Hello!,OK
2026-09-24,14:32:46,0,0,0,0,0,0,0,0,1,0,105,1,Hello!,OK
2026-09-24,14:32:47,0,0,0,0,0,0,0,0,1,0,105,1,Hello!,OK
2026-09-24,14:32:48,0,0,0,0,0,0,0,0,1,0,105,1,Hello!,OK
2026-09-24,14:32:49,0,0,0,0,0,0,0,0,1,0,105,1,Hello!,OK
2026-09-24,14:32:50,0,0,0,0,0,0,0,0,1,0,105,1,Hello!,OK
2026-09-24,14:32:51,0,0,0,0,0,0,0,0,1,0,105,1,Hello!,OK
2026-09-24,14:32:52,0,0,0,0,0,0,0,0,1,0,105,1,Hello!,OK
2026-09-24,14:32:53,0,0,0,0,0,0,0,0,1,0,105,1,Hello!,OK
2026-09-24,14:32:54,0,0,0,0,0,0,0,0,1,0,105,1,Hello!,OK
2026-09-24,14:32:55,0,0,0,0,0,0,0,0,1,0,105,1,Hello!,OK
2026-09-24,14:32:56,0,0,0,0,0,0,0,0,1,0,105,1,Hello!,OK
2026-09-24,14:32:57,0,0,0,0,0,0,0,0,1,0,105,1,Hello!,OK
2026-09-24,14:32:58,0,0,0,0,0,0,0,0,1,0,105,1,Hello!,OK
2026-09-24,14:32:59,0,0,0,0,0,0,0,0,1,0,105,1,Hello!,OK
2026-09-24,14:33:00,0,0,0,0,0,0,0,0,1,0,105,1,Hello!,OK
2026-09-24,14:33:01,0,0,0,0,0,0,0,0,1,0,105,1,Hello!,OK
2026-09-24,14:33:02,0,0,0,0,0,0,0,0,1,0,105,1,Hello!,OK
2026-09-24,14:33:03,0,0,0,0,0,0,0,0,1,0,105,1,Hello!,OK
2026-09-24,14:33:04,0,0,0,0,0,0,0,0,1,0,105,1,Hello!,OK
2026-09-24,14:33:05,0,0,0,0,0,0,0,0,1,0,105,1,Hello!,OK
2026-09-24,14:33:06,0,0,0,0,0,0,0,0,1,0,105,1,Hello!,OK
2026-09-24,14:33:07,0,0,0,0,0,0,0,0,1,0,105,1,Hello!,OK
2026-09-24,14:33:08,0,0,0,0,0,0,0,0,1,0,105,1,Hello!,OK
2026-09-24,14:33:09,0,0,0,0,0,0,0,0,1,0,105,1,Hello!,OK
2026-09-24,14:33:10,0,0,0,0,0,0,0,0,1,0,105,1,Hello!,OK
2026-09-24,14:33:11,0,0,0,0,0,0,0,0,1,0,105,1,Hello!,OK
2026-09-24,14:33:12,0,0,0,0,0,0,0,0,1,0,105,1,Hello!,OK
2026-09-24,14:33:13,0,0,0,0,0,0,0,0,1,0,105,1,Hello!,OK
2026-09-24,14:33:14,0,0,0,0,0,0,0,0,1,0,105,1,Hello!,OK
2026-09-24,14:33:15,0,0,0,0,0,0,0,0,1,0,105,1,Hello!,OK
2026-09-24,14:33:16,0,0,0,0,0,0,0,0,1,0,105,1,Hello!,OK
2026-09-24,14:33:17,0,0,0,0,0,0,0,0,1,0,105,1,Hello!,OK
2026-09-24,14:33:18,0,0,0,0,0,0,0,0,1,0,105,1,Hello!,OK
2026-09-24,14:33:19,0,0,0,0,0,0,0,0,1,0,105,1,Hello!,OK
2026-09-24,14:33:20,0,0,0,0,0,0,0,0,1,0,105,1,Hello!,OK
2026-09-24,14:33:21,0,0,0,0,0,0,0,0,1,0,105,1,Hello!,OK
2026-09-24,14:33:22,0,0,0,0,0,0,0,0,1,0,105,1,Hello!,OK
2026-09-24,14:33:23,0,0,0,0,0,0,0,0,1,0,105,1,Hello!,OK
2026-09-24,14:33:24,0,0,0,0,0,0,0,0,1,0,105,1,Hello!,OK
2026-09-24,14:33:25,0,0,0,0,0,0,0,0,1,0,105,1,Hello!,OK
2026-09-24,14:33:26,0,0,0,0,0,0,0,0,1,0,105,1,Hello!,OK
2026-09-24,14:33:27,0,0,0,0,0,0,0,0,1,0,105,1,Hello!,OK
2026-09-24,14:33:28,0,0,0,0,0,0,0,0,1,0,105,1,Hello!,OK
2026-09-24,14:33:29,0,0,0,0,0,0,0,0,1,0,105,1,Hello!,OK
2026-09-24,14:33:30,0,0,0,0,0,0,0,0,1,0,105,1,Hello!,OK
2026-09-24,14:33:31,0,0,0,0,0,0,0,0,1,0,105,1,Hello!,OK
2026-09-24,14:33:32,0,0,0,0,0,0,0,0,1,0,105,1,Hello!,OK
2026-09-24,14:33:33,0,0,0,0,0,0,0,0,1,0,105,1,Hello!,OK
2026-09-24,14:33:34,0,0,0,0,0,0,0,0,1,0,105,1,Hello!,OK
2026-09-24,14:33:35,0,0,0,0,0,0,0,0,1,0,105,1,Hello!,OK
2026-09-24,14:33:36,0,0,0,0,0,0,0,0,1,0,105,1,Hello!,OK
2026-09-24,14:33:37,0,0,0,0,0,0,0,0,1,0,105,1,Hello!,OK
2026-09-24,14:33:38,0,0,0,0,0,0,0,0,1,0,105,1,Hello!,OK
2026-09-24,14:33:39,0,0,0,0,0,0,0,0,1,0,105,1,Hello!,OK
2026-09-24,14:33:40,0,0,0,0,0,0,0,0,1,0,105,1,Hello!,OK
2026-09-24,14:33:41,0,0,0,0,0,0,0,0,1,0,105,1,Hello!,OK
2026-09-24,14:33:42,0,0,0,0,0,0,0,0,1,0,105,1,Hello!,OK
2026-09-24,14:33:43,0,0,0,0,0,0,0,0,1,0,105,1,Hello!,OK
2026-09-24,14:33:44,0,0,0,0,0,0,0,0,1,0,105,1,Hello!,OK
2026-09-24,14:33:45,0,0,0,0,0,0,0,0,1,0,105,1,Hello!,OK
2026-09-24,14:33:46,0,0,0,0,0,0,0,0,1,0,105,1,Hello!,OK
2026-09-24,14:33:47,0,0,0,0,0,0,0,0,1,0,105,1,Hello!,OK
2026-09-24,14:33:48,0,0,0,0,0,0,0,0,1,0,105,1,Hello!,OK
2026-09-24,14:33:49,0,0,0,0,0,0,0,0,1,0,105,1,Hello!,OK
2026-09-24,14:33:50,0,0,0,0,0,0,0,0,1,0,105,1,Hello!,OK
2026-09-24,14:33:51,0,0,0,0,0,0,0,0,1,0,105,1,Hello!,OK
2026-09-24,14:33:52,0,0,0,0,0,0,0,0,1,0,105,1,Hello!,OK
2026-09-24,14:33:53,0,0,0,0,0,0,0,0,1,0,105,1,Hello!,OK
2026-09-24,14:33:54,0,0,0,0,0,0,0,0,1,0,105,1,Hello!,OK
2026-09-24,14:33:55,0,0,0,0,0,0,0,0,1,0,105,1,Hello!,OK
2026-09-24,14:33:56,0,0,0,0,0,0,0,0,1,0,105,1,Hello!,OK
2026-09-24,14:33:57,0,0,0,0,0,0,0,0,1,0,105,1,Hello!,OK
2026-09-24,14:33:58,0,0,0,0,0,0,0,0,1,0,105,1,Hello!,OK
2026-09-24,14:33:59,0,0,0,0,0,0,0,0,1,0,105,1,Hello!,OK
2026-09-24,14:34:00,0,0,0,0,0,0,0,0,1,0,105,1,Hello!,OK
2026-09-24,14:34:01,0,0,0,0,0,0,0,0,1,0,105,1,Hello!,OK
2026-09-24,14:34:02,0,0,0,0,0,0,0,0,1,0,105,1,Hello!,OK
2026-09-24,14:34:03,0,0,0,0,0,0,0,0,1,0,105,1,Hello!,OK
2026-09-24,14:34:04,0,0,0,0,0,0,0,0,1,0,105,1,Hello!,OK
2026-09-24,14:34:05,0,0,0,0,0,0,0,0,1,0,105,1,Hello!,OK
2026-09-24,14:34:06,0,0,0,0,0,0,0,0,1,0,105,1,Hello!,OK
2026-09-24,14:34:07,0,0,0,0,0,0,0,0,1,0,105,1,Hello!,OK
2026-09-24,14:34:08,0,0,0,0,0,0,0,0,1,0,105,1,Hello!,OK
2026-09-24,14:34:09,0,0,0,0,0,0,0,0,1,0,105,1,Hello!,OK
2026-09-24,14:34:10,0,0,0,0,0,0,0,0,1,0,105,1,Hello!,OK
2026-09-24,14:34:11,0,0,0,0,0,0,0,0,1,0,105,1,Hello!,OK
2026-09-24,14:34:12,0,0,0,0,0,0,0,0,1,0,105,1,Hello!,OK
2026-09-24,14:34:13,0,0,0,0,0,0,0,0,1,0,105,1,Hello!,OK
2026-09-24,14:34:14,0,0,0,0,0,0,0,0,1,0,105,1,Hello!,OK
2026-09-24,14:34:15,0,0,0,0,0,0,0,0,1,0,105,1,Hello!,OK
2026-09-24,14:34:16,0,0,0,0,0,0,0,0,1,0,105,1,Hello!,OK
2026-09-24,14:34:17,0,0,0,0,0,0,0,0,1,0,105,1,Hello!,OK
2026-09-24,14:34:18,0,0,0,0,0,0,0,0,1,0,105,1,Hello!,OK
2026-09-24,14:34:19,0,0,0,0,0,0,0,0,1,0,105,1,Hello!,OK
2026-09-24,14:34:20,0,0,0,0,0,0,0,0,1,0,105,1,Hello!,OK
2026-09-24,14:34:21,0,0,0,0,0,0,0,0,1,0,105,1,Hello!,OK
2026-09-24,14:34:22,0,0,0,0,0,0,0,0,1,0,105,1,Hello!,OK
2026-09-24,14:34:23,0,0,0,0,0,0,0,0,1,0,105,1,Hello!,OK
2026-09-24,14:34:24,0,0,0,0,0,0,0,0,1,0,105,1,Hello!,OK
2026-09-24,14:34:25,0,0,0,0,0,0,0,0,1,0,105,1,Hello!,OK
2026-09-24,14:34:26,0,0,0,0,0,0,0,0,1,0,105,1,Hello!,OK
2026-09-24,14:34:27,0,0,0,0,0,0,0,0,1,0,105,1,Hello!,OK
2026-09-24,14:34:28,0,0,0,0,0,0,0,0,1,0,105,1,Hello!,OK
2026-09-24,14:34:29,0,0,0,0,0,0,0,0,1,0,105,1,Hello!,OK
2026-09-24,14:34:30,0,0,0,0,0,0,0,0,1,0,105,1,Hello!,OK
2026-09-24,14:34:31,0,0,0,0,0,0,0,0,1,0,105,1,Hello!,OK
2026-09-24,14:34:32,0,0,0,0,0,0,0,0,1,0,105,1,Hello!,OK
2026-09-24,14:34:33,0,0,0,0,0,0,0,0,1,0,105,1,Hello!,OK
2026-09-24,14:34:34,0,0,0,0,0,0,0,0,1,0,105,1,Hello!,OK
2026-09-24,14:34:35,0,0,0,0,0,0,0,0,1,0,105,1,Hello!,OK
2026-09-24,14:34:36,0,0,0,0,0,0,0,0,1,0,105,1,Hello!,OK
2026-09-24,14:34:37,0,0,0,0,0,0,0,0,1,0,105,1,Hello!,OK
2026-09-24,14:34:38,0,0,0,0,0,0,0,0,1,0,105,1,Hello!,OK
2026-09-24,14:34:39,0,0,0,0,0,0,0,0,1,0,105,1,Hello!,OK
2026-09-24,14:34:40,0,0,0,0,0,0,0,0,1,0,105,1,Hello!,OK
2026-09-24,14:34:41,0,0,0,0,0,0,0,0,1,0,105,1,Hello!,OK
2026-09-24,14:34:42,0,0,0,0,0,0,0,0,1,0,105,1,Hello!,OK
2026-09-24,14:34:43,0,0,0,0,0,0,0,0,1,0,105,1,Hello!,OK
2026-09-24,14:34:44,0,0,0,0,0,0,0,0,1,0,105,1,Hello!,OK
2026-09-24,14:34:45,0,0,0,0,0,0,0,0,1,0,105,1,Hello!,OK
2026-09-24,14:34:46,0,0,0,0,0,0,0,0,1,0,105,1,Hello!,OK
2026-09-24,14:34:47,0,0,0,0,0,0,0,0,1,0,105,1,Hello!,OK
2026-09-24,14:34:48,0,0,0,0,0,0,0,0,1,0,105,1,Hello!,OK
2026-09-24,14:34:49,0,0,0,0,0,0,0,0,1,0,105,1,Hello!,OK
2026-09-24,14:34:50,0,0,0,0,0,0,0,0,1,0,105,1,Hello!,OK
2026-09-24,14:34:51,0,0,0,0,0,0,0,0,1,0,105,1,Hello!,OK
2026-09-24,14:34:52,0,0,0,0,0,0,0,0,1,0,105,1,Hello!,OK
2026-09-24,14:34:53,0,0,0,0,0,0,0,0,1,0,105,1,Hello!,OK
2026-09-24,14:34:54,0,0,0,0,0,0,0,0,1,0,105,1,Hello!,OK
2026-09-24,14:34:55,0,0,0,0,0,0,0,0,1,0,105,1,Hello!,OK
2026-09-24,14:34:56,0,0,0,0,0,0,0,0,1,0,105,1,Hello!,OK
2026-09-24,14:34:57,0,0,0,0,0,0,0,0,1,0,105,1,Hello!,OK
2026-09-24,14:34:58,0,0,0,0,0,0,0,0,1,0,105,1,Hello!,OK
2026-09-24,14:34:59,0,0,0,0,0,0,0,0,1,0,105,1,Hello!,OK
2026-09-24,14:35:00,0,0,0,0,0,0,0,0,1,0,105,1,Hello!,OK
2026-09-24,14:35:01,0,0,0,0,0,0,0,0,1,0,105,1,Hello!,OK
2026-09-24,14:35:02,0,0,0,0,0,0,0,0,1,0,105,1,Hello!,OK
2026-09-24,14:35:03,0,0,0,0,0,0,0,0,1,0,105,1,Hello!,OK
2026-09-24,14:35:04,0,0,0,0,0,0,0,0,1,0,105,1,Hello!,OK
2026-09-24,14:35:05,0,0,0,0,0,0,0,0,1,0,105,1,Hello!,OK
2026-09-24,14:35:06,0,0,0,0,0,0,0,0,1,0,105,1,Hello!,OK
2026-09-24,14:35:07,0,0,0,0,0,0,0,0,1,0,105,1,Hello!,OK
2026-09-24,14:35:08,0,0,0,0,0,0,0,0,1,0,105,1,Hello!,OK
2026-09-24,14:35:09,0,0,0,0,0,0,0,0,1,0,105,1,Hello!,OK
2026-09-24,14:35:10,0,0,0,0,0,0,0,0,1,0,105,1,Hello!,OK
2026-09-24,14:35:11,0,0,0,0,0,0,0,0,1,0,105,1,Hello!,OK
2026-09-24,14:35:12,0,0,0,0,0,0,0,0,1,0,31,1,Hello!,OK
2026-09-24,14:35:13,0,0,0,0,0,0,0,0,1,0,161,1,Hello!,OK
2026-09-24,14:35:14,0,0,0,0,0,0,0,0,1,0,161,1,Hello!,OK
2026-09-24,14:35:15,0,0,0,0,0,0,0,0,0,0,161,0,Hello!,OK
2026-09-24,14:35:16,0,0,0,0,0,0,0,0,0,0,161,0,Hello!,OK
2026-09-24,14:35:17,0,0,0,0,0,0,0,0,0,0,161,0,Hello!,OK
2026-09-24,14:35:18,0,0,0,0,0,0,0,0,0,0,161,0,Hello!,OK
2026-09-24,14:35:19,0,0,0,0,0,0,0,0,0,0,161,0,Hello!,OK
2026-09-24,14:35:20,0,0,0,0,0,0,0,0,0,0,161,0,Hello!,OK
2026-09-24,14:35:21,0,0,0,0,0,0,0,0,0,0,161,0,Hello!,OK
2026-09-24,14:35:22,0,0,0,0,0,0,0,0,0,0,161,0,Hello!,OK
2026-09-24,14:35:23,0,0,0,0,0,0,0,0,0,0,161,0,Hello!,OK
2026-09-24,14:35:24,0,0,0,0,0,0,0,0,0,0,161,0,Hello!,OK
2026-09-24,14:35:25,0,0,0,0,0,0,0,0,0,0,161,0,Hello!,OK
2026-09-24,14:35:26,0,0,0,0,0,0,0,0,0,0,161,0,Hello!,OK
2026-09-24,14:35:27,0,0,0,0,0,0,0,0,0,0,161,0,Hello!,OK
2026-09-24,14:35:28,0,0,0,0,0,0,0,0,0,0,161,0,Hello!,OK
2026-09-24,14:35:29,0,0,0,0,0,0,0,0,0,0,161,0,Hello!,OK
2026-09-24,14:35:30,0,0,0,0,0,0,0,0,0,0,161,0,Hello!,OK
2026-09-24,14:35:31,0,0,0,0,0,0,0,0,0,0,161,0,Hello!,OK
2026-09-24,14:35:32,0,0,0,0,0,0,0,0,0,0,161,0,Hello!,OK
2026-09-24,14:35:33,0,0,0,0,0,0,0,0,0,0,161,0,Hello!,OK
2026-09-24,14:35:34,0,0,0,0,0,0,0,0,0,0,161,0,Hello!,OK
2026-09-24,14:35:35,0,0,0,0,0,0,0,0,0,0,161,0,Hello!,OK
2026-09-24,14:35:36,0,0,0,0,0,0,0,0,0,0,161,0,Hello!,OK
2026-09-24,14:35:37,0,0,0,0,0,0,0,0,0,0,161,0,Hello!,OK
2026-09-24,14:35:38,0,0,0,0,0,0,0,0,0,0,161,0,Hello!,OK
2026-09-24,14:35:39,0,0,0,0,0,0,0,0,0,0,161,0,Hello!,OK
2026-09-24,14:35:40,0,0,0,0,0,0,0,0,0,0,161,0,Hello!,OK
2026-09-24,14:35:41,0,0,0,0,0,0,0,0,0,0,161,0,Hello!,OK
2026-09-24,14:35:42,0,0,0,0,0,0,0,0,0,0,161,0,Hello!,OK
2026-09-24,14:35:43,0,0,0,0,0,0,0,0,0,0,161,0,Hello!,OK
2026-09-24,14:35:44,0,0,0,0,0,0,0,0,0,0,161,0,Hello!,OK
2026-09-24,14:35:45,0,0,0,0,0,0,0,0,0,0,161,0,Hello!,OK
2026-09-24,14:35:46,0,0,0,0,0,0,0,0,0,0,161,0,Hello!,OK
2026-09-24,14:35:47,0,0,0,0,0,0,0,0,0,0,161,0,Hello!,OK
2026-09-24,14:35:48,0,0,0,0,0,0,0,0,0,0,161,0,Hello!,OK
2026-09-24,14:35:49,0,0,0,0,0,0,0,0,0,0,161,0,Hello!,OK
2026-09-24,14:35:50,0,0,0,0,0,0,0,0,0,0,161,0,Hello!,OK
2026-09-24,14:35:51,0,0,0,0,0,0,0,0,0,0,161,0,Hello!,OK
2026-09-24,14:35:52,0,0,0,0,0,0,0,0,0,0,161,0,Hello!,OK
2026-09-24,14:35:53,0,0,0,0,0,0,0,0,0,0,161,0,Hello!,OK
2026-09-24,14:35:54,0,0,0,0,0,0,0,0,0,0,161,0,Hello!,OK
2026-09-24,14:35:55,0,0,0,0,0,0,0,0,0,0,161,0,Hello!,OK
2026-09-24,14:35:56,0,0,0,0,0,0,0,0,0,0,161,0,Hello!,OK
2026-09-24,14:35:57,0,0,0,0,0,0,0,0,0,0,161,0,Hello!,OK
2026-09-24,14:35:58,0,0,0,0,0,0,0,0,0,0,161,0,Hello!,OK
2026-09-24,14:35:59,0,0,0,0,0,0,0,0,0,0,161,0,Hello!,OK
2026-09-24,14:36:00,0,0,0,0,0,0,0,0,0,0,161,0,Hello!,OK
2026-09-24,14:36:01,0,0,0,0,0,0,0,0,0,0,161,0,Hello!,OK
2026-09-24,14:36:02,0,0,0,0,0,0,0,0,0,0,161,0,Hello!,OK
2026-09-24,14:36:03,0,0,0,0,0,0,0,0,0,0,161,0,Hello!,OK
2026-09-24,14:36:04,0,0,0,0,0,0,0,0,0,0,161,0,Hello!,OK
2026-09-24,14:36:05,0,0,0,0,0,0,0,0,0,0,161,0,Hello!,OK
2026-09-24,14:36:06,0,0,0,0,0,0,0,0,0,0,161,0,Hello!,OK
2026-09-24,14:36:07,0,0,0,0,0,0,0,0,0,0,161,0,Hello!,OK
2026-09-24,14:36:08,0,0,0,0,0,0,0,0,0,0,161,0,Hello!,OK
2026-09-24,14:36:09,0,0,0,0,0,0,0,0,0,0,161,0,Hello!,OK
2026-09-24,14:36:10,0,0,0,0,0,0,0,0,0,0,161,0,Hello!,OK
2026-09-24,14:36:11,0,0,0,0,0,0,0,0,0,0,161,0,Hello!,OK
2026-09-24,14:36:12,0,0,0,0,0,0,0,0,0,0,161,0,Hello!,OK
2026-09-24,14:36:13,0,0,0,0,0,0,0,0,0,0,161,0,Hello!,OK
2026-09-24,14:36:14,0,0,0,0,0,0,0,0,0,0,161,0,Hello!,OK
2026-09-24,14:36:15,0,0,0,0,0,0,0,0,0,0,161,0,Hello!,OK
2026-09-24,14:36:16,0,0,0,0,0,0,0,0,0,0,161,0,Hello!,OK
2026-09-24,14:36:17,0,0,0,0,0,0,0,0,0,0,161,0,Hello!,OK
2026-09-24,14:36:18,0,0,0,0,0,0,0,0,0,0,161,0,Hello!,OK
2026-09-24,14:36:19,0,0,0,0,0,0,0,0,0,0,161,0,Hello!,OK
2026-09-24,14:36:20,0,0,0,0,0,0,0,0,0,0,161,0,Hello!,OK
2026-09-24,14:36:21,0,0,0,0,0,0,0,0,0,0,161,0,Hello!,OK
2026-09-24,14:36:22,0,0,0,0,0,0,0,0,0,0,161,0,Hello!,OK
2026-09-24,14:36:23,0,0,0,0,0,0,0,0,0,0,161,0,Hello!,OK
2026-09-24,14:36:24,0,0,0,0,0,0,0,0,0,0,161,0,Hello!,OK
2026-09-24,14:36:25,0,0,0,0,0,0,0,0,0,0,161,0,Hello!,OK
2026-09-24,14:36:26,0,0,0,0,0,0,0,0,0,0,161,0,Hello!,OK
2026-09-24,14:36:27,0,0,0,0,0,0,0,0,0,0,161,0,Hello!,OK
2026-09-24,14:36:28,0,0,0,0,0,0,0,0,0,0,161,0,Hello!,OK
2026-09-24,14:36:29,0,0,0,0,0,0,0,0,0,0,161,0,Hello!,OK
2026-09-24,14:36:30,0,0,0,0,0,0,0,0,0,0,161,0,Hello!,OK
2026-09-24,14:36:31,0,0,0,0,0,0,0,0,0,0,161,0,Hello!,OK
2026-09-24,14:36:32,0,0,0,0,0,0,0,0,0,0,161,0,Hello!,OK
2026-09-24,14:36:33,0,0,0,0,0,0,0,0,0,0,161,0,Hello!,OK
2026-09-24,14:36:34,0,0,0,0,0,0,0,0,0,0,161,0,Hello!,OK
2026-09-24,14:36:35,0,0,0,0,0,0,0,0,0,0,161,0,Hello!,OK
2026-09-24,14:36:36,0,0,0,0,0,0,0,0,0,0,161,0,Hello!,OK
2026-09-24,14:36:37,0,0,0,0,0,0,0,0,0,0,161,0,Hello!,OK
2026-09-24,14:36:38,0,0,0,0,0,0,0,0,0,0,161,0,Hello!,OK
2026-09-24,14:36:39,0,0,0,0,0,0,0,0,0,0,161,0,Hello!,OK
2026-09-24,14:36:40,0,0,0,0,0,0,0,0,0,0,161,0,Hello!,OK
2026-09-24,14:36:41,0,0,0,0,0,0,0,0,0,0,161,0,Hello!,OK
2026-09-24,14:36:42,0,0,0,0,0,0,0,0,0,0,161,0,Hello!,OK
2026-09-24,14:36:43,0,0,0,0,0,0,0,0,0,0,161,0,Hello!,OK
2026-09-24,14:36:44,0,0,0,0,0,0,0,0,0,0,161,0,Hello!,OK
2026-09-24,14:36:45,0,0,0,0,0,0,0,0,0,0,161,0,Hello!,OK
2026-09-24,14:36:46,0,0,0,0,0,0,0,0,0,0,161,0,Hello!,OK
2026-09-24,14:36:47,0,0,0,0,0,0,0,0,0,0,161,0,Hello!,OK
2026-09-24,14:36:48,0,0,0,0,0,0,0,0,0,0,161,0,Hello!,OK
2026-09-24,14:36:49,0,0,0,0,0,0,0,0,0,0,161,0,Hello!,OK
2026-09-24,14:36:50,0,0,0,0,0,0,0,0,0,0,161,0,Hello!,OK
2026-09-24,14:36:51,0,0,0,0,0,0,0,0,0,0,161,0,Hello!,OK
2026-09-24,14:36:52,0,0,0,0,0,0,0,0,0,0,161,0,Hello!,OK
2026-09-24,14:36:53,0,0,0,0,0,0,0,0,0,0,161,0,Hello!,OK
2026-09-24,14:36:54,0,0,0,0,0,0,0,0,0,0,161,0,Hello!,OK
2026-09-24,14:36:55,0,0,0,0,0,0,0,0,0,0,161,0,Hello!,OK
2026-09-24,14:36:56,0,0,0,0,0,0,0,0,0,0,161,0,Hello!,OK
2026-09-24,14:36:57,0,0,0,0,0,0,0,0,0,0,161,0,Hello!,OK
2026-09-24,14:36:58,0,0,0,0,0,0,0,0,0,0,161,0,Hello!,OK
2026-09-24,14:36:59,0,0,0,0,0,0,0,0,0,0,161,0,Hello!,OK
2026-09-24,14:37:00,0,0,0,0,0,0,0,0,0,0,161,0,Hello!,OK
2026-09-24,14:37:01,0,0,0,0,0,0,0,0,1,0,161,0,Hello!,OK
2026-09-24,14:37:02,0,0,0,0,0,0,0,0,1,0,161,0,Hello!,OK
2026-09-24,14:37:03,0,0,0,0,0,0,0,0,1,0,161,0,Hello!,OK
2026-09-24,14:37:04,0,0,0,0,0,0,0,0,1,0,161,0,Hello!,OK
2026-09-24,14:37:05,0,0,0,0,0,0,0,0,1,0,161,0,Hello!,OK
2026-09-24,14:37:06,0,0,0,0,0,0,0,0,1,0,161,0,Hello!,OK
2026-09-24,14:37:07,0,0,0,0,0,0,0,0,1,0,161,0,Hello!,OK
2026-09-24,14:37:08,0,0,0,0,0,0,0,0,1,0,161,0,Hello!,OK
2026-09-24,14:37:09,0,0,0,0,0,0,0,0,1,0,161,0,Hello!,OK
2026-09-24,14:37:10,0,0,0,0,0,0,0,0,1,0,161,0,Hello!,OK
2026-09-24,14:37:11,0,0,0,0,0,0,0,0,1,0,161,0,Hello!,OK
2026-09-24,14:37:12,0,0,0,0,0,0,0,0,1,0,161,0,Hello!,OK
2026-09-24,14:37:13,0,0,0,0,0,0,0,0,1,0,161,0,Hello!,OK
2026-09-24,14:37:14,0,0,0,0,0,0,0,0,1,0,161,0,Hello!,OK
2026-09-24,14:37:15,0,0,0,0,0,0,0,0,1,0,161,0,Hello!,OK
2026-09-24,14:37:16,0,0,0,0,0,0,0,0,1,0,161,0,Hello!,OK
2026-09-24,14:37:17,0,0,0,0,0,0,0,0,1,0,161,0,Hello!,OK
2026-09-24,14:37:18,0,0,0,0,0,0,0,0,1,0,161,0,Hello!,OK
2026-09-24,14:37:19,0,0,0,0,0,0,0,0,1,0,161,0,Hello!,OK
2026-09-24,14:37:20,0,0,0,0,0,0,0,0,1,0,161,0,Hello!,OK
2026-09-24,14:37:21,0,0,0,0,0,0,0,0,1,0,161,0,Hello!,OK
2026-09-24,14:37:22,0,0,0,0,0,0,0,0,1,0,161,0,Hello!,OK
2026-09-24,14:37:23,0,0,0,0,0,0,0,0,1,0,161,0,Hello!,OK
2026-09-24,14:37:24,0,0,0,0,0,0,0,0,1,0,161,0,Hello!,OK
2026-09-24,14:37:25,0,0,0,0,0,0,0,0,1,0,161,0,Hello!,OK
2026-09-24,14:37:26,0,0,0,0,0,0,0,0,1,0,161,0,Hello!,OK
2026-09-24,14:37:27,0,0,0,0,0,0,0,0,1,0,161,0,Hello!,OK
2026-09-24,14:37:28,0,0,0,0,0,0,0,0,1,0,161,0,Hello!,OK
2026-09-24,14:37:29,0,0,0,0,0,0,0,0,1,0,161,0,Hello!,OK
2026-09-24,14:37:30,0,0,0,0,0,0,0,0,1,0,161,0,Hello!,OK
2026-09-24,14:37:31,0,0,0,0,0,0,0,0,1,0,161,0,Hello!,OK
2026-09-24,14:37:32,0,0,0,0,0,0,0,0,1,0,161,0,Hello!,OK
2026-09-24,14:37:33,0,0,0,0,0,0,0,0,1,0,161,0,Hello!,OK
2026-09-24,14:37:34,0,0,0,0,0,0,0,0,1,0,161,0,Hello!,OK
2026-09-24,14:37:35,0,0,0,0,0,0,0,0,1,0,161,0,Hello!,OK
2026-09-24,14:37:36,0,0,0,0,0,0,0,0,1,0,161,0,Hello!,OK
2026-09-24,14:37:37,0,0,0,0,0,0,0,0,1,0,161,0,Hello!,OK
2026-09-24,14:37:38,0,0,0,0,0,0,0,0,1,0,161,0,Hello!,OK
2026-09-24,14:37:39,0,0,0,0,0,0,0,0,1,0,161,0,Hello!,OK
2026-09-24,14:37:40,0,0,0,0,0,0,0,0,1,0,161,0,Hello!,OK
2026-09-24,14:37:41,0,0,0,0,0,0,0,0,1,0,161,0,Hello!,OK
2026-09-24,14:37:42,0,0,0,0,0,0,0,0,1,0,161,0,Hello!,OK
2026-09-24,14:37:43,0,0,0,0,0,0,0,0,1,0,161,0,Hello!,OK
2026-09-24,14:37:44,0,0,0,0,0,0,0,0,0,0,161,0,Hello!,OK
2026-09-24,14:37:45,0,0,0,0,0,0,0,0,0,0,161,0,Hello!,OK
2026-09-24,14:37:46,0,0,0,0,0,0,0,0,0,0,161,0,Hello!,OK
2026-09-24,14:37:47,0,0,0,0,0,0,0,0,0,0,161,0,Hello!,OK
2026-09-24,14:37:48,0,0,0,0,0,0,0,0,0,0,161,0,Hello!,OK
2026-09-24,14:37:49,0,0,0,0,0,0,0,0,0,0,161,0,Hello!,OK
2026-09-24,14:37:50,0,0,0,0,0,0,0,0,0,0,161,0,Hello!,OK
2026-09-24,14:37:51,0,0,0,0,0,0,0,0,0,0,161,0,Hello!,OK
2026-09-24,14:37:52,0,0,0,0,0,0,0,0,0,0,161,0,Hello!,OK
2026-09-24,14:37:53,0,0,0,0,0,0,0,0,0,0,161,0,Hello!,OK
2026-09-24,14:37:54,0,0,0,0,0,0,0,0,0,0,161,0,Hello!,OK
2026-09-24,14:37:55,0,0,0,0,0,0,0,0,0,0,161,0,Hello!,OK
2026-09-24,14:37:56,0,0,0,0,0,0,0,0,0,0,161,0,Hello!,OK
2026-09-24,14:37:57,0,0,0,0,0,0,0,0,0,0,161,0,Hello!,OK
2026-09-24,14:37:58,0,0,0,0,0,0,0,0,0,0,161,0,Hello!,OK
2026-09-24,14:37:59,0,0,0,0,0,0,0,0,0,0,161,0,Hello!,OK
2026-09-24,14:38:00,0,0,0,0,0,0,0,0,0,0,161,0,Hello!,OK
2026-09-24,14:38:01,0,0,0,0,0,0,0,0,0,0,161,0,Hello!,OK
2026-09-24,14:38:02,0,0,0,0,0,0,0,0,0,0,161,0,Hello!,OK
2026-09-24,14:38:03,0,0,0,0,0,0,0,0,0,0,161,0,Hello!,OK
2026-09-24,14:38:04,0,0,0,0,0,0,0,0,0,0,161,0,Hello!,OK
2026-09-24,14:38:05,0,0,0,0,0,0,0,0,0,0,161,0,Hello!,OK
2026-09-24,14:38:06,0,0,0,0,0,0,0,0,0,0,161,0,Hello!,OK
2026-09-24,14:38:07,0,0,0,0,0,0,0,0,0,0,161,0,Hello!,OK
2026-09-24,14:38:08,0,0,0,0,0,0,0,0,0,0,161,0,Hello!,OK
2026-09-24,14:38:09,0,0,0,0,0,0,0,0,0,0,161,0,Hello!,OK
2026-09-24,14:38:10,0,0,0,0,0,0,0,0,0,0,161,0,Hello!,OK
2026-09-24,14:38:11,0,0,0,0,0,0,0,0,0,0,161,0,Hello!,OK
2026-09-24,14:38:12,0,0,0,0,0,0,0,0,0,0,161,0,Hello!,OK
2026-09-24,14:38:13,0,0,0,0,0,0,0,0,0,0,161,0,Hello!,OK
2026-09-24,14:38:14,0,0,0,0,0,0,0,0,0,0,161,0,Hello!,OK
2026-09-24,14:38:15,0,0,0,0,0,0,0,0,0,0,161,0,Hello!,OK
2026-09-24,14:38:16,0,0,0,0,0,0,0,0,0,0,161,0,Hello!,OK
2026-09-24,14:38:17,0,0,0,0,0,0,0,0,0,0,161,0,Hello!,OK
2026-09-24,14:38:18,0,0,0,0,0,0,0,0,0,0,161,0,Hello!,OK
2026-09-24,14:38:19,0,0,0,0,0,0,0,0,0,0,161,0,Hello!,OK
2026-09-24,14:38:20,0,0,0,0,0,0,0,0,0,0,161,0,Hello!,OK
2026-09-24,14:38:21,0,0,0,0,0,0,0,0,0,0,161,0,Hello!,OK
2026-09-24,14:38:22,0,0,0,0,0,0,0,0,0,0,161,0,Hello!,OK
2026-09-24,14:38:23,0,0,0,0,0,0,0,0,0,0,161,0,Hello!,OK
2026-09-24,14:38:24,0,0,0,0,0,0,0,0,0,0,161,0,Hello!,OK
2026-09-24,14:38:25,0,0,0,0,0,0,0,0,0,0,161,0,Hello!,OK
2026-09-24,14:38:26,0,0,0,0,0,0,0,0,0,0,161,0,Hello!,OK
2026-09-24,14:38:27,0,0,0,0,0,0,0,0,0,0,161,0,Hello!,OK
2026-09-24,14:38:28,0,0,0,0,0,0,0,0,0,0,161,0,Hello!,OK
2026-09-24,14:38:29,0,0,0,0,0,0,0,0,0,0,161,0,Hello!,OK
2026-09-24,14:38:30,0,0,0,0,0,0,0,0,0,0,161,0,Hello!,OK
2026-09-24,14:38:31,0,0,0,0,0,0,0,0,0,0,161,0,Hello!,OK
2026-09-24,14:38:32,0,0,0,0,0,0,0,0,0,0,161,0,Hello!,OK
2026-09-24,14:38:33,0,0,0,0,0,0,0,0,0,0,161,0,Hello!,OK
2026-09-24,14:38:34,0,0,0,0,0,0,0,0,0,0,161,0,Hello!,OK
2026-09-24,14:38:35,0,0,0,0,0,0,0,0,0,0,161,0,Hello!,OK
2026-09-24,14:38:36,0,0,0,0,0,0,0,0,0,0,161,0,Hello!,OK
2026-09-24,14:38:37,0,0,0,0,0,0,0,0,0,0,161,0,Hello!,OK
2026-09-24,14:38:38,0,0,0,0,0,0,0,0,0,0,161,0,Hello!,OK
2026-09-24,14:38:39,0,0,0,0,0,0,0,0,0,0,161,0,Hello!,OK
2026-09-24,14:38:40,0,0,0,0,0,0,0,0,0,0,161,0,Hello!,OK
2026-09-24,14:38:41,0,0,0,0,0,0,0,0,0,0,161,0,Hello!,OK
2026-09-24,14:38:42,0,0,0,0,0,0,0,0,0,0,161,0,Hello!,OK
2026-09-24,14:38:43,0,0,0,0,0,0,0,0,0,0,161,0,Hello!,OK
2026-09-24,14:38:44,0,0,0,0,0,0,0,0,0,0,161,0,Hello!,OK
2026-09-24,14:38:45,0,0,0,0,0,0,0,0,0,0,161,0,Hello!,OK
2026-09-24,14:38:46,0,0,0,0,0,0,0,0,0,0,161,0,Hello!,OK
2026-09-24,14:38:47,0,0,0,0,0,0,0,0,0,0,161,0,Hello!,OK
2026-09-24,14:38:48,0,0,0,0,0,0,0,0,0,0,161,0,Hello!,OK
2026-09-24,14:38:49,0,0,0,0,0,0,0,0,0,0,161,0,Hello!,OK
2026-09-24,14:38:50,0,0,0,0,0,0,0,0,0,0,161,0,Hello!,OK
2026-09-24,14:38:51,0,0,0,0,0,0,0,0,0,0,161,0,Hello!,OK
2026-09-24,14:38:52,0,0,0,0,0,0,0,0,0,0,161,0,Hello!,OK
2026-09-24,14:38:53,0,0,0,0,0,0,0,0,0,0,161,0,Hello!,OK
2026-09-24,14:38:54,0,0,0,0,0,0,0,0,0,0,161,0,Hello!,OK
2026-09-24,14:38:55,0,0,0,0,0,0,0,0,0,0,161,0,Hello!,OK
2026-09-24,14:38:56,0,0,0,0,0,0,0,0,0,0,161,0,Hello!,OK
2026-09-24,14:38:57,0,0,0,0,0,0,0,0,0,0,161,0,Hello!,OK
2026-09-24,14:38:58,0,0,0,0,0,0,0,0,0,0,161,0,Hello!,OK
2026-09-24,14:38:59,0,0,0,0,0,0,0,0,0,0,161,0,Hello!,OK
2026-09-24,14:39:00,0,0,0,0,0,0,0,0,0,0,161,0,Hello!,OK
2026-09-24,14:39:01,0,0,0,0,0,0,0,0,0,0,161,0,Hello!,OK
2026-09-24,14:39:02,0,0,0,0,0,0,0,0,0,0,161,0,Hello!,OK
2026-09-24,14:39:03,0,0,0,0,0,0,0,0,0,0,161,0,Hello!,OK
2026-09-24,14:39:04,0,0,0,0,0,0,0,0,0,0,161,0,Hello!,OK
2026-09-24,14:39:05,0,0,0,0,0,0,0,0,0,0,161,0,Hello!,OK
2026-09-24,14:39:06,0,0,0,0,0,0,0,0,0,0,161,0,Hello!,OK
2026-09-24,14:39:07,0,0,0,0,0,0,0,0,0,0,161,0,Hello!,OK
2026-09-24,14:39:08,0,0,0,0,0,0,0,0,0,0,161,0,Hello!,OK
2026-09-24,14:39:09,0,0,0,0,0,0,0,0,0,0,161,0,Hello!,OK
2026-09-24,14:39:10,0,0,0,0,0,0,0,0,0,0,161,0,Hello!,OK
2026-09-24,14:39:11,0,0,0,0,0,0,0,0,0,0,161,0,Hello!,OK
2026-09-24,14:39:12,0,0,0,0,0,0,0,0,0,0,161,0,Hello!,OK
2026-09-24,14:39:13,0,0,0,0,0,0,0,0,0,0,161,0,Hello!,OK
2026-09-24,14:39:14,0,0,0,0,0,0,0,0,0,0,161,0,Hello!,OK
2026-09-24,14:39:15,0,0,0,0,0,0,0,0,0,0,161,0,Hello!,OK
2026-09-24,14:39:16,0,0,0,0,0,0,0,0,0,0,161,0,Hello!,OK
2026-09-24,14:39:17,0,0,0,0,0,0,0,0,0,0,161,0,Hello!,OK
2026-09-24,14:39:18,0,0,0,0,0,0,0,0,0,0,161,0,Hello!,OK
2026-09-24,14:39:19,0,0,0,0,0,0,0,0,0,0,161,0,Hello!,OK
2026-09-24,14:39:20,0,0,0,0,0,0,0,0,0,0,161,0,Hello!,OK
2026-09-24,14:39:21,0,0,0,0,0,0,0,0,0,0,161,0,Hello!,OK
2026-09-24,14:39:22,0,0,0,0,0,0,0,0,0,0,161,0,Hello!,OK
2026-09-24,14:39:23,0,0,0,0,0,0,0,0,0,0,161,0,Hello!,OK
2026-09-24,14:39:24,0,0,0,0,0,0,0,0,0,0,161,0,Hello!,OK
2026-09-24,14:39:25,0,0,0,0,0,0,0,0,0,0,161,0,Hello!,OK
2026-09-24,14:39:26,0,0,0,0,0,0,0,0,0,0,161,0,Hello!,OK
2026-09-24,14:39:27,0,0,0,0,0,0,0,0,0,0,161,0,Hello!,OK
2026-09-24,14:39:28,0,0,0,0,0,0,0,0,0,0,161,0,Hello!,OK
2026-09-24,14:39:29,0,0,0,0,0,0,0,0,0,0,161,0,Hello!,OK
2026-09-24,14:39:30,0,0,0,0,0,0,0,0,0,0,161,0,Hello!,OK
2026-09-24,14:39:31,0,0,0,0,0,0,0,0,0,0,161,0,Hello!,OK
2026-09-24,14:39:32,0,0,0,0,0,0,0,0,0,0,161,0,Hello!,OK
2026-09-24,14:39:33,0,0,0,0,0,0,0,0,0,0,161,0,Hello!,OK
2026-09-24,14:39:34,0,0,0,0,0,0,0,0,0,0,161,0,Hello!,OK
2026-09-24,14:39:35,0,0,0,0,0,0,0,0,0,0,161,0,Hello!,OK
2026-09-24,14:39:36,0,0,0,0,0,0,0,0,0,0,161,0,Hello!,OK
2026-09-24,14:39:37,0,0,0,0,0,0,0,0,0,0,161,0,Hello!,OK
2026-09-24,14:39:38,0,0,0,0,0,0,0,0,0,0,161,0,Hello!,OK
2026-09-24,14:39:39,0,0,0,0,0,0,0,0,0,0,161,0,Hello!,OK
2026-09-24,14:39:40,0,0,0,0,0,0,0,0,0,0,161,0,Hello!,OK
2026-09-24,14:39:41,0,0,0,0,0,0,0,0,0,0,161,0,Hello!,OK
2026-09-24,14:39:42,0,0,0,0,0,0,0,0,0,0,161,0,Hello!,OK
2026-09-24,14:39:43,0,0,0,0,0,0,0,0,0,0,161,0,Hello!,OK
2026-09-24,14:39:44,0,0,0,0,0,0,0,0,0,0,161,0,Hello!,OK
2026-09-24,14:39:45,0,0,0,0,0,0,0,0,0,0,161,0,Hello!,OK
2026-09-24,14:39:46,0,0,0,0,0,0,0,0,0,0,161,0,Hello!,OK
2026-09-24,14:39:47,0,0,0,0,0,0,0,0,0,0,161,0,Hello!,OK
2026-09-24,14:39:48,0,0,0,0,0,0,0,0,0,0,161,0,Hello!,OK
2026-09-24,14:39:49,0,0,0,0,0,0,0,0,0,0,161,0,Hello!,OK
2026-09-24,14:39:50,0,0,0,0,0,0,0,0,0,0,161,0,Hello!,OK
2026-09-24,14:39:51,0,0,0,0,0,0,0,0,0,0,161,0,Hello!,OK
2026-09-24,14:39:52,0,0,0,0,0,0,0,0,0,0,161,0,Hello!,OK
2026-09-24,14:39:53,0,0,0,0,0,0,0,0,0,0,161,0,Hello!,OK
2026-09-24,14:39:54,0,0,0,0,0,0,0,0,0,0,161,0,Hello!,OK
2026-09-24,14:39:55,0,0,0,0,0,0,0,0,0,0,161,0,Hello!,OK
2026-09-24,14:39:56,0,0,0,0,0,0,0,0,0,0,161,0,Hello!,OK
2026-09-24,14:39:57,0,0,0,0,0,0,0,0,0,0,161,0,Hello!,OK
2026-09-24,14:39:58,0,0,0,0,0,0,0,0,0,0,161,0,Hello!,OK
2026-09-24,14:39:59,0,0,0,0,0,0,0,0,0,0,161,0,Hello!,OK
2026-09-24,14:40:00,0,0,0,0,0,0,0,0,0,0,161,0,Hello!,OK
2026-09-24,14:40:01,0,0,0,0,0,0,0,0,0,0,161,0,Hello!,OK
2026-09-24,14:40:02,0,0,0,0,0,0,0,0,0,0,161,0,Hello!,OK
2026-09-24,14:40:03,0,0,0,0,0,0,0,0,0,0,161,0,Hello!,OK
2026-09-24,14:40:04,0,0,0,0,0,0,0,0,0,0,161,0,Hello!,OK
2026-09-24,14:40:05,0,0,0,0,0,0,0,0,0,0,161,0,Hello!,OK
2026-09-24,14:40:06,0,0,0,0,0,0,0,0,0,0,161,0,Hello!,OK
2026-09-24,14:40:07,0,0,0,0,0,0,0,0,0,0,161,0,Hello!,OK
2026-09-24,14:40:08,0,0,0,0,0,0,0,0,0,0,161,0,Hello!,OK
2026-09-24,14:40:09,0,0,0,0,0,0,0,0,0,0,161,0,Hello!,OK
2026-09-24,14:40:10,0,0,0,0,0,0,0,0,0,0,161,0,Hello!,OK
2026-09-24,14:40:11,0,0,0,0,0,0,0,0,0,0,161,0,Hello!,OK
2026-09-24,14:40:12,0,0,0,0,0,0,0,0,0,0,161,0,Hello!,OK
2026-09-24,14:40:13,0,0,0,0,0,0,0,0,0,0,161,0,Hello!,OK
2026-09-24,14:40:14,0,0,0,0,0,0,0,0,0,0,161,0,Hello!,OK
2026-09-24,14:40:15,0,0,0,0,0,0,0,0,0,0,161,0,Hello!,OK
2026-09-24,14:40:16,0,0,0,0,0,0,0,0,0,0,161,0,Hello!,OK
2026-09-24,14:40:17,0,0,0,0,0,0,0,0,0,0,161,0,Hello!,OK
2026-09-24,14:40:18,0,0,0,0,0,0,0,0,0,0,161,0,Hello!,OK
2026-09-24,14:40:19,0,0,0,0,0,0,0,0,0,0,161,0,Hello!,OK
2026-09-24,14:40:20,0,0,0,0,0,0,0,0,0,0,161,0,Hello!,OK
2026-09-24,14:40:21,0,0,0,0,0,0,0,0,0,0,161,0,Hello!,OK
2026-09-24,14:40:22,0,0,0,0,0,0,0,0,0,0,161,0,Hello!,OK
2026-09-24,14:40:23,0,0,0,0,0,0,0,0,0,0,161,0,Hello!,OK
2026-09-24,14:40:24,0,0,0,0,0,0,0,0,0,0,161,0,Hello!,OK
2026-09-24,14:40:25,0,0,0,0,0,0,0,0,0,0,161,0,Hello!,OK
2026-09-24,14:40:26,0,0,0,0,0,0,0,0,0,0,161,0,Hello!,OK
2026-09-24,14:40:27,0,0,0,0,0,0,0,0,0,0,161,0,Hello!,OK
2026-09-24,14:40:28,0,0,0,0,0,0,0,0,0,0,161,0,Hello!,OK
2026-09-24,14:40:29,0,0,0,0,0,0,0,0,0,0,161,0,Hello!,OK
2026-09-24,14:40:30,0,0,0,0,0,0,0,0,0,0,161,0,Hello!,OK
2026-09-24,14:40:31,0,0,0,0,0,0,0,0,0,0,161,0,Hello!,OK
2026-09-24,14:40:32,0,0,0,0,0,0,0,0,0,0,161,0,Hello!,OK
2026-09-24,14:40:33,0,0,0,0,0,0,0,0,0,0,161,0,Hello!,OK
2026-09-24,14:40:34,0,0,0,0,0,0,0,0,0,0,161,0,Hello!,OK
2026-09-24,14:40:35,0,0,0,0,0,0,0,0,0,0,161,0,Hello!,OK
2026-09-24,14:40:36,0,0,0,0,0,0,0,0,0,0,161,0,Hello!,OK
2026-09-24,14:40:37,0,0,0,0,0,0,0,0,0,0,161,0,Hello!,OK
2026-09-24,14:40:38,0,0,0,0,0,0,0,0,0,0,161,0,Hello!,OK
2026-09-24,14:40:39,0,0,0,0,0,0,0,0,0,0,161,0,Hello!,OK
2026-09-24,14:40:40,0,0,0,0,0,0,0,0,0,0,161,0,Hello!,OK
2026-09-24,14:40:41,0,0,0,0,0,0,0,0,0,0,161,0,Hello!,OK
2026-09-24,14:40:42,0,0,0,0,0,0,0,0,0,0,161,0,Hello!,OK
2026-09-24,14:40:43,0,0,0,0,0,0,0,0,0,0,161,0,Hello!,OK
2026-09-24,14:40:44,0,0,0,0,0,0,0,0,0,0,161,0,Hello!,OK
2026-09-24,14:40:45,0,0,0,0,0,0,0,0,0,0,161,0,Hello!,OK
2026-09-24,14:40:46,0,0,0,0,0,0,0,0,0,0,161,0,Hello!,OK
2026-09-24,14:40:47,0,0,0,0,0,0,0,0,0,0,161,0,Hello!,OK
2026-09-24,14:40:48,0,0,0,0,0,0,0,0,0,0,161,0,Hello!,OK
2026-09-24,14:40:49,0,0,0,0,0,0,0,0,0,0,161,0,Hello!,OK
2026-09-24,14:40:50,0,0,0,0,0,0,0,0,0,0,161,0,Hello!,OK
2026-09-24,14:40:51,0,0,0,0,0,0,0,0,0,0,161,0,Hello!,OK
2026-09-24,14:40:52,0,0,0,0,0,0,0,0,0,0,161,0,Hello!,OK
2026-09-24,14:40:53,0,0,0,0,0,0,0,0,0,0,161,0,Hello!,OK
2026-09-24,14:40:54,0,0,0,0,0,0,0,0,0,0,161,0,Hello!,OK
2026-09-24,14:40:55,0,0,0,0,0,0,0,0,0,0,161,0,Hello!,OK
2026-09-24,14:40:56,0,0,0,0,0,0,0,0,0,0,161,0,Hello!,OK
2026-09-24,14:40:57,0,0,0,0,0,0,0,0,0,0,161,0,Hello!,OK
2026-09-24,14:40:58,0,0,0,0,0,0,0,0,0,0,161,0,Hello!,OK
2026-09-24,14:40:59,0,0,0,0,0,0,0,0,0,0,161,0,Hello!,OK
2026-09-24,14:41:00,0,0,0,0,0,0,0,0,0,0,161,0,Hello!,OK
2026-09-24,14:41:01,0,0,0,0,0,0,0,0,0,0,161,0,Hello!,OK
2026-09-24,14:41:02,0,0,0,0,0,0,0,0,0,0,161,0,Hello!,OK
2026-09-24,14:41:03,0,0,0,0,0,0,0,0,0,0,161,0,Hello!,OK
2026-09-24,14:41:04,0,0,0,0,0,0,0,0,0,0,161,0,Hello!,OK
2026-09-24,14:41:05,0,0,0,0,0,0,0,0,0,0,161,0,Hello!,OK
2026-09-24,14:41:06,0,0,0,0,0,0,0,0,0,0,161,0,Hello!,OK
2026-09-24,14:41:07,0,0,0,0,0,0,0,0,0,0,161,0,Hello!,OK
2026-09-24,14:41:08,0,0,0,0,0,0,0,0,0,0,161,0,Hello!,OK
2026-09-24,14:41:09,0,0,0,0,0,0,0,0,0,0,161,0,Hello!,OK
2026-09-24,14:41:10,0,0,0,0,0,0,0,0,0,0,161,0,Hello!,OK
2026-09-24,14:41:11,0,0,0,0,0,0,0,0,0,0,161,0,Hello!,OK
2026-09-24,14:41:12,0,0,0,0,0,0,0,0,0,0,161,0,Hello!,OK
2026-09-24,14:41:13,0,0,0,0,0,0,0,0,0,0,161,0,Hello!,OK
2026-09-24,14:41:14,0,0,0,0,0,0,0,0,0,0,161,0,Hello!,OK
2026-09-24,14:41:15,0,0,0,0,0,0,0,0,0,0,161,0,Hello!,OK
2026-09-24,14:41:16,0,0,0,0,0,0,0,0,0,0,161,0,Hello!,OK
2026-09-24,14:41:17,0,0,0,0,0,0,0,0,0,0,161,0,Hello!,OK
2026-09-24,14:41:18,0,0,0,0,0,0,0,0,0,0,161,0,Hello!,OK
2026-09-24,14:41:19,0,0,0,0,0,0,0,0,0,0,161,0,Hello!,OK
2026-09-24,14:41:20,0,0,0,0,0,0,0,0,0,0,161,0,Hello!,OK
2026-09-24,14:41:21,0,0,0,0,0,0,0,0,0,0,161,0,Hello!,OK
2026-09-24,14:41:22,0,0,0,0,0,0,0,0,0,0,161,0,Hello!,OK
2026-09-24,14:41:23,0,0,0,0,0,0,0,0,0,0,161,0,Hello!,OK
2026-09-24,14:41:24,0,0,0,0,0,0,0,0,0,0,161,0,Hello!,OK
2026-09-24,14:41:25,0,0,0,0,0,0,0,0,0,0,161,0,Hello!,OK
2026-09-24,14:41:26,0,0,0,0,0,0,0,0,0,0,161,0,Hello!,OK
2026-09-24,14:41:27,0,0,0,0,0,0,0,0,0,0,161,0,Hello!,OK
2026-09-24,14:41:28,0,0,0,0,0,0,0,0,0,0,161,0,Hello!,OK
2026-09-24,14:41:29,0,0,0,0,0,0,0,0,0,0,161,0,Hello!,OK
2026-09-24,14:41:30,0,0,0,0,0,0,0,0,0,0,161,0,Hello!,OK
2026-09-24,14:41:31,0,0,0,0,0,0,0,0,0,0,161,0,Hello!,OK
2026-09-24,14:41:32,0,0,0,0,0,0,0,0,0,0,161,0,Hello!,OK
2026-09-24,14:41:33,0,0,0,0,0,0,0,0,0,0,161,0,Hello!,OK
2026-09-24,14:41:34,0,0,0,0,0,0,0,0,0,0,161,0,Hello!,OK
2026-09-24,14:41:35,0,0,0,0,0,0,0,0,0,0,161,0,Hello!,OK
2026-09-24,14:41:36,0,0,0,0,0,0,0,0,0,0,161,0,Hello!,OK
2026-09-24,14:41:37,0,0,0,0,0,0,0,0,0,0,161,0,Hello!,OK
2026-09-24,14:41:38,0,0,0,0,0,0,0,0,0,0,161,0,Hello!,OK
2026-09-24,14:41:39,0,0,0,0,0,0,0,0,0,0,161,0,Hello!,OK
2026-09-24,14:41:40,0,0,0,0,0,0,0,0,0,0,161,0,Hello!,OK
2026-09-24,14:41:41,0,0,0,0,0,0,0,0,0,0,161,0,Hello!,OK
2026-09-24,14:41:42,0,0,0,0,0,0,0,0,0,0,161,0,Hello!,OK
2026-09-24,14:41:43,0,0,0,0,0,0,0,0,0,0,161,0,Hello!,OK
2026-09-24,14:41:44,0,0,0,0,0,0,0,0,0,0,161,0,Hello!,OK
2026-09-24,14:41:45,0,0,0,0,0,0,0,0,0,0,161,0,Hello!,OK
2026-09-24,14:41:46,0,0,0,0,0,0,0,0,0,0,161,0,Hello!,OK
2026-09-24,14:41:47,0,0,0,0,0,0,0,0,0,0,161,0,Hello!,OK
2026-09-24,14:41:48,0,0,0,0,0,0,0,0,0,0,161,0,Hello!,OK
2026-09-24,14:41:49,0,0,0,0,0,0,0,0,0,0,161,0,Hello!,OK
2026-09-24,14:41:50,0,0,0,0,0,0,0,0,0,0,161,0,Hello!,OK
2026-09-24,14:41:51,0,0,0,0,0,0,0,0,0,0,161,0,Hello!,OK
2026-09-24,14:41:52,0,0,0,0,0,0,0,0,0,0,161,0,Hello!,OK
2026-09-24,14:41:53,0,0,0,0,0,0,0,0,0,0,161,0,Hello!,OK
2026-09-24,14:41:54,0,0,0,0,0,0,0,0,0,0,161,0,Hello!,OK
2026-09-24,14:41:55,0,0,0,0,0,0,0,0,0,0,161,0,Hello!,OK
2026-09-24,14:41:56,0,0,0,0,0,0,0,0,0,0,161,0,Hello!,OK
2026-09-24,14:41:57,0,0,0,0,0,0,0,0,0,0,161,0,Hello!,OK
2026-09-24,14:41:58,0,0,0,0,0,0,0,0,0,0,161,0,Hello!,OK
2026-09-24,14:41:59,0,0,0,0,0,0,0,0,0,0,161,0,Hello!,OK
2026-09-24,14:42:00,0,0,0,0,0,0,0,0,0,0,161,0,Hello!,OK
2026-09-24,14:42:01,0,0,0,0,0,0,0,0,0,0,161,0,Hello!,OK
2026-09-24,14:42:02,0,0,0,0,0,0,0,0,0,0,161,0,Hello!,OK
2026-09-24,14:42:03,0,0,0,0,0,0,0,0,0,0,161,0,Hello!,OK
2026-09-24,14:42:04,0,0,0,0,0,0,0,0,0,0,161,0,Hello!,OK
2026-09-24,14:42:05,0,0,0,0,0,0,0,0,0,0,161,0,Hello!,OK
2026-09-24,14:42:06,0,0,0,0,0,0,0,0,0,0,161,0,Hello!,OK
2026-09-24,14:42:07,0,0,0,0,0,0,0,0,0,0,161,0,Hello!,OK
2026-09-24,14:42:08,0,0,0,0,0,0,0,0,0,0,161,0,Hello!,OK
2026-09-24,14:42:09,0,0,0,0,0,0,0,0,0,0,161,0,Hello!,OK
2026-09-24,14:42:10,0,0,0,0,0,0,0,0,0,0,161,0,Hello!,OK
2026-09-24,14:42:11,0,0,0,0,0,0,0,0,0,0,161,0,Hello!,OK
2026-09-24,14:42:12,0,0,0,0,0,0,0,0,0,0,161,0,Hello!,OK
2026-09-24,14:42:13,0,0,0,0,0,0,0,0,0,0,161,0,Hello!,OK
2026-09-24,14:42:14,0,0,0,0,0,0,0,0,0,0,161,0,Hello!,OK
2026-09-24,14:42:15,0,0,0,0,0,0,0,0,0,0,161,0,Hello!,OK
2026-09-24,14:42:16,0,0,0,0,0,0,0,0,0,0,161,0,Hello!,OK
2026-09-24,14:42:17,0,0,0,0,0,0,0,0,0,0,161,0,Hello!,OK
2026-09-24,14:42:18,0,0,0,0,0,0,0,0,0,0,161,0,Hello!,OK
2026-09-24,14:42:19,0,0,0,0,0,0,0,0,0,0,161,0,Hello!,OK
2026-09-24,14:42:20,0,0,0,0,0,0,0,0,0,0,161,0,Hello!,OK
2026-09-24,14:42:21,0,0,0,0,0,0,0,0,0,0,161,0,Hello!,OK
2026-09-24,14:42:22,0,0,0,0,0,0,0,0,0,0,161,0,Hello!,OK
2026-09-24,14:42:23,0,0,0,0,0,0,0,0,0,0,161,0,Hello!,OK
2026-09-24,14:42:24,0,0,0,0,0,0,0,0,0,0,161,0,Hello!,OK
2026-09-24,14:42:25,0,0,0,0,0,0,0,0,0,0,161,0,Hello!,OK
2026-09-24,14:42:26,0,0,0,0,0,0,0,0,0,0,161,0,Hello!,OK
2026-09-24,14:42:27,0,0,0,0,0,0,0,0,0,0,161,0,Hello!,OK
2026-09-24,14:42:28,0,0,0,0,0,0,0,0,0,0,161,0,Hello!,OK
2026-09-24,14:42:29,0,0,0,0,0,0,0,0,0,0,161,0,Hello!,OK
2026-09-24,14:42:30,0,0,0,0,0,0,0,0,0,0,161,0,Hello!,OK
2026-09-24,14:42:31,0,0,0,0,0,0,0,0,0,0,161,0,Hello!,OK
2026-09-24,14:42:32,0,0,0,0,0,0,0,0,0,0,161,0,Hello!,OK
2026-09-24,14:42:33,0,0,0,0,0,0,0,0,0,0,161,0,Hello!,OK
2026-09-24,14:42:34,0,0,0,0,0,0,0,0,0,0,161,0,Hello!,OK
2026-09-24,14:42:35,0,0,0,0,0,0,0,0,0,0,161,0,Hello!,OK
2026-09-24,14:42:36,0,0,0,0,0,0,0,0,0,0,161,0,Hello!,OK
2026-09-24,14:42:37,0,0,0,0,0,0,0,0,0,0,161,0,Hello!,OK
2026-09-24,14:42:38,0,0,0,0,0,0,0,0,0,0,161,0,Hello!,OK
2026-09-24,14:42:39,0,0,0,0,0,0,0,0,0,0,161,0,Hello!,OK
2026-09-24,14:42:40,0,0,0,0,0,0,0,0,0,0,161,0,Hello!,OK
2026-09-24,14:42:41,0,0,0,0,0,0,0,0,0,0,161,0,Hello!,OK
2026-09-24,14:42:42,0,0,0,0,0,0,0,0,0,0,161,0,Hello!,OK
2026-09-24,14:42:43,0,0,0,0,0,0,0,0,0,0,161,0,Hello!,OK
2026-09-24,14:42:44,0,0,0,0,0,0,0,0,0,0,161,0,Hello!,OK
2026-09-24,14:42:45,0,0,0,0,0,0,0,0,0,0,161,0,Hello!,OK
2026-09-24,14:42:46,0,0,0,0,0,0,0,0,0,0,161,0,Hello!,OK
2026-09-24,14:42:47,0,0,0,0,0,0,0,0,0,0,161,0,Hello!,OK
2026-09-24,14:42:48,0,0,0,0,0,0,0,0,0,0,161,0,Hello!,OK
2026-09-24,14:42:49,0,0,0,0,0,0,0,0,0,0,161,0,Hello!,OK
2026-09-24,14:42:50,0,0,0,0,0,0,0,0,0,0,161,0,Hello!,OK
2026-09-24,14:42:51,0,0,0,0,0,0,0,0,0,0,161,0,Hello!,OK
2026-09-24,14:42:52,0,0,0,0,0,0,0,0,0,0,161,0,Hello!,OK
2026-09-24,14:42:53,0,0,0,0,0,0,0,0,0,0,161,0,Hello!,OK
2026-09-24,14:42:54,0,0,0,0,0,0,0,0,0,0,161,0,Hello!,OK
2026-09-24,14:42:55,0,0,0,0,0,0,0,0,0,0,161,0,Hello!,OK
2026-09-24,14:42:56,0,0,0,0,0,0,0,0,0,0,161,0,Hello!,OK
2026-09-24,14:42:57,0,0,0,0,0,0,0,0,0,0,161,0,Hello!,OK
2026-09-24,14:42:58,0,0,0,0,0,0,0,0,0,0,161,0,Hello!,OK
2026-09-24,14:42:59,0,0,0,0,0,0,0,0,0,0,161,0,Hello!,OK
2026-09-24,14:43:00,0,0,0,0,0,0,0,0,0,0,161,0,Hello!,OK
2026-09-24,14:43:01,0,0,0,0,0,0,0,0,0,0,161,0,Hello!,OK
2026-09-24,14:43:02,0,0,0,0,0,0,0,0,0,0,161,0,Hello!,OK
2026-09-24,14:43:03,0,0,0,0,0,0,0,0,0,0,161,0,Hello!,OK
2026-09-24,14:43:04,0,0,0,0,0,0,0,0,0,0,161,0,Hello!,OK
2026-09-24,14:43:05,0,0,0,0,0,0,0,0,0,0,161,0,Hello!,OK
2026-09-24,14:43:06,0,0,0,0,0,0,0,0,0,0,161,0,Hello!,OK
2026-09-24,14:43:07,0,0,0,0,0,0,0,0,0,0,161,0,Hello!,OK
2026-09-24,14:43:08,0,0,0,0,0,0,0,0,1,0,161,0,Hello!,OK
2026-09-24,14:43:09,0,0,0,0,0,0,0,0,1,0,161,1,Hello!,OK
2026-09-24,14:43:10,0,0,0,0,0,0,0,0,0,1,161,1,Hello!,OK
2026-09-24,14:43:11,0,0,0,0,0,0,0,0,0,0,161,0,Hello!,OK
2026-09-24,14:43:12,0,0,0,0,0,0,0,0,0,0,171,0,Hello!,OK
2026-09-24,14:43:13,0,0,0,0,0,0,0,0,0,0,181,0,Hello!,OK
2026-09-24,14:43:14,0,0,0,0,0,0,0,0,0,0,181,0,Hello!,OK
2026-09-24,14:43:15,0,0,0,0,0,0,0,0,0,0,181,0,Hello!,OK
2026-09-24,14:43:16,0,0,0,0,0,0,0,0,0,0,181,0,Hello!,OK
2026-09-24,14:43:17,0,0,0,0,0,0,0,0,0,0,181,0,Hello!,OK
2026-09-24,14:43:18,0,0,0,0,0,0,0,0,0,0,181,0,Hello!,OK
2026-09-24,14:43:19,0,0,0,0,0,0,0,0,0,0,181,0,Hello!,OK
2026-09-24,14:43:20,0,0,0,0,0,0,0,0,0,0,181,0,Hello!,OK
2026-09-24,14:43:21,0,0,0,0,0,0,0,0,0,0,181,0,Hello!,OK
2026-09-24,14:43:22,0,0,0,0,0,0,0,0,0,0,181,0,Hello!,OK
2026-09-24,14:43:23,0,0,0,0,0,0,0,0,0,0,181,0,Hello!,OK
2026-09-24,14:43:24,0,0,0,0,0,0,0,0,0,0,181,0,Hello!,OK
2026-09-24,14:43:25,0,0,0,0,0,0,0,0,0,0,181,0,Hello!,OK
2026-09-24,14:43:26,0,0,0,0,0,0,0,0,0,0,181,0,Hello!,OK
2026-09-24,14:43:27,0,0,0,0,0,0,0,0,0,0,181,0,Hello!,OK
2026-09-24,14:43:28,0,0,0,0,0,0,0,0,0,0,181,0,Hello!,OK
2026-09-24,14:43:29,0,0,0,0,0,0,0,0,0,0,181,0,Hello!,OK
2026-09-24,14:43:30,0,0,0,0,0,0,0,0,0,0,181,0,Hello!,OK
2026-09-24,14:43:31,0,0,0,0,0,0,0,0,0,0,181,0,Hello!,OK
2026-09-24,14:43:32,0,0,0,0,0,0,0,0,0,0,181,0,Hello!,OK
2026-09-24,14:43:33,0,0,0,0,0,0,0,0,0,0,181,0,Hello!,OK
2026-09-24,14:43:34,0,0,0,0,0,0,0,0,0,0,181,0,Hello!,OK
2026-09-24,14:43:35,0,0,0,0,0,0,0,0,0,0,181,0,Hello!,OK
2026-09-24,14:43:36,0,0,0,0,0,0,0,0,0,0,181,0,Hello!,OK
2026-09-24,14:43:37,0,0,0,0,0,0,0,0,0,0,181,0,Hello!,OK
2026-09-24,14:43:38,0,0,0,0,0,0,0,0,0,0,181,0,Hello!,OK
2026-09-24,14:43:39,0,0,0,0,0,0,0,0,0,0,181,0,Hello!,OK
2026-09-24,14:43:40,0,0,0,0,0,0,0,0,0,0,181,0,Hello!,OK
2026-09-24,14:43:41,0,0,0,0,0,0,0,0,0,0,181,0,Hello!,OK
2026-09-24,14:43:42,0,0,0,0,0,0,0,0,0,0,181,0,Hello!,OK
2026-09-24,14:43:43,0,0,0,0,0,0,0,0,0,0,181,0,Hello!,OK
2026-09-24,14:43:44,0,0,0,0,0,0,0,0,0,0,181,0,Hello!,OK
2026-09-24,14:43:45,0,0,0,0,0,0,0,0,0,0,181,0,Hello!,OK
2026-09-24,14:43:46,0,0,0,0,0,0,0,0,0,0,181,0,Hello!,OK
2026-09-24,14:43:47,0,0,0,0,0,0,0,0,0,0,181,0,Hello!,OK
2026-09-24,14:43:48,0,0,0,0,0,0,0,0,0,0,181,0,Hello!,OK
2026-09-24,14:43:49,0,0,0,0,0,0,0,0,0,0,181,0,Hello!,OK
2026-09-24,14:43:50,0,0,0,0,0,0,0,0,0,0,181,0,Hello!,OK
2026-09-24,14:43:51,0,0,0,0,0,0,0,0,0,0,181,0,Hello!,OK
2026-09-24,14:43:52,0,0,0,0,0,0,0,0,0,0,181,0,Hello!,OK
2026-09-24,14:43:53,0,0,0,0,0,0,0,0,0,0,181,0,Hello!,OK
2026-09-24,14:43:54,0,0,0,0,0,0,0,0,0,0,181,0,Hello!,OK
2026-09-24,14:43:55,0,0,0,0,0,0,0,0,0,0,181,0,Hello!,OK
2026-09-24,14:43:56,0,0,0,0,0,0,0,0,0,0,181,0,Hello!,OK
2026-09-24,14:43:57,0,0,0,0,0,0,0,0,0,0,181,0,Hello!,OK
2026-09-24,14:43:58,0,0,0,0,0,0,0,0,0,0,181,0,Hello!,OK
2026-09-24,14:43:59,0,0,0,0,0,0,0,0,0,0,181,0,Hello!,OK
2026-09-24,14:44:00,0,0,0,0,0,0,0,0,0,0,181,0,Hello!,OK
2026-09-24,14:44:01,0,0,0,0,0,0,0,0,0,0,181,0,Hello!,OK
2026-09-24,14:44:02,0,0,0,0,0,0,0,0,0,0,181,0,Hello!,OK
2026-09-24,14:44:03,0,0,0,0,0,0,0,0,0,0,181,0,Hello!,OK
2026-09-24,14:44:04,0,0,0,0,0,0,0,0,0,0,181,0,Hello!,OK
2026-09-24,14:44:05,0,0,0,0,0,0,0,0,0,0,181,0,Hello!,OK
2026-09-24,14:44:06,0,0,0,0,0,0,0,0,0,0,181,0,Hello!,OK
2026-09-24,14:44:07,0,0,0,0,0,0,0,0,0,0,181,0,Hello!,OK
2026-09-24,14:44:08,0,0,0,0,0,0,0,0,0,0,181,0,Hello!,OK
2026-09-24,14:44:09,0,0,0,0,0,0,0,0,0,0,181,0,Hello!,OK
2026-09-24,14:44:10,0,0,0,0,0,0,0,0,0,0,181,0,Hello!,OK
2026-09-24,14:44:11,0,0,0,0,0,0,0,0,0,0,181,0,Hello!,OK
2026-09-24,14:44:12,0,0,0,0,0,0,0,0,0,0,181,0,Hello!,OK
2026-09-24,14:44:13,0,0,0,0,0,0,0,0,0,0,181,0,Hello!,OK
2026-09-24,14:44:14,0,0,0,0,0,0,0,0,0,0,181,0,Hello!,OK
2026-09-24,14:44:15,0,0,0,0,0,0,0,0,0,0,181,0,Hello!,OK
2026-09-24,14:44:16,0,0,0,0,0,0,0,0,0,0,181,0,Hello!,OK
2026-09-24,14:44:17,0,0,0,0,0,0,0,0,0,0,181,0,Hello!,OK
2026-09-24,14:44:18,0,0,0,0,0,0,0,0,0,0,181,0,Hello!,OK
2026-09-24,14:44:19,0,0,0,0,0,0,0,0,0,0,181,0,Hello!,OK
2026-09-24,14:44:20,0,0,0,0,0,0,0,0,0,0,181,0,Hello!,OK
2026-09-24,14:44:21,0,0,0,0,0,0,0,0,0,0,181,0,Hello!,OK
2026-09-24,14:44:22,0,0,0,0,0,0,0,0,0,0,181,0,Hello!,OK
2026-09-24,14:44:23,0,0,0,0,0,0,0,0,0,0,181,0,Hello!,OK
2026-09-24,14:44:24,0,0,0,0,0,0,0,0,0,0,181,0,Hello!,OK
2026-09-24,14:44:25,0,0,0,0,0,0,0,0,0,0,181,0,Hello!,OK
2026-09-24,14:44:26,0,0,0,0,0,0,0,0,0,0,181,0,Hello!,OK
2026-09-24,14:44:27,0,0,0,0,0,0,0,0,0,0,181,0,Hello!,OK
2026-09-24,14:44:28,0,0,0,0,0,0,0,0,0,0,181,0,Hello!,OK
2026-09-24,14:44:29,0,0,0,0,0,0,0,0,0,0,181,0,Hello!,OK
2026-09-24,14:44:30,0,0,0,0,0,0,0,0,0,0,181,0,Hello!,OK
2026-09-24,14:44:31,0,0,0,0,0,0,0,0,0,0,181,0,Hello!,OK
2026-09-24,14:44:32,0,0,0,0,0,0,0,0,0,0,181,0,Hello!,OK
2026-09-24,14:44:33,0,0,0,0,0,0,0,0,0,0,181,0,Hello!,OK
2026-09-24,14:44:34,0,0,0,0,0,0,0,0,0,0,181,0,Hello!,OK
2026-09-24,14:44:35,0,0,0,0,0,0,0,0,0,0,181,0,Hello!,OK
2026-09-24,14:44:36,0,0,0,0,0,0,0,0,0,0,181,0,Hello!,OK
2026-09-24,14:44:37,0,0,0,0,0,0,0,0,0,0,181,0,Hello!,OK
2026-09-24,14:44:38,0,0,0,0,0,0,0,0,0,0,181,0,Hello!,OK
2026-09-24,14:44:39,0,0,0,0,0,0,0,0,0,0,181,0,Hello!,OK
2026-09-24,14:44:40,0,0,0,0,0,0,0,0,0,0,181,0,Hello!,OK
2026-09-24,14:44:41,0,0,0,0,0,0,0,0,0,0,181,0,Hello!,OK
2026-09-24,14:44:42,0,0,0,0,0,0,0,0,0,0,181,0,Hello!,OK
2026-09-24,14:44:43,0,0,0,0,0,0,0,0,0,0,181,0,Hello!,OK
2026-09-24,14:44:44,0,0,0,0,0,0,0,0,0,0,181,0,Hello!,OK
2026-09-24,14:44:45,0,0,0,0,0,0,0,0,0,0,181,0,Hello!,OK
2026-09-24,14:44:46,0,0,0,0,0,0,0,0,0,0,181,0,Hello!,OK
2026-09-24,14:44:47,0,0,0,0,0,0,0,0,0,0,181,0,Hello!,OK
2026-09-24,14:44:48,0,0,0,0,0,0,0,0,0,0,181,0,Hello!,OK
2026-09-24,14:44:49,0,0,0,0,0,0,0,0,0,0,181,0,Hello!,OK
2026-09-24,14:44:50,0,0,0,0,0,0,0,0,0,0,181,0,Hello!,OK
2026-09-24,14:44:51,0,0,0,0,0,0,0,0,0,0,181,0,Hello!,OK
2026-09-24,14:44:52,0,0,0,0,0,0,0,0,0,0,181,0,Hello!,OK
2026-09-24,14:44:53,0,0,0,0,0,0,0,0,0,0,181,0,Hello!,OK
2026-09-24,14:44:54,0,0,0,0,0,0,0,0,0,0,181,0,Hello!,OK
2026-09-24,14:44:55,0,0,0,0,0,0,0,0,0,0,181,0,Hello!,OK
2026-09-24,14:44:56,0,0,0,0,0,0,0,0,0,0,181,0,Hello!,OK
2026-09-24,14:44:57,0,0,0,0,0,0,0,0,0,0,181,0,Hello!,OK
2026-09-24,14:44:58,0,0,0,0,0,0,0,0,0,0,181,0,Hello!,OK
2026-09-24,14:44:59,0,0,0,0,0,0,0,0,0,0,181,0,Hello!,OK
2026-09-24,14:45:00,0,0,0,0,0,0,0,0,0,0,181,0,Hello!,OK
2026-09-24,14:45:01,0,0,0,0,0,0,0,0,0,0,181,0,Hello!,OK
2026-09-24,14:45:02,0,0,0,0,0,0,0,0,0,0,181,0,Hello!,OK
2026-09-24,14:45:03,0,0,0,0,0,0,0,0,0,0,181,0,Hello!,OK
2026-09-24,14:45:04,0,0,0,0,0,0,0,0,0,0,181,0,Hello!,OK
2026-09-24,14:45:05,0,0,0,0,0,0,0,0,0,0,181,0,Hello!,OK
2026-09-24,14:45:06,0,0,0,0,0,0,0,0,0,0,181,0,Hello!,OK
2026-09-24,14:45:07,0,0,0,0,0,0,0,0,0,0,181,0,Hello!,OK
2026-09-24,14:45:08,0,0,0,0,0,0,0,0,0,0,181,0,Hello!,OK
2026-09-24,14:45:09,0,0,0,0,0,0,0,0,0,0,181,0,Hello!,OK
2026-09-24,14:45:10,0,0,0,0,0,0,0,0,0,0,181,0,Hello!,OK
2026-09-24,14:45:11,0,0,0,0,0,0,0,0,0,0,181,0,Hello!,OK
2026-09-24,14:45:12,0,0,0,0,0,0,0,0,0,0,181,0,Hello!,OK
2026-09-24,14:45:13,0,0,0,0,0,0,0,0,0,0,181,0,Hello!,OK
2026-09-24,14:45:14,0,0,0,0,0,0,0,0,0,0,181,0,Hello!,OK
2026-09-24,14:45:15,0,0,0,0,0,0,0,0,0,0,181,0,Hello!,OK
2026-09-24,14:45:16,0,0,0,0,0,0,0,0,0,0,181,0,Hello!,OK
2026-09-24,14:45:17,0,0,0,0,0,0,0,0,0,0,181,0,Hello!,OK
2026-09-24,14:45:18,0,0,0,0,0,0,0,0,0,0,181,0,Hello!,OK
2026-09-24,14:45:19,0,0,0,0,0,0,0,0,0,0,181,0,Hello!,OK
2026-09-24,14:45:20,0,0,0,0,0,0,0,0,0,0,181,0,Hello!,OK
2026-09-24,14:45:21,0,0,0,0,0,0,0,0,0,0,181,0,Hello!,OK
2026-09-24,14:45:22,0,0,0,0,0,0,0,0,0,0,181,0,Hello!,OK
2026-09-24,14:45:23,0,0,0,0,0,0,0,0,0,0,181,0,Hello!,OK
2026-09-24,14:45:24,0,0,0,0,0,0,0,0,0,0,181,0,Hello!,OK
2026-09-24,14:45:25,0,0,0,0,0,0,0,0,0,0,181,0,Hello!,OK
2026-09-24,14:45:26,0,0,0,0,0,0,0,0,0,0,181,0,Hello!,OK
2026-09-24,14:45:27,0,0,0,0,0,0,0,0,0,0,181,0,Hello!,OK
2026-09-24,14:45:28,0,0,0,0,0,0,0,0,0,0,181,0,Hello!,OK
2026-09-24,14:45:29,0,0,0,0,0,0,0,0,0,0,181,0,Hello!,OK
2026-09-24,14:45:30,0,0,0,0,0,0,0,0,0,0,181,0,Hello!,OK
2026-09-24,14:45:31,0,0,0,0,0,0,0,0,0,0,181,0,Hello!,OK
2026-09-24,14:45:32,0,0,0,0,0,0,0,0,0,0,181,0,Hello!,OK
2026-09-24,14:45:33,0,0,0,0,0,0,0,0,0,0,181,0,Hello!,OK
2026-09-24,14:45:34,0,0,0,0,0,0,0,0,0,0,181,0,Hello!,OK
2026-09-24,14:45:35,0,0,0,0,0,0,0,0,0,0,181,0,Hello!,OK
2026-09-24,14:45:36,0,0,0,0,0,0,0,0,0,0,181,0,Hello!,OK
2026-09-24,14:45:37,0,0,0,0,0,0,0,0,0,0,181,0,Hello!,OK
2026-09-24,14:45:38,0,0,0,0,0,0,0,0,0,0,181,0,Hello!,OK
2026-09-24,14:45:39,0,0,0,0,0,0,0,0,0,0,181,0,Hello!,OK
2026-09-24,14:45:40,0,0,0,0,0,0,0,0,0,0,181,0,Hello!,OK
2026-09-24,14:45:41,0,0,0,0,0,0,0,0,0,0,181,0,Hello!,OK
2026-09-24,14:45:42,0,0,0,0,0,0,0,0,0,0,181,0,Hello!,OK
2026-09-24,14:45:43,0,0,0,0,0,0,0,0,0,0,181,0,Hello!,OK
2026-09-24,14:45:44,0,0,0,0,0,0,0,0,0,0,181,0,Hello!,OK
2026-09-24,14:45:45,0,0,0,0,0,0,0,0,0,0,181,0,Hello!,OK
2026-09-24,14:45:46,0,0,0,0,0,0,0,0,0,0,181,0,Hello!,OK
2026-09-24,14:45:47,0,0,0,0,0,0,0,0,0,0,181,0,Hello!,OK
2026-09-24,14:45:48,0,0,0,0,0,0,0,0,0,0,181,0,Hello!,OK
2026-09-24,14:45:49,0,0,0,0,0,0,0,0,0,0,181,0,Hello!,OK
2026-09-24,14:45:50,0,0,0,0,0,0,0,0,0,0,181,0,Hello!,OK
2026-09-24,14:45:51,0,0,0,0,0,0,0,0,0,0,181,0,Hello!,OK
2026-09-24,14:45:52,0,0,0,0,0,0,0,0,0,0,181,0,Hello!,OK
2026-09-24,14:45:53,0,0,0,0,0,0,0,0,0,0,181,0,Hello!,OK
2026-09-24,14:45:54,0,0,0,0,0,0,0,0,0,0,181,0,Hello!,OK
2026-09-24,14:45:55,0,0,0,0,0,0,0,0,0,0,181,0,Hello!,OK
2026-09-24,14:45:56,0,0,0,0,0,0,0,0,0,0,181,0,Hello!,OK
2026-09-24,14:45:57,0,0,0,0,0,0,0,0,0,0,181,0,Hello!,OK
2026-09-24,14:45:58,0,0,0,0,0,0,0,0,0,0,181,0,Hello!,OK
2026-09-24,14:45:59,0,0,0,0,0,0,0,0,0,0,181,0,Hello!,OK
2026-09-24,14:46:00,0,0,0,0,0,0,0,0,0,0,181,0,Hello!,OK
2026-09-24,14:46:01,0,0,0,0,0,0,0,0,0,0,181,0,Hello!,OK
2026-09-24,14:46:02,0,0,0,0,0,0,0,0,0,0,181,0,Hello!,OK
2026-09-24,14:46:03,0,0,0,0,0,0,0,0,0,0,181,0,Hello!,OK
2026-09-24,14:46:04,0,0,0,0,0,0,0,0,0,0,181,0,Hello!,OK
2026-09-24,14:46:05,0,0,0,0,0,0,0,0,0,0,181,0,Hello!,OK
2026-09-24,14:46:06,0,0,0,0,0,0,0,0,0,0,181,0,Hello!,OK
2026-09-24,14:46:07,0,0,0,0,0,0,0,0,0,0,181,0,Hello!,OK
2026-09-24,14:46:08,0,0,0,0,0,0,0,0,0,0,181,0,Hello!,OK
2026-09-24,14:46:09,0,0,0,0,0,0,0,0,0,0,181,0,Hello!,OK
2026-09-24,14:46:10,0,0,0,0,0,0,0,0,0,0,181,0,Hello!,OK
2026-09-24,14:46:11,0,0,0,0,0,0,0,0,0,0,181,0,Hello!,OK
2026-09-24,14:46:12,0,0,0,0,0,0,0,0,0,0,181,0,Hello!,OK
2026-09-24,14:46:13,0,0,0,0,0,0,0,0,0,0,181,0,Hello!,OK
2026-09-24,14:46:14,0,0,0,0,0,0,0,0,0,0,181,0,Hello!,OK
2026-09-24,14:46:15,0,0,0,0,0,0,0,0,0,0,181,0,Hello!,OK
2026-09-24,16:11:47,0,0,0,0,0,0,0,0,0,0,0,1,System OK,OK
2026-09-24,16:11:48,0,0,0,0,0,0,0,0,0,0,0,1,System OK,OK
2026-09-24,16:11:49,0,0,0,0,0,0,0,0,0,0,0,1,System OK,OK
2026-09-24,16:11:50,0,0,0,0,0,0,0,0,0,0,0,1,System OK,OK
2026-09-24,16:11:51,0,0,0,0,0,0,0,0,0,0,0,1,System OK,OK
2026-09-24,16:11:52,0,0,0,0,0,0,0,0,0,0,0,1,System OK,OK
2026-09-24,16:11:53,0,0,0,0,0,0,0,0,0,0,0,1,System OK,OK
2026-09-24,16:11:54,0,0,0,0,0,0,0,0,0,0,0,1,System OK,OK
2026-09-24,16:11:55,0,0,0,0,0,0,0,0,0,0,0,1,System OK,OK
2026-09-24,16:11:56,0,0,0,0,0,0,0,0,0,0,0,1,System OK,OK
2026-09-24,16:11:57,0,0,0,0,0,0,0,0,0,0,0,1,System OK,OK
2026-09-24,16:11:58,0,0,0,0,0,0,0,0,0,0,0,1,System OK,OK
2026-09-24,16:11:59,0,0,0,0,0,0,0,0,0,0,0,1,System OK,OK
2026-09-24,16:12:00,0,0,0,0,0,0,0,0,0,0,0,1,System OK,OK
2026-09-24,16:12:01,0,0,0,0,0,0,0,0,0,0,0,1,System OK,OK
2026-09-24,16:12:02,0,0,0,0,0,0,0,0,0,0,0,1,System OK,OK
2026-09-24,16:12:03,0,0,0,0,0,0,0,0,0,0,0,1,System OK,OK
2026-09-24,16:12:04,0,0,0,0,0,0,0,0,0,0,0,1,System OK,OK
2026-09-24,16:12:05,0,0,0,0,0,0,0,0,0,0,0,1,System OK,OK
2026-09-24,16:12:06,0,0,0,0,0,0,0,0,0,0,0,1,System OK,OK
2026-09-24,16:12:07,0,0,0,0,0,0,0,0,0,0,0,1,System OK,OK
2026-09-24,16:12:08,0,0,0,0,0,0,0,0,0,0,0,1,System OK,OK
2026-09-24,16:12:09,0,0,0,0,0,0,0,0,0,0,0,1,System OK,OK
2026-09-24,16:12:10,0,0,0,0,0,0,0,0,0,0,0,1,System OK,OK
2026-09-24,16:12:11,0,0,0,0,0,0,0,0,0,0,0,1,System OK,OK
2026-09-24,16:12:12,0,0,0,0,0,0,0,0,0,0,0,1,System OK,OK
2026-09-24,16:12:13,0,0,0,0,0,0,0,0,0,0,0,1,System OK,OK
2026-09-24,16:12:14,0,0,0,0,0,0,0,0,0,0,0,1,System OK,OK
2026-09-24,16:12:15,0,0,0,0,0,0,0,0,0,0,0,1,System OK,OK
2026-09-24,16:12:16,0,0,0,0,0,0,0,0,0,0,0,1,System OK,OK
2026-09-24,16:12:17,0,0,0,0,0,0,0,0,0,0,0,1,System OK,OK
2026-09-24,16:12:18,0,0,0,0,0,0,0,0,0,0,0,1,System OK,OK
2026-09-24,16:12:19,0,0,0,0,0,0,0,0,0,0,0,1,System OK,OK
2026-09-24,16:12:20,0,0,0,0,0,0,0,0,0,0,0,1,System OK,OK
2026-09-24,16:12:21,0,0,0,0,0,0,0,0,0,0,0,1,System OK,OK
2026-09-24,16:12:22,0,0,0,0,0,0,0,0,0,0,0,1,System OK,OK
2026-09-24,16:12:23,0,0,0,0,0,0,0,0,0,0,0,1,System OK,OK
2026-09-24,16:12:24,0,0,0,0,0,0,0,0,0,0,0,1,System OK,OK
2026-09-24,16:12:25,0,0,0,0,0,0,0,0,0,0,0,1,System OK,OK
2026-09-24,16:12:26,0,0,0,0,0,0,0,0,0,0,0,1,System OK,OK
2026-09-24,16:12:27,0,0,0,0,0,0,0,0,0,0,0,1,System OK,OK
2026-09-24,16:12:28,0,0,0,0,0,0,0,0,0,0,0,1,System OK,OK
2026-09-24,16:12:29,0,0,0,0,0,0,0,0,0,0,0,1,System OK,OK
2026-09-24,16:12:30,0,0,0,0,0,0,0,0,0,0,0,1,System OK,OK
2026-09-24,16:12:31,0,0,0,0,0,0,0,0,0,0,0,1,System OK,OK
2026-09-24,16:12:32,0,0,0,0,0,0,0,0,0,0,0,1,System OK,OK
2026-09-24,16:12:33,0,0,0,0,0,0,0,0,0,0,0,1,System OK,OK
2026-09-24,16:12:34,0,0,0,0,0,0,0,0,0,0,0,1,System OK,OK
2026-09-24,16:12:35,0,0,0,0,0,0,0,0,0,0,0,1,System OK,OK
2026-09-24,16:12:36,0,0,0,0,0,0,0,0,0,0,0,1,System OK,OK
2026-09-24,16:12:37,0,0,0,0,0,0,0,0,0,0,0,1,System OK,OK
2026-09-24,16:12:38,0,0,0,0,0,0,0,0,0,0,0,1,System OK,OK
2026-09-24,16:12:39,0,0,0,0,0,0,0,0,0,0,0,1,System OK,OK
2026-09-24,16:12:40,0,0,0,0,0,0,0,0,0,0,0,1,System OK,OK
2026-09-24,16:12:41,0,0,0,0,0,0,0,0,0,0,0,1,System OK,OK
2026-09-24,16:12:42,0,0,0,0,0,0,0,0,0,0,0,1,System OK,OK
2026-09-24,16:12:43,0,0,0,0,0,0,0,0,0,0,0,1,System OK,OK
2026-09-24,16:12:44,0,0,0,0,0,0,0,0,0,0,0,1,System OK,OK
2026-09-24,16:12:45,0,0,0,0,0,0,0,0,0,0,0,1,System OK,OK
2026-09-24,16:12:46,0,0,0,0,0,0,0,0,0,0,0,1,System OK,OK
2026-09-24,16:12:47,0,0,0,0,0,0,0,0,0,0,0,1,System OK,OK
2026-09-24,16:12:48,0,0,0,0,0,0,0,0,0,0,0,1,System OK,OK
2026-09-24,16:12:49,0,0,0,0,0,0,0,0,0,0,0,1,System OK,OK
2026-09-24,16:12:50,0,0,0,0,0,0,0,0,0,0,0,1,System OK,OK
2026-09-24,16:12:51,0,0,0,0,0,0,0,0,0,0,0,1,System OK,OK
2026-09-24,16:12:52,0,0,0,0,0,0,0,0,0,0,0,1,System OK,OK
2026-09-24,16:12:53,0,0,0,0,0,0,0,0,0,0,0,1,System OK,OK
2026-09-24,16:12:54,0,0,0,0,0,0,0,0,0,0,0,1,System OK,OK
2026-09-24,16:12:55,0,0,0,0,0,0,0,0,0,0,0,1,System OK,OK
2026-09-24,16:12:56,0,0,0,0,0,0,0,0,0,0,0,1,System OK,OK
2026-09-24,16:12:57,0,0,0,0,0,0,0,0,0,0,0,1,System OK,OK
2026-09-24,16:12:58,0,0,0,0,0,0,0,0,0,0,0,1,System OK,OK
2026-09-24,16:12:59,0,0,0,0,0,0,0,0,0,0,0,1,System OK,OK
2026-09-24,16:13:00,0,0,0,0,0,0,0,0,0,0,0,1,System OK,OK
2026-09-24,16:13:01,0,0,0,0,0,0,0,0,0,0,0,1,System OK,OK
2026-09-24,16:13:02,0,0,0,0,0,0,0,0,0,0,0,1,System OK,OK
2026-09-24,16:13:03,0,0,0,0,0,0,0,0,0,0,0,1,System OK,OK
2026-09-24,16:13:04,0,0,0,0,0,0,0,0,0,0,0,1,System OK,OK
2026-09-24,16:13:05,0,0,0,0,0,0,0,0,0,0,0,1,System OK,OK
2026-09-24,16:13:06,0,0,0,0,0,0,0,0,0,0,0,1,System OK,OK
2026-09-24,16:13:07,0,0,0,0,0,0,0,0,0,0,0,1,System OK,OK
2026-09-24,16:13:08,0,0,0,0,0,0,0,0,0,0,0,1,System OK,OK
2026-09-24,16:13:09,0,0,0,0,0,0,0,0,0,0,0,1,System OK,OK
2026-09-24,16:13:10,0,0,0,0,0,0,0,0,0,0,0,1,System OK,OK
2026-09-24,16:13:11,0,0,0,0,0,0,0,0,0,0,0,1,System OK,OK
2026-09-24,16:13:12,0,0,0,0,0,0,0,0,0,0,0,1,System OK,OK
2026-09-24,16:13:13,0,0,0,0,0,0,0,0,0,0,0,1,System OK,OK
2026-09-24,16:13:14,0,0,0,0,0,0,0,0,0,0,0,1,System OK,OK
2026-09-24,16:13:15,0,0,0,0,0,0,0,0,0,0,0,1,System OK,OK
2026-09-24,16:13:16,0,0,0,0,0,0,0,0,0,0,0,1,System OK,OK
2026-09-24,16:13:17,0,0,0,0,0,0,0,0,0,0,0,1,System OK,OK
2026-09-24,16:13:18,0,0,0,0,0,0,0,0,0,0,0,1,System OK,OK
2026-09-24,16:13:19,0,0,0,0,0,0,0,0,0,0,0,1,System OK,OK
2026-09-24,16:13:20,0,0,0,0,0,0,0,0,0,0,0,1,System OK,OK
2026-09-24,16:13:21,0,0,0,0,0,0,0,0,0,0,0,1,System OK,OK
2026-09-24,16:13:22,0,0,0,0,0,0,0,0,0,0,0,1,System OK,OK
2026-09-24,16:13:23,0,0,0,0,0,0,0,0,0,0,0,1,System OK,OK
2026-09-24,16:13:24,0,0,0,0,0,0,0,0,0,0,0,1,System OK,OK
2026-09-24,16:13:25,0,0,0,0,0,0,0,0,0,0,0,1,System OK,OK
2026-09-24,16:13:26,0,0,0,0,0,0,0,0,0,0,0,1,System OK,OK
2026-09-24,16:13:27,0,0,0,0,0,0,0,0,0,0,0,1,System OK,OK
2026-09-24,16:13:28,0,0,0,0,0,0,0,0,0,0,0,1,System OK,OK
2026-09-24,16:13:29,0,0,0,0,0,0,0,0,0,0,0,1,System OK,OK
2026-09-24,16:13:30,0,0,0,0,0,0,0,0,0,0,0,1,System OK,OK
2026-09-24,16:13:31,0,0,0,0,0,0,0,0,0,0,0,1,System OK,OK
2026-09-24,16:13:32,0,0,0,0,0,0,0,0,0,0,0,1,System OK,OK
2026-09-24,16:13:33,0,0,0,0,0,0,0,0,0,0,0,1,System OK,OK
2026-09-24,16:13:34,0,0,0,0,0,0,0,0,0,0,0,1,System OK,OK
2026-09-24,16:13:35,0,0,0,0,0,0,0,0,0,0,0,1,System OK,OK
2026-09-24,16:13:36,0,0,0,0,0,0,0,0,0,0,0,1,System OK,OK
2026-09-24,16:13:37,0,0,0,0,0,0,0,0,0,0,0,1,System OK,OK
2026-09-24,16:13:38,0,0,0,0,0,0,0,0,0,0,0,1,System OK,OK
2026-09-24,16:13:39,0,0,0,0,0,0,0,0,0,0,0,1,System OK,OK
2026-09-24,16:13:40,0,0,0,0,0,0,0,0,0,0,0,1,System OK,OK
2026-09-24,16:13:41,0,0,0,0,0,0,0,0,0,0,0,1,System OK,OK
2026-09-24,16:13:42,0,0,0,0,0,0,0,0,0,0,0,1,System OK,OK
2026-09-24,16:13:43,0,0,0,0,0,0,0,0,0,0,0,1,System OK,OK
2026-09-24,16:13:44,0,0,0,0,0,0,0,0,0,0,0,1,System OK,OK
2026-09-24,16:13:45,0,0,0,0,0,0,0,0,0,0,0,1,System OK,OK
2026-09-24,16:13:46,0,0,0,0,0,0,0,0,0,0,0,1,System OK,OK
2026-09-24,16:13:47,0,0,0,0,0,0,0,0,0,0,0,1,System OK,OK
2026-09-24,16:13:48,0,0,0,0,0,0,0,0,0,0,0,1,System OK,OK
2026-09-24,16:13:49,0,0,0,0,0,0,0,0,0,0,0,1,System OK,OK
2026-09-24,16:13:50,0,0,0,0,0,0,0,0,0,0,0,1,System OK,OK
2026-09-24,16:13:51,0,0,0,0,0,0,0,0,0,0,0,1,System OK,OK
2026-09-24,16:13:52,0,0,0,0,0,0,0,0,0,0,0,1,System OK,OK
2026-09-24,16:13:53,0,0,0,0,0,0,0,0,0,0,0,1,System OK,OK
2026-09-24,16:13:54,0,0,0,0,0,0,0,0,0,0,0,1,System OK,OK
2026-09-24,16:13:55,0,0,0,0,0,0,0,0,0,0,0,1,System OK,OK
2026-09-24,16:13:56,0,0,0,0,0,0,0,0,0,0,0,1,System OK,OK
2026-09-24,16:13:57,0,0,0,0,0,0,0,0,0,0,0,1,System OK,OK
2026-09-24,16:13:58,0,0,0,0,0,0,0,0,0,0,0,1,System OK,OK
2026-09-24,16:13:59,0,0,0,0,0,0,0,0,0,0,0,1,System OK,OK
2026-09-24,16:14:00,0,0,0,0,0,0,0,0,0,0,0,1,System OK,OK
2026-09-24,16:14:01,0,0,0,0,0,0,0,0,0,0,0,1,System OK,OK
2026-09-24,16:14:02,0,0,0,0,0,0,0,0,0,0,0,1,System OK,OK
2026-09-24,16:14:03,0,0,0,0,0,0,0,0,0,0,0,1,System OK,OK
2026-09-24,16:14:04,0,0,0,0,0,0,0,0,0,0,0,1,System OK,OK
2026-09-24,16:14:05,0,0,0,0,0,0,0,0,0,0,0,1,System OK,OK
2026-09-24,16:14:06,0,0,0,0,0,0,0,0,0,0,0,1,System OK,OK
2026-09-24,16:14:07,0,0,0,0,0,0,0,0,0,0,0,1,System OK,OK
2026-09-24,16:14:08,0,0,0,0,0,0,0,0,0,0,0,1,System OK,OK
2026-09-24,16:14:09,0,0,0,0,0,0,0,0,0,0,0,1,System OK,OK
2026-09-24,16:14:10,0,0,0,0,0,0,0,0,0,0,0,1,System OK,OK
2026-09-24,16:14:11,0,0,0,0,0,0,0,0,0,0,0,1,System OK,OK
2026-09-24,16:14:12,0,0,0,0,0,0,0,0,0,0,0,1,System OK,OK
2026-09-24,16:14:13,0,0,0,0,0,0,0,0,0,0,0,1,System OK,OK
2026-09-24,16:14:14,0,0,0,0,0,0,0,0,0,0,0,1,System OK,OK
2026-09-24,16:14:15,0,0,0,0,0,0,0,0,0,0,0,1,System OK,OK
2026-09-24,16:14:16,0,0,0,0,0,0,0,0,0,0,0,1,System OK,OK
2026-09-24,16:14:17,0,0,0,0,0,0,0,0,0,0,0,1,System OK,OK
2026-09-24,16:14:18,0,0,0,0,0,0,0,0,0,0,0,1,System OK,OK
2026-09-24,16:14:19,0,0,0,0,0,0,0,0,0,0,0,1,System OK,OK
2026-09-24,16:14:20,0,0,0,0,0,0,0,0,0,0,0,1,System OK,OK
2026-09-24,16:14:21,0,0,0,0,0,0,0,0,0,0,0,1,System OK,OK
2026-09-24,16:14:22,0,0,0,0,0,0,0,0,0,0,0,1,System OK,OK
2026-09-24,16:14:23,0,0,0,0,0,0,0,0,0,0,0,1,System OK,OK
2026-09-24,16:14:24,0,0,0,0,0,0,0,0,0,0,0,1,System OK,OK
2026-09-24,16:14:25,0,0,0,0,0,0,0,0,0,0,0,1,System OK,OK
2026-09-24,16:14:26,0,0,0,0,0,0,0,0,0,0,0,1,System OK,OK
2026-09-24,16:14:27,0,0,0,0,0,0,0,0,0,0,0,1,System OK,OK
2026-09-24,16:14:28,0,0,0,0,0,0,0,0,0,0,0,1,System OK,OK
2026-09-24,16:14:29,0,0,0,0,0,0,0,0,0,0,0,1,System OK,OK
2026-09-24,16:14:30,0,0,0,0,0,0,0,0,0,0,0,1,System OK,OK
2026-09-24,16:14:31,0,0,0,0,0,0,0,0,0,0,0,1,System OK,OK
2026-09-24,16:14:32,0,0,0,0,0,0,0,0,0,0,0,1,System OK,OK
2026-09-24,16:14:33,0,0,0,0,0,0,0,0,0,0,0,1,System OK,OK
2026-09-24,16:14:34,0,0,0,0,0,0,0,0,0,0,0,1,System OK,OK
2026-09-24,16:14:35,0,0,0,0,0,0,0,0,0,0,0,1,System OK,OK
2026-09-24,16:14:36,0,0,0,0,0,0,0,0,0,0,0,1,System OK,OK
2026-09-24,16:14:37,0,0,0,0,0,0,0,0,0,0,0,1,System OK,OK
2026-09-24,16:14:38,0,0,0,0,0,0,0,0,0,0,0,1,System OK,OK
2026-09-24,16:14:39,0,0,0,0,0,0,0,0,0,0,0,1,System OK,OK
2026-09-24,16:14:40,0,0,0,0,0,0,0,0,0,0,0,1,System OK,OK
2026-09-24,16:14:41,0,0,0,0,0,0,0,0,0,0,0,1,System OK,OK
2026-09-24,16:14:42,0,0,0,0,0,0,0,0,0,0,0,1,System OK,OK
2026-09-24,16:14:43,0,0,0,0,0,0,0,0,0,0,0,1,System OK,OK
2026-09-24,16:14:44,0,0,0,0,0,0,0,0,0,0,0,1,System OK,OK
2026-09-24,16:14:45,0,0,0,0,0,0,0,0,0,0,0,1,System OK,OK
2026-09-24,16:14:46,0,0,0,0,0,0,0,0,0,0,0,1,System OK,OK
2026-09-24,16:14:47,0,0,0,0,0,0,0,0,0,0,0,1,System OK,OK
2026-09-24,16:14:48,0,0,0,0,0,0,0,0,0,0,0,1,System OK,OK
2026-09-24,16:14:49,0,0,0,0,0,0,0,0,0,0,0,1,System OK,OK
2026-09-24,16:14:50,0,0,0,0,0,0,0,0,0,0,0,1,System OK,OK
2026-09-24,16:14:51,0,0,0,0,0,0,0,0,0,0,0,1,System OK,OK
2026-09-24,16:14:52,0,0,0,0,0,0,0,0,0,0,0,1,System OK,OK
2026-09-24,16:14:53,0,0,0,0,0,0,0,0,0,0,0,1,System OK,OK
2026-09-24,16:14:54,0,0,0,0,0,0,0,0,0,0,0,1,System OK,OK
2026-09-24,16:14:55,0,0,0,0,0,0,0,0,0,0,0,1,System OK,OK
2026-09-24,16:14:56,0,0,0,0,0,0,0,0,0,0,0,1,System OK,OK
2026-09-24,16:14:57,0,0,0,0,0,0,0,0,0,0,0,1,System OK,OK
2026-09-24,16:14:58,0,0,0,0,0,0,0,0,0,0,0,1,System OK,OK
2026-09-24,16:14:59,0,0,0,0,0,0,0,0,0,0,0,1,System OK,OK
2026-09-24,16:15:00,0,0,0,0,0,0,0,0,0,0,0,1,System OK,OK
2026-09-24,16:15:01,0,0,0,0,0,0,0,0,0,0,0,1,System OK,OK
2026-09-24,16:15:02,0,0,0,0,0,0,0,0,0,0,0,1,System OK,OK
2026-09-24,16:15:03,0,0,0,0,0,0,0,0,0,0,0,1,System OK,OK
2026-09-24,16:15:04,0,0,0,0,0,0,0,0,0,0,0,1,System OK,OK
2026-09-24,16:15:05,0,0,0,0,0,0,0,0,0,0,0,1,System OK,OK
2026-09-24,16:15:06,0,0,0,0,0,0,0,0,0,0,0,1,System OK,OK
2026-09-24,16:15:07,0,0,0,0,0,0,0,0,0,0,0,1,System OK,OK
2026-09-24,16:15:08,0,0,0,0,0,0,0,0,0,0,0,1,System OK,OK
2026-09-24,16:15:09,0,0,0,0,0,0,0,0,0,0,0,1,System OK,OK
2026-09-24,16:15:10,0,0,0,0,0,0,0,0,0,0,0,1,System OK,OK
2026-09-24,16:15:11,0,0,0,0,0,0,0,0,0,0,0,1,System OK,OK
2026-09-24,16:15:12,0,0,0,0,0,0,0,0,0,0,0,1,System OK,OK
2026-09-24,16:15:13,0,0,0,0,0,0,0,0,0,0,0,1,System OK,OK
2026-09-24,16:15:14,0,0,0,0,0,0,0,0,0,0,0,1,System OK,OK
2026-09-24,16:15:15,0,0,0,0,0,0,0,0,1,0,0,0,,OK
2026-09-24,16:15:16,0,0,0,0,0,0,0,0,1,0,0,0,,OK
2026-09-24,16:15:17,0,0,0,0,0,0,0,0,1,0,3,0,,OK
2026-09-24,16:15:18,0,0,0,0,0,0,0,0,1,0,42,0,,OK
2026-09-24,16:15:19,0,0,0,0,0,0,0,0,1,0,149,0,,OK
2026-09-24,16:15:20,0,0,0,0,0,0,0,0,1,0,149,0,,OK
2026-09-24,16:15:21,0,0,0,0,0,0,0,0,1,0,149,1,,OK
2026-09-24,16:15:22,0,0,0,0,0,0,0,0,1,1,149,1,,OK
2026-09-24,16:15:23,0,0,0,0,0,0,0,0,1,1,149,1,,OK
2026-09-24,16:15:24,0,0,0,0,0,0,0,0,1,1,149,1,,OK
2026-09-24,16:15:25,0,0,0,0,0,0,0,0,1,1,149,1,,OK
2026-09-24,16:15:26,0,0,0,0,0,0,0,0,1,1,149,1,,OK
2026-09-24,16:15:27,0,0,0,0,0,0,0,0,1,1,149,1,fno,OK
2026-09-24,16:15:28,0,0,0,0,0,0,0,0,1,1,149,1,fno,OK
2026-09-24,16:15:29,0,0,0,0,0,0,0,0,1,1,149,1,fno,OK
2026-09-24,16:15:30,0,0,0,0,0,0,0,0,1,1,149,1,fno,OK
2026-09-24,16:15:31,0,0,0,0,0,0,0,0,1,1,149,1,fno,OK
2026-09-24,16:15:32,0,0,0,0,0,0,0,0,1,1,149,1,fno,OK
2026-09-24,16:15:33,0,0,0,0,0,0,0,0,1,1,149,1,fno,OK
2026-09-24,16:15:34,0,0,0,0,0,0,0,0,1,1,149,1,fno,OK
2026-09-24,16:15:35,0,0,0,0,0,0,0,0,1,1,149,1,fno,OK
2026-09-24,16:15:36,0,0,0,0,0,0,0,0,1,1,149,1,fno,OK
2026-09-24,16:15:37,0,0,0,0,0,0,0,0,1,1,149,1,fno,OK
2026-09-24,16:15:38,0,0,0,0,0,0,0,0,1,1,149,1,fno,OK
2026-09-24,16:15:39,0,0,0,0,0,0,0,0,1,1,149,1,fno,OK
2026-09-24,16:15:40,0,0,0,0,0,0,0,0,1,1,149,1,fno,OK
2026-09-24,16:15:41,0,0,0,0,0,0,0,0,1,1,149,1,fno,OK
2026-09-24,16:15:42,0,0,0,0,0,0,0,0,1,1,149,1,fno,OK
2026-09-24,16:15:43,0,0,0,0,0,0,0,0,1,1,149,1,fno,OK
2026-09-24,16:15:44,0,0,0,0,0,0,0,0,1,1,149,1,fno,OK
2026-09-24,16:15:45,0,0,0,0,0,0,0,0,1,1,149,1,fno,OK
2026-09-24,16:15:46,0,0,0,0,0,0,0,0,1,1,149,1,fno,OK
2026-09-24,16:15:47,0,0,0,0,0,0,0,0,1,1,149,1,fno,OK
2026-09-24,16:15:48,0,0,0,0,0,0,0,0,1,1,149,1,fno,OK
2026-09-24,16:15:49,0,0,0,0,0,0,0,0,1,1,149,1,fno,OK
2026-09-24,16:15:50,0,0,0,0,0,0,0,0,1,1,149,1,fno,OK
2026-09-24,16:15:51,0,0,0,0,0,0,0,0,1,1,149,1,fno,OK
2026-09-24,16:15:52,0,0,0,0,0,0,0,0,1,1,149,1,fno,OK
2026-09-24,16:15:53,0,0,0,0,0,0,0,0,1,1,149,1,fno,OK
2026-09-24,16:15:54,0,0,0,0,0,0,0,0,1,1,149,1,fno,OK
2026-09-24,16:15:55,0,0,0,0,0,0,0,0,1,1,149,1,fno,OK
2026-09-24,16:15:56,0,0,0,0,0,0,0,0,1,1,149,1,fno,OK
2026-09-24,16:15:57,0,0,0,0,0,0,0,0,1,1,149,1,fno,OK
2026-09-24,16:15:58,0,0,0,0,0,0,0,0,1,1,149,1,fno,OK
2026-09-24,16:15:59,0,0,0,0,0,0,0,0,1,1,149,1,fno,OK
2026-09-24,16:16:00,0,0,0,0,0,0,0,0,1,1,149,1,fno,OK
2026-09-24,16:16:01,0,0,0,0,0,0,0,0,1,1,149,1,fno,OK
2026-09-24,16:16:02,0,0,0,0,0,0,0,0,1,1,149,1,fno,OK
2026-09-24,16:16:03,0,0,0,0,0,0,0,0,1,1,149,1,fno,OK
2026-09-24,16:16:04,0,0,0,0,0,0,0,0,1,1,149,1,fno,OK
2026-09-24,16:16:05,0,0,0,0,0,0,0,0,1,1,149,1,fno,OK
2026-09-24,16:16:06,0,0,0,0,0,0,0,0,1,1,149,1,fno,OK
2026-09-24,16:16:07,0,0,0,0,0,0,0,0,1,1,149,1,fno,OK
2026-09-24,16:16:08,0,0,0,0,0,0,0,0,1,1,149,1,fno,OK
2026-09-24,16:16:09,0,0,0,0,0,0,0,0,1,1,149,1,fno,OK
2026-09-24,16:16:10,0,0,0,0,0,0,0,0,1,1,149,1,fno,OK
2026-09-24,16:16:11,0,0,0,0,0,0,0,0,1,1,149,1,fno,OK
2026-09-24,16:16:12,0,0,0,0,0,0,0,0,1,1,149,1,fno,OK
2026-09-24,16:16:13,0,0,0,0,0,0,0,0,1,1,149,1,fno,OK
2026-09-24,16:16:14,0,0,0,0,0,0,0,0,1,1,149,1,fno,OK
2026-09-24,16:16:15,0,0,0,0,0,0,0,0,1,1,149,1,fno,OK
2026-09-24,16:16:16,0,0,0,0,0,0,0,0,1,1,149,1,fno,OK
2026-09-24,16:16:17,0,0,0,0,0,0,0,0,1,1,149,1,fno,OK
2026-09-24,16:16:18,0,0,0,0,0,0,0,0,1,1,149,1,fno,OK
2026-09-24,16:16:19,0,0,0,0,0,0,0,0,1,1,149,1,fno,OK
2026-09-24,16:16:20,0,0,0,0,0,0,0,0,1,1,149,1,fno,OK
2026-09-24,16:16:21,0,0,0,0,0,0,0,0,1,1,149,1,fno,OK
2026-09-24,16:16:22,0,0,0,0,0,0,0,0,1,1,149,1,fno,OK
2026-09-24,16:16:23,0,0,0,0,0,0,0,0,1,1,149,1,fno,OK
2026-09-24,16:16:24,0,0,0,0,0,0,0,0,1,1,149,1,fno,OK
2026-09-24,16:16:25,0,0,0,0,0,0,0,0,1,1,149,1,fno,OK
2026-09-24,16:16:26,0,0,0,0,0,0,0,0,1,1,149,1,fno,OK
2026-09-24,16:16:27,0,0,0,0,0,0,0,0,1,1,149,1,fno,OK
2026-09-24,16:16:28,0,0,0,0,0,0,0,0,1,1,149,1,fno,OK
2026-09-24,16:16:29,0,0,0,0,0,0,0,0,1,1,149,1,fno,OK
2026-09-24,16:16:30,0,0,0,0,0,0,0,0,1,1,149,1,fno,OK
2026-09-24,16:16:31,0,0,0,0,0,0,0,0,1,1,149,1,fno,OK
2026-09-24,16:16:32,0,0,0,0,0,0,0,0,1,1,149,1,fno,OK
2026-09-24,16:16:33,0,0,0,0,0,0,0,0,1,1,149,1,fno,OK
2026-09-24,16:16:34,0,0,0,0,0,0,0,0,1,1,149,1,fno,OK
2026-09-24,16:16:35,0,0,0,0,0,0,0,0,1,1,149,1,fno,OK
2026-09-24,16:16:36,0,0,0,0,0,0,0,0,1,1,149,1,fno,OK
2026-09-24,16:16:37,0,0,0,0,0,0,0,0,1,1,149,1,fno,OK
2026-09-24,16:16:38,0,0,0,0,0,0,0,0,1,1,149,1,fno,OK
2026-09-24,16:16:39,0,0,0,0,0,0,0,0,1,1,149,1,fno,OK
2026-09-24,16:16:40,0,0,0,0,0,0,0,0,1,1,149,1,fno,OK
2026-09-24,16:16:41,0,0,0,0,0,0,0,0,1,1,149,1,fno,OK
2026-09-24,16:16:42,0,0,0,0,0,0,0,0,1,1,149,1,fno,OK
2026-09-24,16:16:43,0,0,0,0,0,0,0,0,1,1,149,1,fno,OK
2026-09-24,16:16:44,0,0,0,0,0,0,0,0,1,1,149,1,fno,OK
2026-09-24,16:16:45,0,0,0,0,0,0,0,0,1,1,149,1,fno,OK
2026-09-24,16:16:46,0,0,0,0,0,0,0,0,1,1,149,1,fno,OK
2026-09-24,16:16:47,0,0,0,0,0,0,0,0,1,1,149,1,fno,OK
2026-09-24,16:16:48,0,0,0,0,0,0,0,0,1,1,149,1,fno,OK
2026-09-24,16:16:49,0,0,0,0,0,0,0,0,1,1,149,1,fno,OK
2026-09-24,16:16:50,0,0,0,0,0,0,0,0,1,1,149,1,fno,OK
2026-09-24,16:16:51,0,0,0,0,0,0,0,0,1,1,149,1,fno,OK
2026-09-24,16:16:52,0,0,0,0,0,0,0,0,1,1,149,1,fno,OK
2026-09-24,16:16:53,0,0,0,0,0,0,0,0,1,1,149,1,fno,OK
2026-09-24,16:16:54,0,0,0,0,0,0,0,0,1,1,149,1,fno,OK
2026-09-24,16:16:55,0,0,0,0,0,0,0,0,1,1,149,1,fno,OK
2026-09-24,16:16:56,0,0,0,0,0,0,0,0,1,1,149,1,fno,OK
2026-09-24,16:16:57,0,0,0,0,0,0,0,0,1,1,149,1,fno,OK
2026-09-24,16:16:58,0,0,0,0,0,0,0,0,1,1,149,1,fno,OK
2026-09-24,16:16:59,0,0,0,0,0,0,0,0,1,1,149,1,fno,OK
2026-09-24,16:17:00,0,0,0,0,0,0,0,0,1,1,149,1,fno,OK
2026-09-24,16:17:01,0,0,0,0,0,0,0,0,1,1,149,1,fno,OK
2026-09-24,16:17:02,0,0,0,0,0,0,0,0,1,1,149,1,fno,OK
2026-09-24,16:17:03,0,0,0,0,0,0,0,0,1,1,149,1,fno,OK
2026-09-24,16:17:04,0,0,0,0,0,0,0,0,1,1,149,1,fno,OK
2026-09-24,16:17:05,0,0,0,0,0,0,0,0,1,1,149,1,fno,OK
2026-09-24,16:17:06,0,0,0,0,0,0,0,0,1,1,149,1,fno,OK
2026-09-24,16:17:07,0,0,0,0,0,0,0,0,1,1,149,1,fno,OK
2026-09-24,16:17:08,0,0,0,0,0,0,0,0,1,1,149,1,fno,OK
2026-09-24,16:17:09,0,0,0,0,0,0,0,0,1,1,149,1,fno,OK
2026-09-24,16:17:10,0,0,0,0,0,0,0,0,1,1,149,1,fno,OK
2026-09-24,16:17:11,0,0,0,0,0,0,0,0,1,1,149,1,fno,OK
2026-09-24,16:17:12,0,0,0,0,0,0,0,0,1,1,149,1,fno,OK
2026-09-24,16:17:13,0,0,0,0,0,0,0,0,1,1,149,1,fno,OK
2026-09-24,16:17:14,0,0,0,0,0,0,0,0,1,1,149,1,fno,OK
2026-09-24,16:17:15,0,0,0,0,0,0,0,0,1,1,149,1,fno,OK
2026-09-24,16:17:16,0,0,0,0,0,0,0,0,1,1,149,1,fno,OK
2026-09-24,16:17:17,0,0,0,0,0,0,0,0,1,1,149,1,fno,OK
2026-09-24,16:17:18,0,0,0,0,0,0,0,0,1,1,149,1,fno,OK
2026-09-24,16:17:19,0,0,0,0,0,0,0,0,1,1,149,1,fno,OK
2026-09-24,16:17:20,0,0,0,0,0,0,0,0,1,1,149,1,fno,OK
2026-09-24,16:17:21,0,0,0,0,0,0,0,0,1,1,149,1,fno,OK
2026-09-24,16:17:22,0,0,0,0,0,0,0,0,1,1,149,1,fno,OK
2026-09-24,16:17:23,0,0,0,0,0,0,0,0,1,1,149,1,fno,OK
2026-09-24,16:17:24,0,0,0,0,0,0,0,0,1,1,149,1,fno,OK
2026-09-24,16:17:25,0,0,0,0,0,0,0,0,1,1,149,1,fno,OK
2026-09-24,16:17:26,0,0,0,0,0,0,0,0,1,1,149,1,fno,OK
2026-09-24,16:17:27,0,0,0,0,0,0,0,0,1,1,149,1,fno,OK
2026-09-24,16:17:28,0,0,0,0,0,0,0,0,1,1,149,1,fno,OK
2026-09-24,16:17:29,0,0,0,0,0,0,0,0,1,1,149,1,fno,OK
2026-09-24,16:17:30,0,0,0,0,0,0,0,0,1,1,149,1,fno,OK
2026-09-24,16:17:31,0,0,0,0,0,0,0,0,1,1,149,1,fno,OK
2026-09-24,16:17:32,0,0,0,0,0,0,0,0,1,1,149,1,fno,OK
2026-09-24,16:17:33,0,0,0,0,0,0,0,0,1,1,149,1,fno,OK
2026-09-24,16:17:34,0,0,0,0,0,0,0,0,1,1,149,1,fno,OK
2026-09-24,16:17:35,0,0,0,0,0,0,0,0,1,1,149,1,fno,OK
2026-09-24,16:17:36,0,0,0,0,0,0,0,0,1,1,149,1,fno,OK
2026-09-24,16:17:37,0,0,0,0,0,0,0,0,1,1,149,1,fno,OK
2026-09-24,16:17:38,0,0,0,0,0,0,0,0,1,1,149,1,fno,OK
2026-09-24,16:17:39,0,0,0,0,0,0,0,0,1,1,149,1,fno,OK
2026-09-24,16:17:40,0,0,0,0,0,0,0,0,1,1,149,1,fno,OK
2026-09-24,16:17:41,0,0,0,0,0,0,0,0,1,1,149,1,fno,OK
2026-09-24,16:17:42,0,0,0,0,0,0,0,0,1,1,149,1,fno,OK
2026-09-24,16:17:43,0,0,0,0,0,0,0,0,1,1,149,1,fno,OK
2026-09-24,16:17:44,0,0,0,0,0,0,0,0,1,1,149,1,fno,OK
2026-09-29,07:46:20,25,213,61,639,2,0,-1,0,1,0,0,0,System OK,OK
2026-09-29,07:46:21,26,207,60,647,0,0,-1,0,1,0,0,0,System OK,OK
2026-09-29,07:46:22,26,212,60,639,1,0,-1,0,1,0,0,0,System OK,OK
2026-09-29,07:46:23,25,215,61,640,2,0,-1,0,1,0,0,0,System OK,OK
2026-09-29,07:46:24,25,215,61,644,1,0,-1,0,1,0,0,0,System OK,OK
2026-09-29,07:46:25,26,209,60,646,0,0,-1,0,1,0,0,0,System OK,OK
2026-09-29,07:46:26,26,208,60,650,0,0,-1,0,1,0,0,0,System OK,OK
2026-09-29,07:46:27,25,213,61,641,2,0,-1,0,1,0,0,0,System OK,OK
2026-09-29,07:46:28,25,207,61,650,0,0,-1,0,1,0,0,0,System OK,OK
2026-09-29,07:46:29,26,214,60,642,1,0,-1,0,1,0,0,0,System OK,OK
2026-09-29,07:46:30,26,210,60,646,0,0,-1,0,1,0,0,0,System OK,OK
2026-09-29,07:46:31,25,207,61,640,0,0,-1,0,1,0,0,0,System OK,OK
2026-09-29,07:46:32,25,211,61,641,1,0,-1,0,1,0,0,0,System OK,OK
2026-09-29,07:46:33,26,208,60,648,0,0,-1,0,1,0,0,0,System OK,OK
2026-09-29,07:46:34,26,213,60,643,2,0,-1,0,1,0,0,0,System OK,OK
2026-09-29,07:46:35,26,215,60,642,2,0,-1,0,1,0,0,0,System OK,OK
2026-09-29,07:46:36,26,209,60,647,0,0,-1,0,1,0,0,0,System OK,OK
2026-09-29,07:46:37,26,208,60,640,1,0,-1,0,1,0,0,0,System OK,OK
2026-09-29,07:46:38,26,210,60,646,0,0,-1,0,1,0,0,0,System OK,OK
2026-09-29,07:46:39,26,208,60,645,0,0,-1,0,1,0,0,0,System OK,OK
2026-09-29,07:46:40,26,214,60,643,1,0,-1,0,1,0,0,0,System OK,OK
2026-09-29,07:46:41,26,214,60,642,1,0,-1,0,1,0,0,0,System OK,OK
2026-09-29,07:46:42,26,207,60,651,0,0,-1,0,1,0,0,0,System OK,OK
2026-09-29,07:46:43,25,207,61,645,0,0,-1,0,1,0,0,0,System OK,OK
2026-09-29,07:46:44,25,207,61,646,0,0,-1,0,1,0,0,0,System OK,OK
2026-09-29,07:46:45,25,206,61,644,0,0,-1,0,1,0,0,0,System OK,OK
2026-09-29,07:46:46,25,214,61,648,1,0,-1,0,1,0,0,0,System OK,OK
2026-09-29,07:46:47,25,206,61,644,0,0,-1,0,1,0,0,0,System OK,OK
2026-09-29,07:46:48,25,214,61,641,2,0,-1,0,1,0,0,0,System OK,OK
2026-09-29,07:46:49,25,206,61,640,0,0,-1,0,1,0,0,0,System OK,OK
2026-09-29,07:46:50,25,207,61,644,0,0,-1,0,1,0,0,0,System OK,OK
2026-09-29,07:46:51,26,213,60,641,1,0,-1,0,1,0,0,0,System OK,OK
2026-09-29,07:46:52,26,206,60,641,0,0,-1,0,1,0,0,0,System OK,OK
2026-09-29,07:46:53,26,213,60,639,2,0,-1,0,1,0,0,0,System OK,OK
2026-09-29,07:46:54,26,209,60,640,1,0,-1,0,1,0,0,0,System OK,OK
2026-09-29,07:46:55,25,206,60,647,0,0,-1,0,1,0,0,0,System OK,OK
2026-09-29,07:46:56,25,212,60,642,0,0,-1,0,1,0,0,0,System OK,OK
2026-09-29,07:46:57,25,213,60,638,2,0,-1,0,1,0,0,0,System OK,OK
2026-09-29,07:46:58,25,206,60,641,0,0,-1,0,1,0,0,0,System OK,OK
2026-09-29,07:46:59,25,206,60,643,0,0,-1,0,1,0,0,0,System OK,OK
2026-09-29,07:47:00,25,206,60,638,0,0,-1,0,1,0,0,0,System OK,OK
2026-09-29,07:47:01,26,213,60,637,1,0,-1,0,1,0,0,0,System OK,OK
2026-09-29,07:47:02,26,210,60,640,0,0,-1,0,1,0,0,0,System OK,OK
2026-09-29,07:47:03,25,208,60,639,0,0,-1,0,1,0,0,0,System OK,OK
2026-09-29,07:47:04,25,207,60,638,0,0,-1,0,1,0,0,0,System OK,OK
2026-09-29,07:47:05,25,206,60,646,0,0,-1,0,1,0,0,0,System OK,OK
2026-09-29,07:47:06,25,205,60,641,0,0,-1,0,1,0,0,0,System OK,OK
2026-09-29,07:47:07,25,206,60,648,0,0,42,0,1,0,0,0,System OK,OK
2026-09-29,07:47:08,26,206,60,643,0,0,-1,0,1,0,0,0,System OK,OK
2026-09-29,07:47:09,26,213,60,638,2,0,-1,0,1,0,0,0,System OK,OK
2026-09-29,07:47:10,26,205,60,636,0,0,-1,0,1,0,0,0,System OK,OK
2026-09-29,07:47:11,26,211,60,640,1,0,4,0,1,0,0,0,System OK,OK
2026-09-29,07:47:12,25,209,60,638,2,0,-1,0,1,0,0,0,System OK,OK
2026-09-29,07:47:13,25,207,60,642,0,0,-1,0,1,0,0,0,System OK,OK
2026-09-29,07:47:14,26,205,60,644,0,0,-1,0,1,0,0,0,System OK,OK
2026-09-29,07:47:15,26,206,60,637,0,0,-1,0,1,0,0,0,,OK
2026-09-29,07:47:16,26,209,60,636,2,0,-1,0,1,0,0,0,,OK
2026-09-29,07:47:17,26,206,60,642,0,0,-1,0,0,0,0,0,,OK
2026-09-29,07:47:18,26,212,60,637,2,0,-1,0,0,0,0,0,,OK
2026-09-29,07:47:19,26,209,60,636,0,0,-1,0,0,0,0,0,,OK
2026-09-29,07:47:20,26,208,60,636,0,0,-1,0,1,0,0,0,,OK
2026-09-29,07:47:21,26,206,60,640,0,0,-1,0,1,0,0,0,,OK
2026-09-29,07:47:22,26,211,60,637,1,0,-1,0,1,0,110,0,,OK
2026-09-29,07:47:23,26,206,60,638,0,0,-1,0,1,0,111,0,,OK
2026-09-29,07:47:24,25,212,60,630,1,0,-1,0,1,0,206,0,,OK
2026-09-29,07:47:25,25,106,60,553,0,0,-1,0,1,0,207,0,,OK
2026-09-29,07:47:26,0,98,0,536,0,0,-1,0,1,0,207,0,,OK
2026-09-29,07:47:27,0,95,0,552,0,0,-1,0,1,0,207,0,,OK
2026-09-29,07:47:28,26,59,57,348,0,0,-1,0,1,0,207,0,,OK
2026-09-29,07:47:29,26,112,57,567,0,0,-1,0,1,0,207,0,,OK
2026-09-29,07:47:30,25,84,59,363,0,0,-1,0,1,0,24,0,,OK
2026-09-29,07:47:31,25,203,59,624,0,0,-1,0,1,1,24,0,,OK
2026-09-29,07:47:32,25,221,59,634,20,0,-1,0,1,1,24,0,,OK
2026-09-29,07:47:33,25,221,59,629,18,0,-1,0,1,1,24,0,,OK
2026-09-29,07:47:34,26,222,60,633,17,0,-1,0,1,1,24,1,,OK
2026-09-29,07:47:35,26,230,60,628,20,0,-1,0,1,1,24,1,,OK
2026-09-29,07:47:36,25,222,60,630,14,0,-1,0,1,1,24,1,,OK
2026-09-29,07:47:37,25,219,60,624,12,0,-1,0,1,1,24,0,,OK
2026-09-29,07:47:38,26,218,60,617,10,0,-1,0,1,0,24,0,,OK
2026-09-29,07:47:39,26,208,60,620,0,0,-1,0,1,0,24,0,,OK
2026-09-29,07:47:40,25,211,60,616,2,0,-1,0,1,0,24,0,,OK
2026-09-29,07:47:41,25,211,60,613,1,0,-1,0,1,0,24,0,,OK
2026-09-29,07:47:42,26,208,60,617,0,0,-1,0,1,0,24,0,,OK
2026-09-29,07:47:43,26,208,60,615,0,0,-1,0,1,0,24,0,,OK
2026-09-29,07:47:44,26,209,60,609,1,0,-1,0,1,0,24,0,Safe,OK
2026-09-29,07:47:45,26,208,60,614,0,0,-1,0,1,0,24,0,Safe,OK
2026-09-29,07:47:46,26,209,60,610,0,0,-1,0,1,0,24,0,Safe,OK
2026-09-29,07:47:47,25,208,60,609,0,0,-1,0,1,0,24,0,Safe,OK
2026-09-29,07:47:48,25,209,60,607,1,0,-1,0,1,0,24,0,Safe,OK
2026-09-29,07:47:49,26,208,60,610,1,0,-1,0,1,0,24,0,Safe,OK
2026-09-29,07:47:50,26,207,60,606,0,0,-1,0,1,0,24,0,Safe,OK
2026-09-29,07:47:51,25,207,60,607,0,0,-1,0,1,0,24,0,Safe,OK
2026-09-29,07:47:52,25,207,60,608,0,0,-1,0,1,0,24,0,Safe,OK
2026-09-29,07:47:53,26,208,60,605,0,0,-1,0,1,0,24,0,Safe,OK
2026-09-29,07:47:54,26,208,60,602,0,0,-1,0,1,0,24,0,Safe,OK
2026-09-29,07:47:55,26,210,60,600,1,0,-1,0,1,0,24,0,Safe,OK
2026-09-29,07:47:56,26,208,60,603,0,0,-1,0,1,0,24,0,Safe,OK
2026-09-29,07:47:57,26,213,60,597,1,0,-1,0,1,0,24,0,Safe,OK
2026-09-29,07:47:58,26,207,60,600,0,0,-1,0,1,0,24,0,Safe,OK
2026-09-29,07:47:59,26,211,60,595,2,0,-1,0,1,0,24,0,Safe,OK
2026-09-29,07:48:00,26,207,60,599,0,0,-1,0,1,0,24,0,Safe,OK
2026-09-29,07:48:01,25,207,60,596,1,0,-1,0,1,0,24,0,Safe,OK
2026-09-29,07:48:02,25,206,60,596,0,0,-1,0,1,0,24,0,Safe,OK
2026-09-29,07:48:03,26,206,60,593,0,0,-1,0,1,0,24,0,Safe,OK
2026-09-29,07:48:04,26,207,60,592,0,0,-1,0,1,0,24,0,Safe,OK
2026-09-29,07:48:05,26,207,60,593,0,0,-1,0,1,0,24,0,Safe,OK
2026-09-29,07:48:06,26,206,60,592,0,0,-1,0,1,0,24,0,Safe,OK
2026-09-29,07:48:07,26,207,60,590,0,0,-1,0,1,0,24,0,Safe,OK
2026-09-29,07:48:08,26,213,60,588,2,0,-1,0,1,0,24,0,Safe,OK
2026-09-29,07:48:09,26,207,60,592,0,0,-1,0,1,0,24,0,Safe,OK
2026-09-29,07:48:10,26,211,60,591,1,0,-1,0,1,0,24,0,Safe,OK
2026-09-29,07:48:11,25,206,60,594,0,0,-1,0,1,0,24,0,Safe,OK
2026-09-29,07:48:12,25,211,60,591,1,0,-1,0,1,0,24,0,Safe,OK
2026-09-29,07:48:13,25,211,60,591,1,0,-1,0,1,0,24,0,Safe,OK
2026-09-29,07:48:14,25,209,60,596,1,0,-1,0,1,0,24,0,Safe,OK
2026-09-29,07:48:15,25,209,60,593,0,0,-1,0,1,0,24,0,Safe,OK
2026-09-29,07:48:16,25,206,60,595,0,0,-1,0,1,0,24,0,Safe,OK
2026-09-29,07:48:17,26,206,60,594,0,0,-1,0,1,0,24,0,Safe,OK
2026-09-29,07:48:18,26,205,60,597,0,0,-1,0,1,0,24,0,Safe,OK
2026-09-29,07:48:19,26,207,60,596,1,0,-1,0,1,0,24,0,Safe,OK
2026-09-29,07:48:20,26,206,60,600,0,0,-1,0,1,0,24,0,Safe,OK
2026-09-29,07:48:21,26,206,60,597,0,0,-1,0,1,0,24,0,Safe,OK
2026-09-29,07:48:22,26,212,60,586,2,0,-1,0,1,0,24,0,Safe,OK
2026-09-29,07:48:23,26,206,60,591,0,0,-1,0,1,0,24,0,Safe,OK
2026-09-29,07:48:24,26,212,60,588,1,0,-1,0,1,0,24,0,Safe,OK
2026-09-29,07:48:25,26,213,60,590,1,0,-1,0,1,0,24,0,Safe,OK
2026-09-29,07:48:26,26,206,60,590,0,0,-1,0,1,0,24,0,Safe,OK
2026-09-29,07:48:27,26,206,60,594,0,0,-1,0,1,0,24,0,Safe,OK
2026-09-29,07:48:28,26,205,60,589,0,0,-1,0,1,0,24,0,Safe,OK
2026-09-29,07:48:29,26,212,60,585,2,0,-1,0,1,0,24,0,Safe,OK
2026-09-29,07:48:30,26,205,60,590,0,0,-1,0,1,0,24,0,Safe,OK
2026-09-29,07:48:31,25,206,60,585,0,0,-1,0,1,0,24,0,Safe,OK
2026-09-29,07:48:32,25,212,60,586,2,0,-1,0,1,0,24,0,Safe,OK
2026-09-29,07:48:33,26,213,60,583,2,0,-1,0,1,0,24,0,Safe,OK
2026-09-29,07:48:34,26,205,60,588,0,0,-1,0,1,0,24,0,Safe,OK
2026-09-29,07:48:35,25,209,60,584,1,0,-1,0,1,0,24,0,Safe,OK
2026-09-29,07:48:36,25,206,60,588,1,0,-1,0,1,0,24,0,Safe,OK
2026-09-29,07:48:37,26,206,60,584,0,0,-1,0,1,0,24,0,Safe,OK
2026-09-29,07:48:38,26,211,60,579,2,0,-1,0,1,0,24,0,Safe,OK
2026-09-29,07:48:39,26,211,60,579,1,0,-1,0,1,0,24,0,Safe,OK
2026-09-29,07:48:40,26,208,60,581,0,0,-1,0,1,0,24,0,Safe,OK
2026-09-29,07:48:41,26,212,59,576,2,0,-1,0,1,0,24,0,Safe,OK
2026-09-29,07:48:42,26,206,59,585,0,0,-1,0,1,0,24,0,Safe,OK
2026-09-29,07:48:43,26,210,60,577,1,0,-1,0,1,0,24,0,Safe,OK
2026-09-29,07:48:44,26,205,60,580,1,0,-1,0,1,0,24,0,Safe,OK
2026-09-29,07:48:45,26,206,60,583,0,0,-1,0,0,0,24,0,Safe,OK
2026-09-29,07:48:46,26,213,60,576,2,0,-1,0,0,0,24,0,Safe,OK
2026-09-29,07:48:47,26,207,60,576,0,0,-1,0,0,0,24,0,Safe,OK
2026-09-29,07:48:48,26,206,60,578,0,0,-1,0,0,0,24,0,Safe,OK
2026-09-29,07:48:49,26,206,59,581,0,0,-1,0,1,0,24,0,Safe,OK
2026-09-29,07:48:50,26,211,59,576,1,0,-1,0,1,0,24,0,Safe,OK
2026-09-29,07:48:51,26,207,59,576,0,0,-1,0,1,0,24,0,Safe,OK
2026-09-29,07:48:52,26,208,59,576,1,0,-1,0,1,0,24,0,Safe,OK
2026-09-29,07:48:53,26,211,59,575,1,0,-1,0,1,0,24,0,Safe,OK
2026-09-29,07:48:54,26,208,59,577,1,0,-1,0,1,0,24,0,Safe,OK
2026-09-29,07:48:55,26,212,59,574,2,0,-1,0,1,0,24,0,Safe,OK
2026-09-29,07:48:56,26,206,59,580,0,0,-1,0,1,1,24,0,Safe,OK
2026-09-29,07:48:57,26,218,59,572,8,0,-1,0,1,1,24,0,Safe,OK
2026-09-29,07:48:58,26,219,59,577,8,0,-1,0,1,1,24,0,Safe,OK
2026-09-29,07:48:59,26,212,59,590,6,0,-1,0,1,0,24,0,Safe,OK
2026-09-29,07:49:00,26,205,59,590,0,0,-1,0,1,0,24,0,Safe,OK
2026-09-29,07:49:01,26,205,59,592,0,0,-1,0,1,1,24,0,Safe,OK
2026-09-29,07:49:02,26,212,59,582,7,0,-1,0,1,1,24,0,Safe,OK
2026-09-29,07:49:03,26,213,59,576,8,0,-1,0,1,1,24,0,Safe,OK
2026-09-29,07:49:04,26,213,59,583,7,0,-1,0,1,1,24,0,Safe,OK
2026-09-29,07:49:05,26,215,59,580,8,0,-1,0,1,1,24,0,Safe,OK
2026-09-29,07:49:06,26,212,59,578,7,0,-1,0,1,1,85,0,Safe,OK
2026-09-29,07:49:07,26,214,59,579,7,0,-1,0,1,1,167,0,Safe,OK
2026-09-29,07:49:08,26,94,59,358,0,0,-1,0,1,1,167,0,Safe,OK
2026-09-29,07:49:09,26,94,59,358,0,0,-1,0,1,1,167,0,Safe,OK
2026-09-29,07:49:10,26,94,59,358,0,0,-1,0,1,1,30,0,Safe,OK
2026-09-29,07:49:11,26,94,59,358,0,0,-1,0,1,1,12,0,Safe,OK
2026-09-29,07:49:12,26,94,59,358,0,0,-1,0,1,1,12,0,Safe,OK
2026-09-29,07:49:13,26,94,59,358,0,0,-1,0,1,1,12,0,Safe,OK
2026-09-29,07:49:14,26,94,59,358,0,0,-1,0,1,1,12,0,Safe,OK
2026-09-29,07:49:15,26,94,59,358,0,0,-1,0,1,1,12,0,Safe,OK
2026-09-29,07:49:16,26,94,59,358,0,0,-1,0,1,1,0,0,Safe,OK
2026-09-29,07:49:17,26,94,59,358,0,0,-1,0,1,1,0,0,Safe,OK
2026-09-29,07:49:18,26,94,59,358,0,0,-1,0,1,1,0,0,Safe,OK
2026-09-29,07:49:19,26,94,59,358,0,0,-1,0,1,1,0,0,Safe,OK
2026-09-29,07:49:20,26,94,59,358,0,0,-1,0,1,1,1,0,Safe,OK
2026-09-29,07:49:21,26,94,59,358,0,0,-1,0,1,1,49,0,Safe,OK
2026-09-29,07:49:22,26,94,59,358,0,0,-1,0,1,1,174,0,Safe,OK
2026-09-29,07:49:23,26,94,59,358,0,0,-1,0,1,1,174,0,Safe,OK
2026-09-29,07:49:24,26,94,59,358,0,0,-1,0,1,1,190,0,Safe,OK
2026-09-29,07:49:25,26,94,59,358,0,0,-1,0,1,1,190,0,Safe,OK
2026-09-29,07:49:26,26,94,59,358,0,0,-1,0,1,1,190,0,Safe,OK
2026-09-29,07:49:27,26,94,59,358,0,0,-1,0,1,1,190,1,Safe,OK
2026-09-29,07:49:28,26,94,59,358,0,0,-1,0,1,1,190,1,Safe,OK
2026-09-29,07:49:29,26,94,59,358,0,0,-1,0,1,1,190,1,Safe,OK
2026-09-29,07:49:30,26,94,59,358,0,0,-1,0,1,1,190,1,Safe,OK
2026-09-29,07:49:31,26,94,59,358,0,0,-1,0,1,1,190,1,Safe,OK
2026-09-29,07:49:32,26,94,59,358,0,0,-1,0,1,1,190,1,Safe,OK
2026-09-29,07:49:33,26,94,59,358,0,0,-1,0,1,1,190,1,Safe,OK
2026-09-29,07:49:34,26,94,59,358,0,0,-1,0,1,1,190,1,Safe,OK
2026-09-29,07:49:35,26,94,59,358,0,0,-1,0,1,1,190,1,Safe,OK
2026-09-29,07:49:36,26,94,59,358,0,0,-1,0,1,1,190,1,Safe,OK
2026-09-29,07:49:37,26,94,59,358,0,0,-1,0,1,1,190,0,Safe,OK
2026-09-29,07:49:38,26,94,59,358,0,0,-1,0,1,1,190,0,Safe,OK
2026-09-29,07:49:39,26,94,59,358,0,0,-1,0,1,1,190,1,Safe,OK
2026-09-29,07:49:40,26,94,59,358,0,0,-1,0,1,1,190,1,Safe,OK
2026-09-29,07:49:41,26,94,59,358,0,0,-1,0,1,1,190,1,Safe,OK
2026-09-29,07:49:42,26,94,59,358,0,0,-1,0,1,1,190,1,Safe,OK
2026-09-29,07:49:43,26,94,59,358,0,0,-1,0,1,1,190,1,Safe,OK
2026-09-29,07:49:44,26,94,59,358,0,0,-1,0,1,1,190,1,Safe,OK
2026-09-29,07:49:45,26,94,59,358,0,0,-1,0,0,1,190,1,Safe,OK
2026-09-29,07:49:46,26,94,59,358,0,0,-1,0,0,1,190,1,Safe,OK
2026-09-29,07:49:47,26,94,59,358,0,0,-1,0,0,1,190,1,Safe,OK
2026-09-29,07:49:48,26,94,59,358,0,0,-1,0,0,1,190,1,Safe,OK
2026-09-29,07:49:49,26,94,59,358,0,0,-1,0,0,1,105,1,Safe,OK
2026-09-29,07:49:50,26,94,59,358,0,0,-1,0,0,1,105,1,Safe,OK
2026-09-29,07:49:51,26,94,59,358,0,0,-1,0,0,1,105,1,Safe,OK
2026-09-29,07:49:52,26,94,59,358,0,0,-1,0,0,1,105,1,Safe,OK
2026-09-29,07:49:53,26,94,59,358,0,0,-1,0,0,1,105,1,Safe,OK
2026-09-29,07:49:54,26,94,59,358,0,0,-1,0,0,1,105,1,Safe,OK
2026-09-29,07:49:55,26,94,59,358,0,0,-1,0,0,1,66,1,Safe,OK
2026-09-29,07:49:56,26,94,59,358,0,0,-1,0,0,1,66,1,Safe,OK
2026-09-29,07:49:57,26,94,59,358,0,0,-1,0,0,0,66,1,Safe,OK
2026-09-29,07:49:58,26,94,59,358,0,0,-1,0,0,0,66,1,Safe,OK
2026-09-29,07:49:59,26,94,59,358,0,0,-1,0,0,0,66,0,Safe,OK
2026-09-29,07:50:00,26,94,59,358,0,0,-1,0,0,0,66,0,Safe,OK
2026-09-29,07:50:01,26,94,59,358,0,0,-1,0,0,0,66,0,Safe,OK
2026-09-29,07:50:02,26,94,59,358,0,0,-1,0,0,0,66,0,Safe,OK
2026-09-29,07:50:03,26,94,59,358,0,0,-1,0,0,0,66,0,Safe,OK
2026-09-29,07:50:04,26,94,59,358,0,0,-1,0,0,0,66,0,Safe,OK
2026-09-29,07:50:05,26,94,59,358,0,0,-1,0,0,0,66,0,Safe,OK
2026-09-29,07:50:06,26,94,59,358,0,0,-1,0,0,0,66,0,Safe,OK
2026-09-29,07:50:07,26,94,59,358,0,0,-1,0,0,0,66,0,Safe,OK
2026-09-29,07:50:08,26,94,59,358,0,0,-1,0,0,0,66,0,Safe,OK
2026-09-29,07:50:09,26,94,59,358,0,0,-1,0,0,0,66,0,Safe,OK
2026-09-29,07:50:10,26,94,59,358,0,0,-1,0,0,0,66,0,Safe,OK
2026-09-29,07:50:11,26,94,59,358,0,0,-1,0,0,0,66,0,Safe,OK
2026-09-29,07:50:12,26,94,59,358,0,0,-1,0,0,0,66,0,Safe,OK
2026-09-29,07:50:13,26,94,59,358,0,0,-1,0,0,0,66,0,Safe,OK
2026-09-29,07:50:14,26,94,59,358,0,0,-1,0,0,0,66,0,Safe,OK
2026-09-29,07:50:15,26,94,59,358,0,0,-1,0,0,0,66,0,Safe,OK
2026-09-29,07:50:16,26,94,59,358,0,0,-1,0,0,0,66,0,Safe,OK
2026-09-29,07:50:17,26,94,59,358,0,0,-1,0,0,0,53,0,Safe,OK
2026-09-29,07:50:18,26,94,59,358,0,0,-1,0,0,0,53,0,Safe,OK
2026-09-29,07:50:19,26,94,59,358,0,0,-1,0,0,0,53,0,Safe,OK
2026-09-29,07:50:20,26,94,59,358,0,0,-1,0,0,0,53,0,Safe,OK
2026-09-29,07:50:21,26,94,59,358,0,0,-1,0,0,0,53,0,Safe,OK
2026-09-29,07:50:22,26,94,59,358,0,0,-1,0,1,0,53,0,Safe,OK
2026-09-29,07:50:23,26,94,59,358,0,0,-1,0,1,0,53,0,Safe,OK
2026-09-29,07:50:24,26,94,59,358,0,0,-1,0,0,0,53,0,Safe,OK
2026-09-29,07:50:25,26,94,59,358,0,0,-1,0,0,0,53,0,Safe,OK
2026-09-29,07:50:26,26,94,59,358,0,0,-1,0,0,0,53,0,Safe,OK
2026-09-29,07:50:27,26,94,59,358,0,0,-1,0,0,0,53,0,Safe,OK
2026-09-29,07:50:28,26,94,59,358,0,0,-1,0,0,0,53,0,Safe,OK
2026-09-29,07:50:29,26,94,59,358,0,0,-1,0,0,0,53,0,Safe,OK
2026-09-29,07:50:30,26,94,59,358,0,0,-1,0,0,0,53,0,Safe,OK
2026-09-29,07:50:31,26,94,59,358,0,0,-1,0,0,0,53,0,Safe,OK
2026-09-29,07:50:32,26,94,59,358,0,0,-1,0,0,0,53,0,Safe,OK
2026-09-29,07:50:33,26,94,59,358,0,0,-1,0,0,0,53,0,Safe,OK
2026-09-29,07:50:34,26,94,59,358,0,0,-1,0,0,0,53,0,Safe,OK
2026-09-29,07:50:35,26,94,59,358,0,0,-1,0,0,0,53,0,Safe,OK
2026-09-29,07:50:36,26,94,59,358,0,0,-1,0,0,0,53,0,Safe,OK
2026-09-29,07:50:37,26,94,59,358,0,0,-1,0,0,0,53,0,Safe,OK
2026-09-29,07:50:38,26,94,59,358,0,0,-1,0,0,0,53,0,Safe,OK
2026-09-29,07:50:39,26,94,59,358,0,0,-1,0,0,0,53,0,Safe,OK
2026-09-29,07:50:40,26,94,59,358,0,0,-1,0,0,0,53,0,Safe,OK
2026-09-29,07:50:41,26,94,59,358,0,0,-1,0,0,0,53,0,Safe,OK
2026-09-29,07:50:42,26,94,59,358,0,0,-1,0,0,0,53,0,Safe,OK
2026-09-29,07:50:43,26,94,59,358,0,0,-1,0,0,0,53,0,Safe,OK
2026-09-29,07:50:44,26,94,59,358,0,0,-1,0,0,0,53,0,Safe,OK
2026-09-29,07:50:45,26,94,59,358,0,0,-1,0,0,0,53,0,Safe,OK
2026-09-29,07:50:46,26,94,59,358,0,0,-1,0,0,0,53,0,Safe,OK
2026-09-29,07:50:47,26,94,59,358,0,0,-1,0,0,0,53,0,Safe,OK
2026-09-29,07:50:48,26,94,59,358,0,0,-1,0,0,0,53,0,Safe,OK
2026-09-29,07:50:49,26,94,59,358,0,0,-1,0,0,0,53,0,Safe,OK
2026-09-29,07:50:50,26,94,59,358,0,0,-1,0,0,0,53,0,Safe,OK
2026-09-29,07:50:51,26,94,59,358,0,0,-1,0,0,0,53,0,Safe,OK
2026-09-29,07:50:52,26,94,59,358,0,0,-1,0,0,0,53,0,Safe,OK
2026-09-29,07:50:53,26,94,59,358,0,0,-1,0,0,0,53,0,Safe,OK
2026-09-29,07:50:54,26,94,59,358,0,0,-1,0,0,0,53,0,Safe,OK
2026-09-29,07:50:55,26,94,59,358,0,0,-1,0,0,0,53,0,Safe,OK
2026-09-29,07:50:56,26,94,59,358,0,0,-1,0,0,0,53,0,Safe,OK
2026-09-29,07:50:57,26,94,59,358,0,0,-1,0,0,0,53,0,Safe,OK
2026-09-29,07:50:58,26,94,59,358,0,0,-1,0,0,0,53,0,Safe,OK
2026-09-29,07:50:59,26,94,59,358,0,0,-1,0,0,0,53,0,Safe,OK
2026-09-29,07:51:00,26,94,59,358,0,0,-1,0,0,0,53,0,Safe,OK
2026-09-29,07:51:01,26,94,59,358,0,0,-1,0,0,0,53,0,Safe,OK
2026-09-29,07:51:02,26,94,59,358,0,0,-1,0,0,0,53,0,Safe,OK
2026-09-29,07:51:03,26,94,59,358,0,0,-1,0,0,0,53,0,Safe,OK
2026-09-29,07:51:04,26,94,59,358,0,0,-1,0,1,0,53,0,Safe,OK
2026-09-29,07:51:05,26,94,59,358,0,0,-1,0,1,0,53,0,Safe,OK
2026-09-29,07:51:06,26,94,59,358,0,0,-1,0,1,0,53,0,Safe,OK
2026-09-29,07:51:07,26,94,59,358,0,0,-1,0,1,0,177,0,Safe,OK
2026-09-29,07:51:08,26,94,59,358,0,0,-1,0,1,0,37,0,Safe,OK
2026-09-29,07:51:09,26,94,59,358,0,0,-1,0,1,0,37,0,Safe,OK
2026-09-29,07:51:10,26,94,59,358,0,0,-1,0,1,0,37,0,Safe,OK
2026-09-29,07:51:11,26,94,59,358,0,0,-1,0,1,0,37,0,Safe,OK
2026-09-29,07:51:12,26,94,59,358,0,0,-1,0,1,0,37,0,Safe,OK
2026-09-29,07:51:13,26,94,59,358,0,0,-1,0,1,0,37,0,Safe,OK
2026-09-29,07:51:14,26,94,59,358,0,0,-1,0,1,0,37,0,Safe,OK
2026-09-29,07:51:15,26,94,59,358,0,0,-1,0,1,0,37,0,Safe,OK
2026-09-29,07:51:16,26,94,59,358,0,0,-1,0,1,0,37,0,Safe,OK
2026-09-29,07:51:17,26,94,59,358,0,0,-1,0,1,0,37,0,Safe,OK
2026-09-29,07:51:18,26,94,59,358,0,0,-1,0,1,0,37,0,Safe,OK
2026-09-29,07:51:19,26,94,59,358,0,0,-1,0,1,0,37,0,Safe,OK
2026-09-29,07:51:20,26,94,59,358,0,0,-1,0,1,0,37,0,Safe,OK
2026-09-29,07:51:21,26,94,59,358,0,0,-1,0,1,0,37,0,Safe,OK
2026-09-29,07:51:22,26,94,59,358,0,0,-1,0,1,0,37,0,Safe,OK
2026-09-29,07:51:23,26,94,59,358,0,0,-1,0,1,0,37,0,Safe,OK
2026-09-29,07:51:24,26,94,59,358,0,0,-1,0,1,0,37,0,Safe,OK
2026-09-29,07:51:25,26,94,59,358,0,0,-1,0,1,0,37,0,Safe,OK
2026-09-29,07:51:26,26,94,59,358,0,0,-1,0,1,0,37,0,Safe,OK
2026-09-29,07:51:27,26,94,59,358,0,0,-1,0,1,0,37,0,Safe,OK
2026-09-29,07:51:28,26,94,59,358,0,0,-1,0,1,0,37,0,Safe,OK
2026-09-29,07:51:29,26,94,59,358,0,0,-1,0,1,0,37,0,Safe,OK
2026-09-29,07:51:30,26,94,59,358,0,0,-1,0,1,0,37,0,Safe,OK
2026-09-29,07:51:31,26,94,59,358,0,0,-1,0,1,0,37,0,Safe,OK
2026-09-29,07:51:32,26,94,59,358,0,0,-1,0,1,0,37,0,Safe,OK
2026-09-29,07:51:33,26,94,59,358,0,0,-1,0,1,0,37,0,Safe,OK
2026-09-29,07:51:34,26,94,59,358,0,0,-1,0,1,0,37,0,Safe,OK
2026-09-29,07:51:35,26,94,59,358,0,0,-1,0,1,0,37,0,Safe,OK
2026-09-29,07:51:36,26,94,59,358,0,0,-1,0,1,0,37,0,Safe,OK
2026-09-29,07:51:37,26,94,59,358,0,0,-1,0,1,0,37,0,Safe,OK
2026-09-29,07:51:38,26,94,59,358,0,0,-1,0,1,0,37,0,Safe,OK
2026-09-29,07:51:39,26,94,59,358,0,0,-1,0,1,0,37,0,Safe,OK
2026-09-29,07:51:40,26,94,59,358,0,0,-1,0,1,0,37,0,Safe,OK
2026-09-29,07:51:41,26,94,59,358,0,0,-1,0,1,0,37,0,Safe,OK
2026-09-29,07:51:42,26,94,59,358,0,0,-1,0,1,0,37,0,Safe,OK
2026-09-29,07:51:43,26,94,59,358,0,0,-1,0,1,0,37,0,Safe,OK
2026-09-29,07:51:44,26,94,59,358,0,0,-1,0,1,0,37,0,Safe,OK
2026-09-29,07:51:45,26,94,59,358,0,0,-1,0,1,0,37,0,Safe,OK
2026-09-29,07:51:46,26,94,59,358,0,0,-1,0,1,0,37,0,Safe,OK
2026-09-29,07:51:47,26,94,59,358,0,0,-1,0,1,0,37,0,Safe,OK
2026-09-29,07:51:48,26,94,59,358,0,0,-1,0,1,0,37,0,Safe,OK
2026-09-29,07:51:49,26,94,59,358,0,0,-1,0,1,0,37,0,Safe,OK
2026-09-29,07:51:50,26,94,59,358,0,0,-1,0,1,0,37,0,Safe,OK
2026-09-29,07:51:51,26,94,59,358,0,0,-1,0,1,0,37,0,Safe,OK
2026-09-29,07:51:52,26,238,58,560,1,0,-1,0,1,0,37,0,Safe,OK
2026-09-29,07:51:53,26,243,58,559,2,0,-1,0,1,0,37,0,Safe,OK
2026-09-29,07:51:54,26,239,58,555,1,0,-1,0,1,0,37,0,Safe,OK
2026-09-29,07:51:55,26,241,58,552,2,0,-1,0,1,0,37,0,Safe,OK
2026-09-29,07:51:56,26,239,58,554,1,0,-1,0,1,0,37,0,Safe,OK
2026-09-29,07:51:57,26,241,58,555,1,0,-1,0,1,0,37,0,Safe,OK
2026-09-29,07:51:58,26,236,59,555,0,0,-1,0,1,1,37,0,Safe,OK
2026-09-29,07:51:59,26,241,59,550,2,0,-1,0,1,1,37,0,Safe,OK
2026-09-29,07:52:00,26,242,59,547,3,0,-1,0,1,1,37,0,Safe,OK
2026-09-29,07:52:01,26,237,59,548,2,0,-1,0,1,0,37,0,Safe,OK
2026-09-29,07:52:02,26,233,58,558,0,0,-1,0,1,0,37,0,Safe,OK
2026-09-29,07:52:03,26,232,58,558,0,0,-1,0,1,1,37,0,Safe,OK
2026-09-29,07:52:04,26,231,58,553,1,0,-1,0,1,1,37,0,Safe,OK
2026-09-29,07:52:05,26,230,58,550,1,0,-1,0,1,1,37,0,Safe,OK
2026-09-29,07:52:06,26,229,58,553,1,0,-1,0,1,1,37,1,Safe,OK
2026-09-29,07:52:07,26,229,58,549,3,0,-1,0,1,1,37,1,Safe,OK
2026-09-29,07:52:08,26,234,58,547,4,0,-1,0,1,1,37,1,Safe,OK
2026-09-29,07:52:09,26,227,58,548,3,0,-1,0,1,1,37,1,Safe,OK
2026-09-29,07:52:10,26,226,58,550,2,0,-1,0,1,1,37,1,Safe,OK
2026-09-29,07:52:11,26,232,58,546,4,0,-1,0,1,1,37,1,Safe,OK
2026-09-29,07:52:12,26,225,58,550,2,0,-1,0,1,1,37,1,Safe,OK
2026-09-29,07:52:13,26,230,58,550,3,0,-1,0,0,1,37,1,Safe,OK
2026-09-29,07:52:14,26,223,58,551,3,0,-1,0,0,1,37,1,Safe,OK
2026-09-29,07:52:15,26,223,58,552,2,0,-1,0,0,1,37,1,Safe,OK
2026-09-29,07:52:16,26,223,58,552,2,0,-1,0,0,1,37,1,Safe,OK
2026-09-29,07:52:17,26,228,58,548,4,0,-1,0,0,1,37,1,Safe,OK
2026-09-29,07:52:18,26,222,58,549,2,0,-1,0,0,1,37,1,Safe,OK
2026-09-29,07:52:19,26,221,58,548,3,0,-1,0,0,0,37,1,Safe,OK
2026-09-29,07:52:20,26,220,58,554,1,0,-1,0,0,0,37,0,Safe,OK
2026-09-29,07:52:21,26,219,58,554,2,0,-1,0,0,0,37,0,Safe,OK
2026-09-29,07:52:22,26,218,58,553,1,0,-1,0,0,0,37,0,Safe,OK
2026-09-29,07:52:23,26,221,58,554,2,0,-1,0,0,0,37,0,Safe,OK
2026-09-29,07:52:24,26,220,58,551,2,0,-1,0,0,0,37,0,Safe,OK
2026-09-29,07:52:25,26,217,58,553,1,0,-1,0,0,0,37,0,Safe,OK
2026-09-29,07:52:26,26,222,58,551,2,0,-1,0,0,0,37,0,Safe,OK
2026-09-29,07:52:27,26,217,58,556,0,0,-1,0,0,0,37,0,Safe,OK
2026-09-29,07:52:28,26,220,58,551,2,0,-1,0,0,0,37,0,Safe,OK
2026-09-29,07:52:29,26,215,58,556,0,0,-1,0,0,0,37,0,Safe,OK
2026-09-29,07:52:30,26,217,58,552,2,0,-1,0,0,0,37,0,Safe,OK
2026-09-29,07:52:31,26,218,58,554,1,0,-1,0,0,0,37,0,Safe,OK
2026-09-29,07:52:32,26,215,58,552,0,0,-1,0,0,0,37,0,Safe,OK
2026-09-29,07:52:33,26,214,58,555,0,0,-1,0,0,0,37,0,Safe,OK
2026-09-29,07:52:34,26,214,58,556,0,0,-1,0,0,0,37,0,Safe,OK
2026-09-29,07:52:35,26,214,58,556,1,0,-1,0,0,0,37,0,Safe,OK
2026-09-29,07:52:36,26,215,58,557,0,0,-1,0,0,0,37,0,Safe,OK
2026-09-29,07:52:37,26,214,58,556,1,0,-1,0,0,0,37,0,Safe,OK
2026-09-29,07:52:38,26,220,58,547,3,0,-1,0,0,0,37,0,Safe,OK
2026-09-29,07:52:39,26,219,58,549,2,0,-1,0,0,0,37,0,Safe,OK
2026-09-29,07:52:40,26,220,58,549,3,0,-1,0,0,0,37,0,Safe,OK
2026-09-29,07:52:41,26,218,58,550,2,0,-1,0,0,0,37,0,Safe,OK
2026-09-29,07:52:42,26,217,58,551,1,0,-1,0,0,0,37,0,Safe,OK
2026-09-29,07:52:43,26,219,58,550,2,0,-1,0,0,0,37,0,Safe,OK
2026-09-29,07:52:44,26,212,58,554,1,0,-1,0,0,0,37,0,Safe,OK
2026-09-29,07:52:45,26,216,58,549,2,0,-1,0,0,0,37,0,Safe,OK
2026-09-29,07:52:46,26,212,58,555,1,0,-1,0,0,0,37,0,Safe,OK
2026-09-29,07:52:47,26,217,58,548,3,0,-1,0,0,0,37,0,Safe,OK
2026-09-29,07:52:48,26,217,58,552,2,0,-1,0,0,0,37,0,Safe,OK
2026-09-29,07:52:49,26,218,58,549,3,0,-1,0,0,0,37,0,Safe,OK
2026-09-29,07:52:50,26,211,58,556,0,0,-1,0,0,0,37,0,Safe,OK
2026-09-29,07:52:51,26,212,58,552,1,0,-1,0,0,0,37,0,Safe,OK
2026-09-29,07:52:52,26,211,58,551,2,0,-1,0,0,0,37,0,Safe,OK
2026-09-29,07:52:53,26,213,58,551,1,0,-1,0,0,0,37,0,Safe,OK
2026-09-29,07:52:54,26,217,58,549,3,0,-1,0,0,0,37,0,Safe,OK
2026-09-29,07:52:55,26,216,58,548,3,0,-1,0,0,0,37,0,Safe,OK
2026-09-29,07:52:56,26,216,58,552,2,0,-1,0,0,0,37,0,Safe,OK
2026-09-29,07:52:57,26,212,58,557,0,0,-1,0,0,0,37,0,Safe,OK
2026-09-29,07:52:58,26,216,58,550,3,0,-1,0,0,0,37,0,Safe,OK
2026-09-29,07:52:59,26,210,58,553,0,0,-1,0,0,0,37,0,Safe,OK
2026-09-29,07:53:00,26,210,58,552,2,0,-1,0,0,0,37,0,Safe,OK
2026-09-29,07:53:01,26,216,58,553,2,0,-1,0,0,0,37,0,Safe,OK
2026-09-29,07:53:02,26,210,58,554,1,0,-1,0,0,0,37,0,Safe,OK
2026-09-29,07:53:03,26,210,58,550,1,0,-1,0,0,0,37,0,Safe,OK
2026-09-29,07:53:04,26,217,58,549,3,0,-1,0,0,0,37,0,Safe,OK
2026-09-29,07:53:05,26,215,58,548,2,0,-1,0,0,0,37,0,Safe,OK
2026-09-29,07:53:06,26,210,58,553,1,0,-1,0,0,0,37,0,Safe,OK
2026-09-29,07:53:07,26,209,58,553,1,0,-1,0,0,0,37,0,Safe,OK
2026-09-29,07:53:08,26,209,58,553,0,0,-1,0,0,0,37,0,Safe,OK
2026-09-29,07:53:09,26,210,58,554,0,0,-1,0,0,0,37,0,Safe,OK
2026-09-29,07:53:10,26,210,58,552,1,0,-1,0,0,0,37,0,Safe,OK
2026-09-29,07:53:11,26,215,58,547,3,0,-1,0,0,0,37,0,Safe,OK
2026-09-29,07:53:12,26,216,58,547,2,0,-1,0,0,0,37,0,Safe,OK
2026-09-29,07:53:13,26,209,58,553,1,0,-1,0,0,0,37,0,Safe,OK
2026-09-29,07:53:14,26,209,58,552,1,0,-1,0,0,0,37,0,Safe,OK
2026-09-29,07:53:15,26,209,58,552,0,0,-1,0,0,0,37,0,Safe,OK
2026-09-29,07:53:16,26,209,58,547,2,0,-1,0,0,0,37,0,Safe,OK
2026-09-29,07:53:17,26,214,58,553,2,0,-1,0,0,0,37,0,Safe,OK
2026-09-29,07:53:18,26,209,58,555,1,0,-1,0,0,0,37,0,Safe,OK
2026-09-29,07:53:19,26,211,58,554,2,0,-1,0,0,0,37,0,Safe,OK
2026-09-29,07:53:20,26,215,58,534,2,0,-1,0,0,0,37,0,Safe,OK
2026-09-29,07:53:21,26,209,58,536,1,0,-1,0,0,0,37,0,Safe,OK
2026-09-29,07:53:22,26,208,58,534,0,0,-1,0,0,0,37,0,Safe,OK
2026-09-29,07:53:23,26,211,58,534,2,0,-1,0,0,0,37,0,Safe,OK
2026-09-29,07:53:24,26,209,58,369,1,0,-1,0,0,0,37,0,Safe,OK
2026-09-29,07:53:25,26,214,58,440,3,0,-1,0,0,0,37,0,Safe,OK
2026-09-29,07:53:26,26,213,58,424,2,0,-1,0,0,0,37,0,Safe,OK
2026-09-29,07:53:27,26,209,58,308,1,0,-1,0,0,0,37,0,Safe,OK
2026-09-29,07:53:28,26,209,58,237,1,0,-1,0,0,0,37,0,Safe,OK
2026-09-29,07:53:29,26,208,58,534,0,0,-1,0,0,0,37,0,Safe,OK
2026-09-29,07:53:30,26,214,58,547,2,0,-1,0,0,0,37,0,Safe,OK
2026-09-29,07:53:31,26,207,58,550,0,0,-1,0,0,0,37,0,Safe,OK
2026-09-29,07:53:32,26,208,58,551,0,0,-1,0,0,0,37,0,Safe,OK
2026-09-29,07:53:33,26,208,58,551,1,0,-1,0,0,0,37,0,Safe,OK
2026-09-29,07:53:34,26,210,58,547,1,0,-1,0,0,0,37,0,Safe,OK
2026-09-29,07:53:35,27,208,58,551,1,0,-1,0,0,0,37,0,Safe,OK
2026-09-29,07:53:36,27,208,58,187,0,0,-1,0,0,0,37,0,Safe,OK
2026-09-29,07:53:37,26,207,58,293,0,0,-1,0,0,0,37,0,Safe,OK
2026-09-29,07:53:38,26,207,58,252,0,0,-1,0,0,0,37,0,Safe,OK
2026-09-29,07:53:39,26,208,58,234,0,0,-1,0,0,0,37,0,Safe,OK
2026-09-29,07:53:40,26,207,58,250,1,0,-1,0,0,0,37,0,Safe,OK
2026-09-29,07:53:41,26,207,58,546,1,0,-1,0,0,0,37,0,Safe,OK
2026-09-29,07:53:42,26,207,58,554,1,0,-1,0,0,0,37,0,Safe,OK
2026-09-29,07:53:43,26,207,58,553,0,0,-1,0,0,0,37,0,Safe,OK
2026-09-29,07:53:44,26,207,58,547,1,0,-1,0,0,0,37,0,Safe,OK
2026-09-29,07:53:45,26,207,58,553,0,0,-1,0,0,0,37,0,Safe,OK
2026-09-29,07:53:46,26,207,58,551,1,0,-1,0,0,0,37,0,Safe,OK
2026-09-29,07:53:47,26,209,58,548,2,0,-1,0,0,0,37,0,Safe,OK
2026-09-29,07:53:48,26,207,58,551,0,0,-1,0,0,0,37,0,Safe,OK
2026-09-29,07:53:49,26,207,58,552,0,0,-1,0,0,0,37,0,Safe,OK
2026-09-29,07:53:50,26,215,58,549,2,0,-1,0,0,0,37,0,Safe,OK
2026-09-29,07:53:51,27,207,58,549,1,0,7,0,0,0,37,0,Safe,OK
2026-09-29,07:53:52,27,208,58,548,0,0,-1,0,0,0,37,0,Safe,OK
2026-09-29,07:53:53,27,207,58,549,0,0,-1,0,0,0,37,0,Safe,OK
2026-09-29,07:53:54,27,206,58,551,0,0,8,0,0,0,37,0,Safe,OK
2026-09-29,07:53:55,26,207,58,548,1,0,5,0,0,0,37,0,Safe,OK
2026-09-29,07:53:56,26,209,58,548,1,0,-1,0,0,0,37,0,Safe,OK
2026-09-29,07:53:57,26,212,58,546,2,0,0,0,0,0,37,0,Safe,OK
2026-09-29,07:53:58,26,208,58,548,1,0,-1,0,0,0,37,0,Safe,OK
2026-09-29,07:53:59,26,212,58,552,1,0,-1,0,0,0,37,0,Safe,OK
2026-09-29,07:54:00,26,213,58,548,2,0,-1,0,0,0,37,0,Safe,OK
2026-09-29,07:54:01,26,207,58,552,0,0,-1,0,0,0,37,0,Safe,OK
2026-09-29,07:54:02,26,206,58,552,0,0,-1,0,0,0,37,0,Safe,OK
2026-09-29,07:54:03,26,206,58,551,0,0,-1,0,0,0,37,0,Safe,OK
2026-09-29,07:54:04,26,208,58,552,0,0,-1,0,0,0,37,0,Safe,OK
2026-09-29,07:54:05,26,206,58,549,1,0,-1,0,0,0,37,0,Safe,OK
2026-09-29,07:54:06,26,207,58,547,1,0,-1,0,0,0,37,0,Safe,OK
2026-09-29,07:54:07,26,206,58,550,0,0,-1,0,0,0,37,0,Safe,OK
2026-09-29,07:54:08,26,206,58,550,0,0,-1,0,0,0,37,0,Safe,OK
2026-09-29,07:54:09,27,211,58,545,2,0,-1,0,0,0,37,0,Safe,OK
2026-09-29,07:54:10,27,208,58,551,0,0,-1,0,0,0,37,0,Safe,OK
2026-09-29,07:54:11,26,210,58,547,2,0,-1,0,0,0,37,0,Safe,OK
2026-09-29,07:54:12,26,208,58,554,1,0,-1,0,0,0,37,0,Safe,OK
2026-09-29,07:54:13,26,206,58,561,0,0,-1,0,0,0,37,0,Safe,OK
2026-09-29,07:54:14,26,206,58,561,0,0,-1,0,0,1,37,0,Safe,OK
2026-09-29,07:54:15,26,208,58,554,1,0,-1,0,0,1,37,0,Safe,OK
2026-09-29,07:54:16,26,212,58,554,2,0,-1,0,0,0,37,0,Safe,OK
2026-09-29,07:54:17,26,206,58,558,0,0,-1,0,0,0,37,0,Safe,OK
2026-09-29,07:54:18,26,206,58,551,0,0,-1,0,0,1,37,0,Safe,OK
2026-09-29,07:54:19,26,214,58,541,3,0,-1,0,0,1,37,0,Safe,OK
2026-09-29,07:54:20,26,207,58,544,1,0,-1,0,0,1,37,0,Safe,OK
2026-09-29,07:54:21,26,213,58,543,2,0,-1,0,0,1,202,0,Safe,OK
2026-09-29,07:54:22,27,100,58,470,0,0,-1,0,0,1,202,0,Safe,OK
2026-09-29,07:54:23,27,63,58,226,0,0,-1,0,0,1,202,0,Safe,OK
2026-09-29,07:54:24,27,63,58,226,0,0,-1,0,0,1,202,0,Safe,OK
2026-09-29,07:54:25,27,63,58,226,0,0,-1,0,0,1,202,0,Safe,OK
2026-09-29,07:54:26,27,63,58,226,0,0,-1,0,0,1,202,0,Safe,OK
2026-09-29,07:54:27,27,63,58,226,0,0,-1,0,0,1,202,0,Safe,OK
2026-09-29,07:54:28,27,63,58,226,0,0,-1,0,0,1,202,0,Safe,OK
2026-09-29,07:54:29,27,63,58,226,0,0,-1,0,0,1,202,0,Safe,OK
2026-09-29,07:54:30,27,63,58,226,0,0,-1,0,0,1,76,0,Safe,OK
2026-09-29,07:54:31,27,63,58,226,0,0,-1,0,0,1,69,0,Safe,OK
2026-09-29,07:54:32,27,63,58,226,0,0,-1,0,0,1,69,0,Safe,OK
2026-09-29,07:54:33,27,63,58,226,0,0,-1,0,0,1,69,0,Safe,OK
2026-09-29,07:54:34,27,63,58,226,0,0,-1,0,0,1,69,0,Safe,OK
2026-09-29,07:54:35,27,63,58,226,0,0,-1,0,0,1,69,0,Safe,OK
2026-09-29,07:54:36,27,63,58,226,0,0,-1,0,0,1,69,0,Safe,OK
2026-09-29,07:54:37,27,63,58,226,0,0,-1,0,0,1,69,0,Safe,OK
2026-09-29,07:54:38,27,63,58,226,0,0,-1,0,0,1,69,0,Safe,OK
2026-09-29,07:54:39,27,63,58,226,0,0,-1,0,0,1,69,0,Safe,OK
2026-09-29,07:54:40,27,63,58,226,0,0,-1,0,0,1,69,0,Safe,OK
2026-09-29,07:54:41,27,63,58,226,0,0,-1,0,0,1,69,0,Safe,OK
2026-09-29,07:54:42,26,208,58,545,1,0,-1,0,0,1,69,0,Safe,OK
2026-09-29,07:54:43,26,210,58,546,1,0,-1,0,0,1,69,0,Safe,OK
2026-09-29,07:54:44,26,211,58,546,0,0,-1,0,0,1,69,0,Safe,OK
2026-09-29,07:54:45,26,218,58,542,2,0,-1,0,0,1,69,0,Safe,OK
2026-09-29,07:54:46,27,213,58,546,0,0,-1,0,0,1,69,0,Safe,OK
2026-09-29,07:54:47,27,214,58,545,1,0,-1,0,0,1,69,0,Safe,OK
2026-09-29,07:54:48,26,214,58,544,0,0,-1,0,0,1,69,0,Safe,OK
2026-09-29,07:54:49,26,214,58,541,0,0,-1,0,0,1,69,0,Safe,OK
2026-09-29,07:54:50,26,217,58,544,2,0,-1,0,0,1,69,0,Safe,OK
2026-09-29,07:54:51,26,216,58,544,2,0,-1,0,0,1,69,0,Safe,OK
2026-09-29,07:54:52,26,216,58,548,1,0,-1,0,0,1,69,0,Safe,OK
2026-09-29,07:54:53,26,221,58,542,3,0,-1,0,1,1,69,0,Safe,OK
2026-09-29,07:54:54,26,216,58,544,3,0,-1,0,0,1,69,0,Safe,OK
2026-09-29,07:54:55,26,213,58,545,1,0,-1,0,0,1,69,0,Safe,OK
2026-09-29,07:54:56,26,213,58,544,1,0,-1,0,0,1,69,0,Safe,OK
2026-09-29,07:54:57,26,214,58,546,0,0,-1,0,0,1,69,0,Safe,OK
2026-09-29,07:54:58,26,213,58,544,2,0,-1,0,0,1,69,0,Safe,OK
2026-09-29,07:54:59,26,213,58,547,2,0,-1,0,0,1,69,0,Safe,OK
2026-09-29,07:55:00,26,219,58,552,2,0,-1,0,0,1,69,0,Safe,OK
2026-09-29,07:55:01,26,212,58,558,0,0,-1,0,0,1,69,0,Safe,OK
2026-09-29,07:55:02,26,217,58,553,2,0,-1,0,0,1,69,1,Safe,OK
2026-09-29,07:55:03,26,218,58,552,4,0,-1,0,0,1,69,1,Safe,OK
2026-09-29,07:55:04,26,213,58,556,2,0,-1,0,0,1,69,0,Safe,OK
2026-09-29,07:55:05,26,212,58,554,1,0,-1,0,0,1,69,0,Safe,OK
2026-09-29,07:55:06,26,217,58,544,3,0,-1,0,0,1,69,0,Safe,OK
2026-09-29,07:55:07,26,216,58,539,3,0,-1,0,0,1,69,0,Safe,OK
2026-09-29,07:55:08,26,216,58,541,2,0,-1,0,0,1,69,0,Safe,OK
2026-09-29,07:55:09,26,215,58,540,2,0,-1,0,0,1,69,0,Safe,OK
2026-09-29,07:55:10,26,214,58,544,2,0,-1,0,0,1,69,0,Safe,OK
2026-09-29,07:55:11,26,216,58,544,3,0,-1,0,0,1,69,0,Safe,OK
2026-09-29,07:55:12,26,210,58,551,0,0,-1,0,0,1,69,0,Safe,OK
2026-09-29,07:55:13,26,209,58,549,0,0,-1,0,0,1,69,0,Safe,OK
2026-09-29,07:55:14,26,214,58,547,2,0,-1,0,0,1,69,0,Safe,OK
2026-09-29,07:55:15,26,211,58,549,0,0,-1,0,0,1,69,0,Safe,OK
2026-09-29,07:55:16,27,209,58,546,1,0,-1,0,0,1,69,0,Safe,OK
2026-09-29,07:55:17,27,209,58,548,0,0,-1,0,0,1,69,0,Safe,OK
2026-09-29,07:55:18,26,210,58,546,1,0,-1,0,0,1,69,0,Safe,OK
2026-09-29,07:55:19,26,212,58,545,2,0,-1,0,0,1,69,0,Safe,OK
2026-09-29,07:55:20,27,208,58,548,0,0,-1,0,0,1,69,0,Safe,OK
2026-09-29,07:55:21,27,215,58,542,3,0,-1,0,0,1,69,0,Safe,OK
2026-09-29,07:55:22,27,214,58,544,2,0,-1,0,0,1,69,0,Home Safe,OK
2026-09-29,07:55:23,27,208,58,547,1,0,-1,0,0,1,69,0,Home Safe,OK
2026-09-29,07:55:24,27,209,58,546,1,0,-1,0,0,1,69,0,Home Safe,OK
2026-09-29,07:55:25,27,208,58,549,0,0,-1,0,0,1,69,0,Home Safe,OK
2026-09-29,07:55:26,27,210,58,542,2,0,-1,0,0,1,69,0,Home Safe,OK
2026-09-29,07:55:27,26,213,58,540,3,0,-1,0,0,1,69,0,Home Safe,OK
2026-09-29,07:55:28,26,213,58,540,2,0,-1,0,0,1,69,0,Home Safe,OK
2026-09-29,07:55:29,26,209,58,544,1,0,-1,0,0,1,69,0,Home Safe,OK
2026-09-29,07:55:30,26,208,58,543,1,0,-1,0,0,1,69,0,Home Safe,OK
2026-09-29,07:55:31,27,213,57,541,2,0,-1,0,0,1,69,0,Home Safe,OK
2026-09-29,07:55:32,27,208,57,546,0,0,-1,0,0,1,69,0,Home Safe,OK
2026-09-29,07:55:33,26,214,58,538,3,0,-1,0,0,1,69,0,Home Safe,OK
2026-09-29,07:55:34,26,215,58,541,2,0,-1,0,0,1,69,0,Home Safe,OK
2026-09-29,07:55:35,26,214,58,539,2,0,-1,0,0,1,69,0,Home Safe,OK
2026-09-29,07:55:36,26,208,58,545,0,0,-1,0,0,1,69,0,Home Safe,OK
2026-09-29,07:55:37,26,214,58,537,3,0,-1,0,0,1,69,0,Home Safe,OK
2026-09-29,07:55:38,26,207,58,542,0,0,-1,0,0,1,69,0,Home Safe,OK
2026-09-29,07:55:39,26,208,58,542,1,0,-1,0,0,1,69,0,Home Safe,OK
2026-09-29,07:55:40,26,207,58,541,0,0,-1,0,0,1,69,0,Home Safe,OK
2026-09-29,07:55:41,26,208,58,543,1,0,-1,0,0,1,69,0,Home Safe,OK
2026-09-29,07:55:42,26,213,58,538,2,0,-1,0,0,1,69,0,Home Safe,OK
2026-09-29,07:55:43,27,207,57,544,0,0,-1,0,0,1,69,0,Home Safe,OK
2026-09-29,07:55:44,27,214,57,537,3,0,-1,0,0,1,69,0,Home Safe,OK
2026-09-29,07:55:45,26,207,57,546,0,0,-1,0,0,1,69,0,Home Safe,OK
2026-09-29,07:55:46,26,207,57,544,1,0,-1,0,0,1,69,0,Home Safe,OK
2026-09-29,07:55:47,26,214,58,539,2,0,-1,0,0,1,69,0,Home Safe,OK
2026-09-29,07:55:48,26,209,58,541,1,0,-1,0,0,1,69,0,Home Safe,OK
2026-09-29,07:55:49,27,208,57,543,1,0,-1,0,0,1,69,0,Home Safe,OK
2026-09-29,07:55:50,27,207,57,543,0,0,-1,0,0,1,69,0,Home Safe,OK
2026-09-29,07:55:51,27,207,57,546,0,0,-1,0,0,1,69,0,Home Safe,OK
2026-09-29,07:55:52,27,212,57,537,2,0,-1,0,0,1,69,0,Home Safe,OK
2026-09-29,07:55:53,26,208,58,540,1,0,-1,0,0,1,69,0,Home Safe,OK
2026-09-29,07:55:54,26,208,58,544,0,0,-1,0,0,1,69,0,Home Safe,OK
2026-09-29,07:55:55,27,210,57,538,3,0,-1,0,0,1,69,0,Home Safe,OK
2026-09-29,07:55:56,27,214,57,538,3,0,-1,0,0,1,69,0,Home Safe,OK
2026-09-29,07:55:57,26,213,57,538,3,0,-1,0,0,1,69,0,Home Safe,OK
2026-09-29,07:55:58,26,213,57,541,3,0,-1,0,0,1,69,0,Home Safe,OK
2026-09-29,07:55:59,27,210,57,541,2,0,-1,0,0,1,69,0,Home Safe,OK
2026-09-29,07:56:00,27,207,57,539,2,0,-1,0,0,1,69,0,Home Safe,OK
2026-09-29,07:56:01,26,206,57,542,0,0,-1,0,0,1,69,0,Home Safe,OK
2026-09-29,07:56:02,26,206,57,542,0,0,-1,0,0,1,69,0,Home Safe,OK
2026-09-29,07:56:03,26,206,57,538,2,0,-1,0,0,1,69,0,Home Safe,OK
2026-09-29,07:56:04,26,211,57,539,2,0,-1,0,0,1,69,0,Home Safe,OK
2026-09-29,07:56:05,27,213,57,538,3,0,-1,0,0,1,69,0,Home Safe,OK
2026-09-29,07:56:06,27,212,57,538,2,0,-1,0,0,1,69,0,Home Safe,OK
2026-09-29,07:56:07,26,213,57,538,3,0,-1,0,0,1,69,0,Home Safe,OK
2026-09-29,07:56:08,26,206,57,543,0,0,-1,0,0,1,69,0,Home Safe,OK
2026-09-29,07:56:09,26,206,57,544,0,0,-1,0,0,1,69,0,Home Safe,OK
2026-09-29,07:56:10,26,207,57,540,1,0,-1,0,0,1,69,0,Home Safe,OK
2026-09-29,07:56:11,26,208,57,539,2,0,-1,0,0,1,69,0,Home Safe,OK
2026-09-29,07:56:12,26,207,57,543,1,0,-1,0,0,1,69,0,Home Safe,OK
2026-09-29,07:56:13,26,211,57,541,2,0,-1,0,0,1,69,0,Home Safe,OK
2026-09-29,07:56:14,26,213,57,538,2,0,-1,0,0,1,69,0,Home Safe,OK
2026-09-29,07:56:15,26,207,57,540,1,0,-1,0,0,1,69,0,Home Safe,OK
2026-09-29,07:56:16,26,212,57,537,2,0,-1,0,0,1,69,0,Home Safe,OK
2026-09-29,07:56:17,26,206,57,543,1,0,-1,0,0,1,69,0,Home Safe,OK
2026-09-29,07:56:18,26,211,57,540,2,0,-1,0,0,1,69,0,Home Safe,OK
2026-09-29,07:56:19,26,209,57,538,2,0,-1,0,0,1,69,0,Home Safe,OK
2026-09-29,07:56:20,26,210,57,540,2,0,-1,0,0,1,69,0,Home Safe,OK
2026-09-29,07:56:21,26,212,57,540,2,0,-1,0,0,1,69,0,Home Safe,OK
2026-09-29,07:56:22,26,213,57,536,2,0,-1,0,0,1,69,0,Home Safe,OK
2026-09-29,07:56:23,26,207,57,537,2,0,-1,0,0,1,69,0,Home Safe,OK
2026-09-29,07:56:24,26,207,57,540,1,0,-1,0,0,1,69,0,Home Safe,OK
2026-09-29,07:56:25,26,206,57,540,1,0,-1,0,0,1,69,0,Home Safe,OK
2026-09-29,07:56:26,26,209,57,538,2,0,-1,0,0,1,69,0,Home Safe,OK
2026-09-29,07:56:27,26,207,57,539,1,0,-1,0,0,1,69,0,Home Safe,OK
2026-09-29,07:56:28,26,210,57,541,2,0,-1,0,0,1,69,0,Home Safe,OK
2026-09-29,07:56:29,26,207,57,541,0,0,-1,0,0,1,69,0,Home Safe,OK
2026-09-29,07:56:30,26,212,57,540,2,0,-1,0,0,1,69,0,Home Safe,OK
2026-09-29,07:56:31,26,213,57,536,2,0,-1,0,0,1,69,0,Home Safe,OK
2026-09-29,07:56:32,26,206,57,537,0,0,-1,0,0,1,69,0,Home Safe,OK
2026-09-29,07:56:33,26,213,57,539,2,0,-1,0,0,1,191,0,Home Safe,OK
2026-09-29,07:56:34,26,101,57,459,0,0,-1,0,0,1,71,0,Home Safe,OK
2026-09-29,07:56:35,26,105,57,463,0,0,-1,0,0,1,46,0,Home Safe,OK
2026-09-29,07:56:36,26,105,57,463,0,0,-1,0,0,1,46,0,Home Safe,OK
2026-09-29,07:56:37,26,105,57,463,0,0,-1,0,0,1,46,0,Home Safe,OK
2026-09-29,07:56:38,26,105,57,463,0,0,-1,0,0,1,46,0,Home Safe,OK
2026-09-29,07:56:39,26,105,57,463,0,0,-1,0,0,1,46,0,Home Safe,OK
2026-09-29,07:56:40,26,105,57,463,0,0,-1,0,0,1,46,0,Home Safe,OK
2026-09-29,07:56:41,26,105,57,463,0,0,-1,0,0,1,46,0,Home Safe,OK
2026-09-29,07:56:42,26,105,57,463,0,0,-1,0,0,1,46,0,Home Safe,OK
2026-09-29,07:56:43,26,105,57,463,0,0,-1,0,0,1,46,0,Home Safe,OK
2026-09-29,07:56:44,26,105,57,463,0,0,-1,0,0,1,46,0,Home Safe,OK
2026-09-29,07:56:45,26,105,57,463,0,0,-1,0,0,1,0,0,Home Safe,OK
2026-09-29,07:56:46,26,105,57,463,0,0,-1,0,0,1,0,0,Home Safe,OK
2026-09-29,07:56:47,26,105,57,463,0,0,-1,0,0,1,0,0,Home Safe,OK
2026-09-29,07:56:48,26,105,57,463,0,0,-1,0,0,1,0,0,Home Safe,OK
2026-09-29,07:56:49,26,105,57,463,0,0,-1,0,0,1,0,0,Home Safe,OK
2026-09-29,07:56:50,26,105,57,463,0,0,-1,0,0,1,0,0,Home Safe,OK
2026-09-29,07:56:51,26,105,57,463,0,0,-1,0,0,1,200,0,Home Safe,OK
2026-09-29,07:56:52,26,105,57,463,0,0,-1,0,0,1,14,0,Home Safe,OK
2026-09-29,07:56:53,26,105,57,463,0,0,-1,0,0,1,14,0,Home Safe,OK
2026-09-29,07:56:54,26,105,57,463,0,0,-1,0,0,1,14,0,Home Safe,OK
2026-09-29,07:56:55,26,105,57,463,0,0,-1,0,0,1,14,0,Home Safe,OK
2026-09-29,07:56:56,26,105,57,463,0,0,-1,0,0,1,14,0,Home Safe,OK
2026-09-29,07:56:57,26,105,57,463,0,0,-1,0,0,1,14,0,Home Safe,OK
2026-09-29,07:56:58,26,105,57,463,0,0,-1,0,0,1,14,0,Home Safe,OK
2026-09-29,07:56:59,26,105,57,463,0,0,-1,0,0,1,14,0,Home Safe,OK
2026-09-29,07:57:00,26,105,57,463,0,0,-1,0,0,1,14,0,Home Safe,OK
2026-09-29,07:57:01,26,105,57,463,0,0,-1,0,0,1,14,0,Home Safe,OK
2026-09-29,07:57:02,26,105,57,463,0,0,-1,0,0,1,14,0,Home Safe,OK
2026-09-29,07:57:03,26,105,57,463,0,0,-1,0,0,1,14,0,Home Safe,OK
2026-09-29,07:57:04,26,105,57,463,0,0,-1,0,0,1,14,0,Home Safe,OK
2026-09-29,07:57:05,26,105,57,463,0,0,-1,0,0,1,14,0,Home Safe,OK
2026-09-29,07:57:06,26,105,57,463,0,0,-1,0,0,1,14,0,Home Safe,OK
2026-09-29,07:57:07,26,105,57,463,0,0,-1,0,0,1,14,0,Home Safe,OK
2026-09-29,07:57:08,26,105,57,463,0,0,-1,0,0,1,14,0,Home Safe,OK
2026-09-29,07:57:09,26,105,57,463,0,0,-1,0,0,1,14,0,Home Safe,OK
2026-09-29,07:57:10,26,105,57,463,0,0,-1,0,0,1,3,0,Home Safe,OK
2026-09-29,07:57:11,26,105,57,463,0,0,-1,0,0,1,3,0,Home Safe,OK
2026-09-29,07:57:12,26,105,57,463,0,0,-1,0,0,1,3,0,Home Safe,OK
2026-09-29,07:57:13,26,105,57,463,0,0,-1,0,0,1,3,0,Home Safe,OK
2026-09-29,07:57:14,26,105,57,463,0,0,-1,0,0,1,3,0,Home Safe,OK
2026-09-29,07:57:15,26,105,57,463,0,0,-1,0,0,1,3,0,Home Safe,OK
2026-09-29,07:57:16,26,105,57,463,0,0,-1,0,0,1,3,0,Home Safe,OK
2026-09-29,07:57:17,26,105,57,463,0,0,-1,0,0,1,3,0,Home Safe,OK
2026-09-29,07:57:18,26,105,57,463,0,0,-1,0,0,1,3,0,Home Safe,OK
2026-09-29,07:57:19,26,105,57,463,0,0,-1,0,0,1,3,0,Home Safe,OK
2026-09-29,07:57:20,26,105,57,463,0,0,-1,0,0,1,3,0,Home Safe,OK
2026-09-29,07:57:21,26,105,57,463,0,0,-1,0,0,1,3,0,Home Safe,OK
2026-09-29,07:57:22,26,105,57,463,0,0,-1,0,0,1,3,0,Home Safe,OK
2026-09-29,07:57:23,26,105,57,463,0,0,-1,0,0,1,3,0,Home Safe,OK
2026-09-29,07:57:24,26,105,57,463,0,0,-1,0,0,1,3,0,Home Safe,OK
2026-09-29,07:57:25,26,105,57,463,0,0,-1,0,0,1,3,0,Home Safe,OK
2026-09-29,07:57:26,26,105,57,463,0,0,-1,0,0,1,3,0,Home Safe,OK
2026-09-29,07:57:27,26,105,57,463,0,0,-1,0,0,1,3,0,Home Safe,OK
2026-09-29,07:57:28,26,105,57,463,0,0,-1,0,0,1,3,0,Home Safe,OK
2026-09-29,07:57:29,26,105,57,463,0,0,-1,0,0,1,3,0,Home Safe,OK
2026-09-29,07:57:30,26,220,57,536,0,0,-1,0,0,1,3,0,Home Safe,OK
2026-09-29,07:57:31,26,221,57,537,0,0,-1,0,0,1,3,0,Home Safe,OK
2026-09-29,07:57:32,27,221,57,537,1,0,-1,0,0,1,3,0,Home Safe,OK
2026-09-29,07:57:33,27,226,57,531,2,0,-1,0,0,1,3,0,Home Safe,OK
2026-09-29,07:57:34,27,228,57,533,2,0,-1,0,0,1,3,0,Home Safe,OK
2026-09-29,07:57:35,27,225,57,534,2,0,-1,0,0,1,3,0,Home Safe,OK
2026-09-29,07:57:36,26,220,57,533,2,0,-1,0,0,1,3,0,Home Safe,OK
2026-09-29,07:57:37,26,220,57,538,0,0,-1,0,0,1,3,0,Home Safe,OK
2026-09-29,07:57:38,27,220,57,535,1,0,-1,0,0,1,3,0,Home Safe,OK
2026-09-29,07:57:39,27,220,57,531,2,0,-1,0,0,1,194,0,Home Safe,OK
2026-09-29,07:57:40,27,219,57,534,1,0,-1,0,0,1,194,0,Home Safe,OK
2026-09-29,07:57:41,27,222,57,537,1,0,-1,0,0,1,86,0,Home Safe,OK
2026-09-29,07:57:42,27,221,57,534,2,0,-1,0,0,1,86,0,Home Safe,OK
2026-09-29,07:57:43,27,219,57,534,0,0,-1,0,0,1,38,0,Home Safe,OK
2026-09-29,07:57:44,26,218,57,538,0,0,-1,0,0,1,194,0,Home Safe,OK
2026-09-29,07:57:45,26,218,57,535,1,0,-1,0,0,1,194,0,Home Safe,OK
2026-09-29,07:57:46,27,218,57,534,1,0,-1,0,0,1,213,0,Home Safe,OK
2026-09-29,07:57:47,27,218,57,534,1,0,-1,0,0,1,53,0,Home Safe,OK
2026-09-29,07:57:48,27,219,57,532,1,0,-1,0,0,1,21,0,Home Safe,OK
2026-09-29,07:57:49,27,225,57,532,3,0,-1,0,0,1,21,0,Home Safe,OK
2026-09-29,07:57:50,27,217,57,534,1,0,-1,0,0,1,21,0,Home Safe,OK
2026-09-29,07:57:51,27,219,57,534,1,0,-1,0,0,1,21,0,Home Safe,OK
2026-09-29,07:57:52,27,222,57,535,2,0,-1,0,0,1,21,0,Home Safe,OK
2026-09-29,07:57:53,27,217,57,541,1,0,-1,0,0,1,21,0,Home Safe,OK
2026-09-29,07:57:54,27,218,57,542,0,0,-1,0,0,1,21,0,Home Safe,OK
2026-09-29,07:57:55,27,219,57,540,0,0,-1,0,0,1,21,0,Home Safe,OK
2026-09-29,07:57:56,27,218,57,542,0,0,-1,0,0,1,21,0,Home Safe,OK
2026-09-29,07:57:57,26,218,57,535,1,0,-1,0,0,1,21,0,Home Safe,OK
2026-09-29,07:57:58,26,219,57,531,2,0,-1,0,0,1,21,0,Home Safe,OK
2026-09-29,07:57:59,27,224,57,532,3,0,-1,0,0,1,172,0,Home Safe,OK
2026-09-29,07:58:00,27,57,57,181,0,0,-1,0,0,1,27,0,Home Safe,OK
2026-09-29,07:58:01,0,216,0,531,2,0,-1,0,0,1,27,0,Home Safe,OK
2026-09-29,07:58:02,0,214,0,535,1,0,-1,0,0,1,27,0,Home Safe,OK
2026-09-29,07:58:03,27,221,52,533,3,0,-1,0,0,1,27,0,Home Safe,OK
2026-09-29,07:58:04,27,222,52,531,2,0,-1,0,0,1,48,0,Home Safe,OK
2026-09-29,07:58:05,27,114,52,465,0,0,-1,0,0,1,42,0,Home Safe,OK
2026-09-29,07:58:06,0,219,0,532,2,0,-1,0,0,1,42,0,Home Safe,OK
2026-09-29,07:58:07,0,215,0,536,1,0,-1,0,0,1,42,0,Home Safe,OK
2026-09-29,07:58:08,27,222,52,532,3,0,-1,0,0,1,173,0,Home Safe,OK
2026-09-29,07:58:09,27,92,52,420,0,0,-1,0,0,1,49,0,Home Safe,OK
2026-09-29,07:58:10,0,210,0,536,0,0,-1,0,0,1,49,0,Home Safe,OK
2026-09-29,07:58:11,0,212,0,533,1,0,-1,0,0,1,49,0,Home Safe,OK
2026-09-29,07:58:12,27,219,55,529,2,0,-1,0,0,1,169,0,Home Safe,OK
2026-09-29,07:58:13,27,215,55,532,1,0,-1,0,0,1,174,0,Home Safe,OK
2026-09-29,07:58:14,0,116,0,453,0,0,-1,0,0,1,174,0,Home Safe,OK
2026-09-29,07:58:15,0,116,0,453,0,0,-1,0,0,1,68,0,Home Safe,OK
2026-09-29,07:58:16,0,116,0,453,0,0,-1,0,0,1,68,0,Home Safe,OK
2026-09-29,07:58:17,0,116,0,453,0,0,-1,0,0,1,68,0,Home Safe,OK
2026-09-29,07:58:18,0,116,0,453,0,0,-1,0,0,1,68,0,Home Safe,OK
2026-09-29,07:58:19,0,116,0,453,0,0,-1,0,0,1,68,0,Home Safe,OK
2026-09-29,07:58:20,0,116,0,453,0,0,-1,0,0,1,68,0,Home Safe,OK
2026-09-29,07:58:21,0,116,0,453,0,0,-1,0,0,1,68,0,Home Safe,OK
2026-09-29,07:58:22,0,116,0,453,0,0,-1,0,0,1,68,0,Home Safe,OK
2026-09-29,07:58:23,0,116,0,453,0,0,-1,0,0,1,68,0,Home Safe,OK
2026-09-29,07:58:24,0,116,0,453,0,0,-1,0,0,1,68,0,Home Safe,OK
2026-09-29,07:58:25,0,116,0,453,0,0,-1,0,0,1,68,0,Home Safe,OK
2026-09-29,07:58:26,0,116,0,453,0,0,-1,0,0,1,68,0,Home Safe,OK
2026-09-29,07:58:27,27,231,56,530,2,0,-1,0,0,1,68,0,Home Safe,OK
2026-09-29,07:58:28,27,224,56,531,2,0,-1,0,0,1,68,0,Home Safe,OK
2026-09-29,07:58:29,27,230,57,534,2,0,-1,0,0,1,68,0,Home Safe,OK
2026-09-29,07:58:30,27,223,57,535,0,0,-1,0,0,1,68,0,Home Safe,OK
2026-09-29,07:58:31,26,223,57,536,0,0,-1,0,0,1,68,0,Home Safe,OK
2026-09-29,07:58:32,26,228,57,535,0,0,-1,0,0,1,68,0,Home Safe,OK
2026-09-29,07:58:33,26,230,57,530,3,0,-1,0,0,1,68,0,Home Safe,OK
2026-09-29,07:58:34,26,229,57,530,3,0,-1,0,0,1,68,0,Home Safe,OK
2026-09-29,07:58:35,27,223,57,534,0,0,-1,0,0,1,68,0,Home Safe,OK
2026-09-29,07:58:36,27,223,57,533,0,0,-1,0,0,1,68,0,Home Safe,OK
2026-09-29,07:58:37,27,223,57,533,0,0,-1,0,0,1,68,0,Home Safe,OK
2026-09-29,07:58:38,27,223,57,533,0,0,-1,0,0,1,68,0,Home Safe,OK
2026-09-29,07:58:39,27,223,57,533,0,0,-1,0,0,1,68,0,Home Safe,OK
2026-09-29,07:58:40,27,223,57,533,0,0,-1,0,0,1,68,0,Home Safe,OK
2026-09-29,07:58:41,27,223,57,533,0,0,-1,0,0,1,68,0,Home Safe,OK
2026-09-29,07:58:42,27,223,57,533,0,0,-1,0,0,1,68,0,Home Safe,OK
2026-09-29,07:58:43,27,223,57,533,0,0,-1,0,0,1,68,0,Home Safe,OK
2026-09-29,07:58:44,27,223,57,533,0,0,-1,0,0,1,68,0,Home Safe,OK
2026-09-29,07:58:45,27,223,57,533,0,0,-1,0,0,1,68,0,Home Safe,OK
2026-09-29,07:58:46,27,223,57,533,0,0,-1,0,0,1,68,0,Home Safe,OK
2026-09-29,07:58:47,27,223,57,533,0,0,-1,0,0,1,68,0,Home Safe,OK
2026-09-29,07:58:48,27,223,57,533,0,0,-1,0,0,1,68,0,Home Safe,OK
2026-09-29,07:58:49,27,223,57,533,0,0,-1,0,0,1,68,0,Home Safe,OK
2026-09-29,07:58:50,27,223,57,533,0,0,-1,0,0,1,68,0,Home Safe,OK
2026-09-29,07:58:51,27,223,57,533,0,0,-1,0,0,1,68,0,Home Safe,OK
2026-09-29,07:58:52,27,223,57,533,0,0,-1,0,0,1,68,0,Home Safe,OK
2026-09-29,07:58:53,27,223,57,533,0,0,-1,0,0,1,68,0,Home Safe,OK
2026-09-29,07:58:54,27,223,57,533,0,0,-1,0,0,1,68,0,Home Safe,OK
2026-09-29,07:58:55,27,223,57,533,0,0,-1,0,0,1,68,0,Home Safe,OK
2026-09-29,07:58:56,27,223,57,533,0,0,-1,0,0,1,68,0,Home Safe,OK
2026-09-29,07:58:57,27,223,57,533,0,0,-1,0,0,1,68,0,Home Safe,OK
2026-09-29,07:58:58,27,223,57,533,0,0,-1,0,0,1,68,0,Home Safe,OK
2026-09-29,07:58:59,27,223,57,533,0,0,-1,0,0,1,68,0,Home Safe,OK
2026-09-29,07:59:00,27,223,57,533,0,0,-1,0,0,1,68,0,Home Safe,OK
2026-09-29,07:59:01,27,223,57,533,0,0,-1,0,0,1,68,0,Home Safe,OK
2026-09-29,07:59:02,27,223,57,533,0,0,-1,0,0,1,68,0,Home Safe,OK
2026-09-29,07:59:03,27,223,57,533,0,0,-1,0,0,1,68,0,Home Safe,OK
2026-09-29,07:59:04,27,223,57,533,0,0,-1,0,0,1,68,0,Home Safe,OK
2026-09-29,07:59:05,27,223,57,533,0,0,-1,0,0,1,68,0,Home Safe,OK
2026-09-29,07:59:06,27,223,57,533,0,0,-1,0,0,1,68,0,Home Safe,OK
2026-09-29,07:59:07,27,223,57,533,0,0,-1,0,0,1,68,0,Home Safe,OK
2026-09-29,07:59:08,27,223,57,533,0,0,-1,0,0,1,68,0,Home Safe,OK
2026-09-29,07:59:09,27,223,57,533,0,0,-1,0,0,1,68,0,Home Safe,OK
2026-09-29,07:59:10,27,223,57,533,0,0,-1,0,0,1,68,0,Home Safe,OK
2026-09-29,07:59:11,27,223,57,533,0,0,-1,0,0,1,68,0,Home Safe,OK
2026-09-29,07:59:12,27,223,57,533,0,0,-1,0,0,1,68,0,Home Safe,OK
2026-09-29,07:59:13,27,223,57,533,0,0,-1,0,0,1,68,0,Home Safe,OK
2026-09-29,07:59:14,27,223,57,533,0,0,-1,0,0,1,68,0,Home Safe,OK
2026-09-29,07:59:15,27,223,57,533,0,0,-1,0,0,1,68,0,Home Safe,OK
2026-09-29,07:59:16,27,223,57,533,0,0,-1,0,0,1,68,0,Home Safe,OK
2026-09-29,07:59:17,27,223,57,533,0,0,-1,0,0,1,68,0,Home Safe,OK
2026-09-29,07:59:18,27,223,57,533,0,0,-1,0,0,1,68,0,Home Safe,OK
2026-09-29,07:59:19,27,223,57,533,0,0,-1,0,0,1,68,0,Home Safe,OK
2026-09-29,07:59:20,27,223,57,533,0,0,-1,0,0,1,68,0,Home Safe,OK
2026-09-29,07:59:21,27,223,57,533,0,0,-1,0,0,1,68,0,Home Safe,OK
2026-09-29,07:59:22,27,223,57,533,0,0,-1,0,0,1,68,0,Home Safe,OK
2026-09-29,07:59:23,27,223,57,533,0,0,-1,0,0,1,68,0,Home Safe,OK
2026-09-29,07:59:24,27,223,57,533,0,0,-1,0,0,1,68,0,Home Safe,OK
2026-09-29,07:59:25,27,223,57,533,0,0,-1,0,0,1,68,0,Home Safe,OK
2026-09-29,07:59:26,27,223,57,533,0,0,-1,0,0,1,68,0,Home Safe,OK
2026-09-29,07:59:27,27,223,57,533,0,0,-1,0,0,1,68,0,Home Safe,OK
2026-09-29,07:59:28,27,223,57,533,0,0,-1,0,0,1,68,0,Home Safe,OK
2026-09-29,07:59:29,27,223,57,533,0,0,-1,0,0,1,68,0,Home Safe,OK
2026-09-29,07:59:30,27,223,57,533,0,0,-1,0,0,1,68,0,Home Safe,OK
2026-09-29,07:59:31,27,223,57,533,0,0,-1,0,0,1,68,0,Home Safe,OK
2026-09-29,07:59:32,27,223,57,533,0,0,-1,0,0,1,68,0,Home Safe,OK
2026-09-29,07:59:33,27,223,57,533,0,0,-1,0,0,1,68,0,Home Safe,OK
2026-09-29,07:59:34,27,223,57,533,0,0,-1,0,0,1,68,0,Home Safe,OK
2026-09-29,07:59:35,27,223,57,533,0,0,-1,0,0,1,68,0,Home Safe,OK
2026-09-29,07:59:36,27,223,57,533,0,0,-1,0,0,1,68,0,Home Safe,OK
2026-09-29,07:59:37,27,223,57,533,0,0,-1,0,0,1,68,0,Home Safe,OK
2026-09-29,07:59:38,27,223,57,533,0,0,-1,0,0,1,68,0,Home Safe,OK
2026-09-29,07:59:39,27,223,57,533,0,0,-1,0,0,1,68,0,Home Safe,OK
2026-09-29,07:59:40,27,223,57,533,0,0,-1,0,0,1,68,0,Home Safe,OK
2026-09-29,07:59:41,27,223,57,533,0,0,-1,0,0,1,68,0,Home Safe,OK
2026-09-29,07:59:42,27,223,57,533,0,0,-1,0,0,1,68,0,Home Safe,OK
2026-09-29,07:59:43,27,223,57,533,0,0,-1,0,0,1,68,0,Home Safe,OK
2026-09-29,07:59:44,27,223,57,533,0,0,-1,0,0,1,68,0,Home Safe,OK
2026-09-29,07:59:45,27,223,57,533,0,0,-1,0,0,1,68,0,Home Safe,OK
2026-09-29,07:59:46,27,223,57,533,0,0,-1,0,0,1,68,0,Home Safe,OK
2026-09-29,07:59:47,27,223,57,533,0,0,-1,0,0,1,68,0,Home Safe,OK
2026-09-29,07:59:48,27,223,57,533,0,0,-1,0,0,1,68,0,Home Safe,OK
2026-09-29,07:59:49,27,223,57,533,0,0,-1,0,0,1,68,0,Home Safe,OK
2026-09-29,07:59:50,27,223,57,533,0,0,-1,0,0,1,68,0,Home Safe,OK
2026-09-29,07:59:51,27,223,57,533,0,0,-1,0,0,1,68,0,Home Safe,OK
2026-09-29,07:59:52,27,223,57,533,0,0,-1,0,0,1,68,0,Home Safe,OK
2026-09-29,07:59:53,27,223,57,533,0,0,-1,0,0,1,68,0,Home Safe,OK
2026-09-29,07:59:54,27,223,57,533,0,0,-1,0,0,1,68,0,Home Safe,OK
2026-09-29,07:59:55,27,223,57,533,0,0,-1,0,0,1,68,0,Home Safe,OK
2026-09-29,07:59:56,27,223,57,533,0,0,-1,0,0,1,68,0,Home Safe,OK
2026-09-29,07:59:57,27,223,57,533,0,0,-1,0,0,1,68,0,Home Safe,OK
2026-09-29,07:59:58,27,223,57,533,0,0,-1,0,0,1,68,0,Home Safe,OK
2026-09-29,07:59:59,27,223,57,533,0,0,-1,0,0,1,68,0,Home Safe,OK
2026-09-29,08:00:00,27,223,57,533,0,0,-1,0,0,1,68,0,Home Safe,OK
2026-09-29,08:00:01,27,223,57,533,0,0,-1,0,0,1,68,0,Home Safe,OK
2026-09-29,08:00:02,27,223,57,533,0,0,-1,0,0,1,68,0,Home Safe,OK
2026-09-29,08:00:03,27,223,57,533,0,0,-1,0,0,1,68,0,Home Safe,OK
2026-09-29,08:00:04,27,223,57,533,0,0,-1,0,0,1,68,0,Home Safe,OK
2026-09-29,08:00:05,27,223,57,533,0,0,-1,0,0,1,68,0,Home Safe,OK
2026-09-29,08:00:06,27,223,57,533,0,0,-1,0,0,1,68,0,Home Safe,OK
2026-09-29,08:00:07,27,223,57,533,0,0,-1,0,0,1,68,0,Home Safe,OK
2026-09-29,08:00:08,27,223,57,533,0,0,-1,0,0,1,68,0,Home Safe,OK
2026-09-29,08:00:09,27,223,57,533,0,0,-1,0,0,1,68,0,Home Safe,OK
2026-09-29,08:00:10,27,223,57,533,0,0,-1,0,0,1,68,0,Home Safe,OK
2026-09-29,08:00:11,27,223,57,533,0,0,-1,0,0,1,68,0,Home Safe,OK
2026-09-29,08:00:12,27,223,57,533,0,0,-1,0,0,1,68,0,Home Safe,OK
2026-09-29,08:00:13,27,223,57,533,0,0,-1,0,0,1,68,0,Home Safe,OK
2026-09-29,08:00:14,27,223,57,533,0,0,-1,0,0,1,68,0,Home Safe,OK
2026-09-29,08:00:15,27,223,57,533,0,0,-1,0,0,1,68,0,Home Safe,OK
2026-09-29,08:00:16,27,223,57,533,0,0,-1,0,0,1,68,0,Home Safe,OK
2026-09-29,08:00:17,27,223,57,533,0,0,-1,0,0,1,68,0,Home Safe,OK
2026-09-29,08:00:18,27,223,57,533,0,0,-1,0,0,1,68,0,Home Safe,OK
2026-09-29,08:00:19,27,223,57,533,0,0,-1,0,0,1,68,0,Home Safe,OK
2026-09-29,14:35:42,26,230,53,374,0,0,-1,0,1,0,0,0,System OK,OK
2026-09-29,14:35:43,26,226,53,374,0,0,-1,0,1,0,0,0,System OK,OK
2026-09-29,14:35:44,26,229,53,372,0,0,-1,0,1,0,0,0,System OK,OK
2026-09-29,14:35:45,27,223,53,372,4,0,-1,0,1,0,0,0,System OK,OK
2026-09-29,14:35:46,27,226,53,370,0,0,-1,0,1,0,0,0,System OK,OK
2026-09-29,14:35:47,27,224,53,370,0,0,-1,0,1,0,0,0,System OK,OK
2026-09-29,14:35:48,27,221,53,374,0,0,-1,0,1,0,0,0,,OK
2026-09-29,14:35:49,27,227,53,367,0,0,-1,0,1,0,0,0,,OK
2026-09-29,14:35:50,27,228,53,368,0,0,-1,0,0,0,0,0,,OK
2026-09-29,14:35:51,27,223,53,367,0,0,-1,0,0,0,0,0,,OK
2026-09-29,14:35:52,27,226,53,364,0,0,-1,0,1,0,0,0,,OK
2026-09-29,14:35:53,26,177,53,330,0,0,-1,0,1,0,0,0,,OK
2026-09-29,14:35:54,26,222,53,364,0,0,-1,0,1,0,0,0,,OK
2026-09-29,14:35:55,27,228,53,353,3,0,-1,0,1,0,101,0,,OK
2026-09-29,14:35:56,27,224,53,361,0,0,-1,0,1,0,163,0,,OK
2026-09-29,14:35:57,26,228,53,362,5,0,-1,0,1,0,163,0,,OK
2026-09-29,14:35:58,26,228,53,361,1,0,-1,0,1,0,163,0,,OK
2026-09-29,14:35:59,27,230,53,355,2,0,-1,0,1,0,0,0,,OK
2026-09-29,14:36:00,27,221,53,361,1,0,-1,0,1,0,0,0,,OK
2026-09-29,14:36:01,27,229,53,358,5,0,-1,0,1,0,0,0,,OK
2026-09-29,14:36:02,27,222,53,355,0,0,-1,0,1,0,0,0,,OK
2026-09-29,14:36:03,26,228,53,355,1,0,-1,0,1,0,0,0,,OK
2026-09-29,14:36:04,26,221,53,355,0,0,-1,0,1,0,0,0,,OK
2026-09-29,14:36:05,26,224,53,353,0,0,-1,0,1,0,0,0,,OK
2026-09-29,14:36:06,26,225,53,352,0,0,-1,0,1,0,0,0,,OK
2026-09-29,14:36:07,26,220,53,353,0,0,-1,0,1,0,0,0,,OK
2026-09-29,14:36:08,26,222,53,349,0,0,-1,0,1,0,177,0,,OK
2026-09-29,14:36:09,26,220,53,352,1,0,-1,0,1,0,177,0,,OK
2026-09-29,14:36:10,27,68,53,253,0,0,-1,0,1,0,42,0,,OK
2026-09-29,14:36:11,27,216,53,342,0,0,-1,0,1,0,42,0,,OK
2026-09-29,14:36:12,27,219,48,355,0,0,-1,0,1,0,42,0,,OK
2026-09-29,14:36:13,27,218,48,351,0,0,-1,0,1,0,42,0,,OK
2026-09-29,14:36:14,27,219,51,346,0,0,-1,0,1,0,42,0,,OK
2026-09-29,14:36:15,27,222,51,344,0,0,-1,0,1,0,42,0,,OK
2026-09-29,14:36:16,27,224,53,342,1,0,-1,0,1,0,42,0,,OK
2026-09-29,14:36:17,27,219,53,343,0,0,-1,0,1,0,42,0,,OK
2026-09-29,14:36:18,27,226,53,344,0,0,-1,0,1,0,42,0,,OK
2026-09-29,14:36:19,27,221,53,343,0,0,-1,0,1,0,42,0,,OK
2026-09-29,14:36:20,27,221,53,341,0,0,-1,0,1,0,42,0,,OK
2026-09-29,14:36:21,27,220,53,343,0,0,-1,0,1,0,42,0,,OK
2026-09-29,14:36:22,27,222,53,341,0,0,-1,0,1,0,42,0,hello?,OK
2026-09-29,14:36:23,27,221,53,339,0,0,-1,0,1,0,42,0,hello?,OK
2026-09-29,14:36:24,27,221,53,343,0,0,-1,0,1,0,42,0,hello?,OK
2026-09-29,14:36:25,27,230,53,337,0,0,-1,0,1,0,42,0,hello?,OK
2026-09-29,14:36:26,27,220,53,339,0,0,-1,0,1,0,42,0,hello?,OK
2026-09-29,14:36:27,27,220,53,337,0,0,-1,0,1,0,42,0,hello?,OK
2026-09-29,14:36:28,26,223,53,338,0,0,-1,0,0,0,42,0,hello?,OK
2026-09-29,14:36:29,26,221,53,330,0,0,-1,0,0,0,42,0,hello?,OK
2026-09-29,14:36:30,26,226,53,334,0,0,-1,0,0,0,42,0,hello?,OK
2026-09-29,14:36:31,26,222,53,334,0,0,-1,0,0,0,144,0,hello?,OK
2026-09-29,14:36:32,26,50,53,233,0,0,-1,0,0,0,189,0,hello?,OK
2026-09-29,14:36:33,26,55,53,241,0,0,-1,0,0,0,189,0,hello?,OK
2026-09-29,14:36:34,0,58,0,234,0,0,-1,0,0,0,184,0,hello?,OK
2026-09-29,14:36:35,0,55,0,240,0,0,-1,0,0,0,43,0,hello?,OK
2026-09-29,14:36:36,26,213,47,333,0,0,-1,0,0,0,43,0,hello?,OK
2026-09-29,14:36:37,26,214,47,332,0,0,-1,0,0,0,43,0,hello?,OK
2026-09-29,14:36:38,26,217,51,334,0,0,-1,0,0,0,43,0,hello?,OK
2026-09-29,14:36:39,26,222,51,331,1,0,-1,0,0,0,43,0,hello?,OK
2026-09-29,14:36:40,27,219,52,332,0,0,-1,0,0,0,43,0,hello?,OK
2026-09-29,14:36:41,27,215,52,327,0,0,-1,0,0,0,43,0,hello?,OK
2026-09-29,14:36:42,27,224,52,331,0,0,-1,0,0,0,43,0,hello?,OK
2026-09-29,14:36:43,27,220,52,324,0,0,-1,0,0,0,43,0,hello?,OK
2026-09-29,14:36:44,27,220,53,328,0,0,-1,0,0,0,81,0,hello?,OK
2026-09-29,14:36:45,27,227,53,326,3,0,-1,0,0,0,204,0,hello?,OK
2026-09-29,14:36:46,27,56,53,233,0,0,-1,0,0,0,204,0,hello?,OK
2026-09-29,14:36:47,0,47,0,228,0,0,-1,0,0,0,204,0,hello?,OK
2026-09-29,14:36:48,0,51,0,229,0,0,-1,0,0,0,204,0,hello?,OK
2026-09-29,14:36:49,0,56,0,236,0,0,-1,0,0,0,204,0,hello?,OK
2026-09-29,14:36:50,0,52,0,239,0,0,-1,0,0,0,204,0,hello?,OK
2026-09-29,14:36:51,0,53,0,227,0,0,-1,0,0,0,233,0,hello?,OK
2026-09-29,14:36:52,0,212,0,322,0,0,-1,0,0,0,233,0,hello?,OK
2026-09-29,14:36:53,0,48,0,221,0,0,-1,0,0,0,5,0,hello?,OK
2026-09-29,14:36:54,26,213,48,320,0,0,-1,0,0,0,5,0,hello?,OK
2026-09-29,14:36:55,26,213,48,320,0,0,-1,0,0,0,5,0,hello?,OK
2026-09-29,14:36:56,26,216,50,320,0,0,-1,0,0,0,5,0,hello?,OK
2026-09-29,14:36:57,26,218,50,319,0,0,-1,0,0,0,5,0,hello?,OK
2026-09-29,14:36:58,26,225,50,316,2,0,-1,0,0,0,5,0,hello?,OK
2026-09-29,14:36:59,26,225,50,316,2,0,-1,0,0,0,5,0,hello?,OK
2026-09-29,14:37:00,26,222,52,311,0,0,-1,0,0,0,5,0,hello?,OK
2026-09-29,14:37:01,26,222,52,309,0,0,-1,0,0,0,5,0,hello?,OK
2026-09-29,14:37:02,26,228,52,308,2,0,-1,0,0,0,5,0,hello?,OK
2026-09-29,14:37:03,26,225,52,306,1,0,-1,0,0,0,5,0,hello?,OK
2026-09-29,14:37:04,26,227,52,304,0,0,-1,0,0,0,5,0,hello?,OK
2026-09-29,14:37:05,26,224,52,303,0,0,-1,0,0,1,5,0,hello?,OK
2026-09-29,14:37:06,27,260,52,341,33,0,-1,0,0,1,5,0,hello?,OK
2026-09-29,14:37:07,27,260,52,339,32,0,-1,0,1,1,5,0,hello?,OK
2026-09-29,14:37:08,27,264,53,335,36,0,-1,0,1,1,5,0,hello?,OK
2026-09-29,14:37:09,27,260,53,334,35,0,-1,0,0,0,5,0,hello?,OK
2026-09-29,14:37:10,26,179,53,269,0,0,-1,0,0,0,5,0,hello?,OK
2026-09-29,14:37:11,26,224,53,297,2,0,-1,0,0,0,5,1,hello?,OK
2026-09-29,14:37:12,27,227,53,300,5,0,-1,0,0,0,5,1,hello?,OK
2026-09-29,14:37:13,27,226,53,297,3,0,-1,0,0,0,5,1,hello?,OK
2026-09-29,14:37:14,27,231,52,297,6,0,-1,0,0,0,5,0,hello?,OK
2026-09-29,14:37:15,27,223,52,296,0,0,-1,0,0,0,5,0,hello?,OK
2026-09-29,14:37:16,27,226,53,293,2,0,-1,0,0,0,213,0,hello?,OK
2026-09-29,14:37:17,27,66,53,211,0,0,-1,0,0,0,213,0,hello?,OK
2026-09-29,14:37:18,0,32,0,83,0,0,-1,0,0,0,213,0,hello?,OK
2026-09-29,14:37:19,0,32,0,83,0,0,-1,0,0,0,213,0,hello?,OK
2026-09-29,14:37:20,0,32,0,83,0,0,-1,0,0,0,213,0,hello?,OK
2026-09-29,14:37:21,0,32,0,83,0,0,-1,0,0,0,213,0,hello?,OK
2026-09-29,14:37:22,0,32,0,83,0,0,-1,0,0,0,213,0,hello?,OK
2026-09-29,14:37:23,0,32,0,83,0,0,-1,0,0,0,0,0,hello?,OK
2026-09-29,14:37:24,0,32,0,83,0,0,-1,0,0,0,0,0,hello?,OK
2026-09-29,14:37:25,0,32,0,83,0,0,-1,0,0,0,0,0,hello?,OK
2026-09-29,14:37:26,0,32,0,83,0,0,-1,0,0,0,0,0,hello?,OK
2026-09-29,14:37:27,0,32,0,83,0,0,-1,0,0,0,0,0,hello?,OK
2026-09-29,14:37:28,0,32,0,83,0,0,-1,0,1,0,0,0,hello?,OK
2026-09-29,14:37:29,0,32,0,83,0,0,-1,0,1,0,0,0,hello?,OK
2026-09-29,14:37:30,0,32,0,83,0,0,-1,0,1,0,0,0,hello?,OK
2026-09-29,14:37:31,0,32,0,83,0,0,-1,0,0,0,0,0,hello?,OK
2026-09-29,14:37:32,0,32,0,83,0,0,-1,0,0,0,0,0,hello?,OK
2026-09-29,14:37:33,0,32,0,83,0,0,-1,0,0,0,0,0,hello?,OK
2026-09-29,14:37:34,0,32,0,83,0,0,-1,0,0,0,0,0,hello?,OK
2026-09-29,14:37:35,0,32,0,83,0,0,-1,0,0,0,0,0,hello?,OK
2026-09-29,14:37:36,26,221,48,316,0,0,-1,0,0,0,0,0,hello?,OK
2026-09-29,14:37:37,26,220,48,311,0,0,-1,0,0,0,0,0,hello?,OK
2026-09-29,14:37:38,27,220,52,316,0,0,-1,0,0,0,0,0,hello?,OK
2026-09-29,14:37:39,27,222,52,314,0,0,-1,0,0,0,0,0,hello?,OK
2026-09-29,14:37:40,27,224,53,313,0,0,-1,0,0,0,0,0,hello?,OK
2026-09-29,14:37:41,27,221,53,316,0,0,-1,0,0,0,0,0,hello?,OK
2026-09-29,14:37:42,26,223,53,315,1,0,-1,0,0,0,0,0,hello?,OK
2026-09-29,14:37:43,26,220,53,314,0,0,-1,0,0,0,0,0,hello?,OK
2026-09-29,14:37:44,26,218,53,317,0,0,-1,0,0,0,0,0,hello?,OK
2026-09-29,14:37:45,26,216,53,314,0,0,-1,0,0,0,0,0,hello?,OK
2026-09-29,14:37:46,27,219,53,316,0,0,-1,0,0,0,0,0,hello?,OK
2026-09-29,14:37:47,27,222,53,315,0,0,-1,0,0,0,0,0,hello?,OK
2026-09-29,14:37:48,27,219,53,318,5,0,-1,0,0,0,0,0,hello?,OK
2026-09-29,14:37:49,27,218,53,318,0,0,-1,0,0,0,0,0,hello?,OK
2026-09-29,14:37:50,27,218,53,319,0,0,-1,0,0,0,0,0,hello?,OK
2026-09-29,14:37:51,27,219,53,316,0,0,-1,0,0,0,0,0,hello?,OK
2026-09-29,14:37:52,27,223,52,314,2,0,-1,0,0,0,0,0,hello?,OK
2026-09-29,14:37:53,27,220,52,315,0,0,-1,0,0,0,0,0,hello?,OK
2026-09-29,14:37:54,27,222,52,316,1,0,-1,0,0,0,0,0,hello?,OK
2026-09-29,14:37:55,27,220,52,309,0,0,-1,0,0,0,0,0,hello?,OK
2026-09-29,14:37:56,27,218,52,315,1,0,-1,0,0,0,0,0,hello?,OK
2026-09-29,14:37:57,27,219,52,311,0,0,-1,0,0,0,0,0,hello?,OK
2026-09-29,14:37:58,27,220,52,313,0,0,-1,0,0,0,0,0,hello?,OK
2026-09-29,14:37:59,27,219,52,315,0,0,-1,0,0,0,0,0,hello?,OK
2026-09-29,14:38:00,26,226,52,312,1,0,-1,0,0,0,0,0,hello?,OK
2026-09-29,14:38:01,26,222,52,313,2,0,-1,0,0,0,0,0,hello?,OK
2026-09-29,14:38:02,27,217,52,314,0,0,-1,0,0,0,0,0,hello?,OK
2026-09-29,14:38:03,27,224,52,314,1,0,-1,0,0,0,0,0,hello?,OK
2026-09-29,14:38:04,26,222,53,319,0,0,-1,0,0,0,0,0,hello?,OK
2026-09-29,14:38:05,26,217,53,322,0,0,-1,0,0,0,0,0,hello?,OK
2026-09-29,14:38:06,27,224,52,316,2,0,-1,0,0,0,0,0,hello?,OK
2026-09-29,14:38:07,27,224,52,316,2,0,-1,0,0,0,0,0,hello?,OK
2026-09-29,14:38:08,27,217,52,319,0,0,-1,0,0,0,0,0,hello?,OK
2026-09-29,14:38:09,27,217,52,317,0,0,-1,0,0,0,0,0,hello?,OK
2026-09-29,14:38:10,27,223,52,318,0,0,-1,0,0,0,0,0,hello?,OK
2026-09-29,14:38:11,27,218,52,597,0,0,-1,0,0,0,0,0,hello?,OK
2026-09-29,14:38:12,27,220,52,383,1,0,-1,0,0,0,0,0,hello?,OK
2026-09-29,14:38:13,27,218,52,581,0,0,-1,0,0,0,0,0,hello?,OK
2026-09-29,14:38:14,27,218,52,325,0,0,-1,0,0,0,0,0,hello?,OK
2026-09-29,14:38:15,27,220,52,321,1,0,-1,0,0,0,0,0,hello?,OK
2026-09-29,14:38:16,27,217,52,322,0,0,-1,0,0,0,0,0,hello?,OK
2026-09-29,14:38:17,27,219,52,325,0,0,-1,0,1,0,0,0,hello?,OK
2026-09-29,14:38:18,27,164,52,293,0,0,-1,0,1,0,0,0,hello?,OK
2026-09-29,14:38:19,27,217,52,327,0,0,-1,0,0,0,0,0,hello?,OK
2026-09-29,14:38:20,27,222,52,330,1,0,-1,0,0,1,0,0,hello?,OK
2026-09-29,14:38:21,27,223,52,327,0,0,-1,0,0,1,0,0,hello?,OK
2026-09-29,14:38:22,27,259,52,364,37,0,-1,0,0,1,0,0,hello?,OK
2026-09-29,14:38:23,27,258,52,365,36,0,-1,0,0,0,0,0,hello?,OK
2026-09-29,14:38:24,27,220,52,329,0,0,-1,0,0,0,0,0,hello?,OK
2026-09-29,14:38:25,27,221,52,331,0,0,-1,0,0,0,0,0,hello?,OK
2026-09-29,14:38:26,27,220,52,332,1,0,-1,0,0,0,0,0,hello?,OK
2026-09-29,14:38:27,27,216,52,334,0,0,-1,0,0,0,0,0,hello?,OK
2026-09-29,14:38:28,27,215,52,334,0,0,-1,0,0,0,0,0,hello?,OK
2026-09-29,14:38:29,27,216,52,334,1,0,-1,0,0,0,0,0,hello?,OK
2026-09-29,14:38:30,27,222,52,335,0,0,-1,0,0,0,0,0,hello?,OK
2026-09-29,14:38:31,27,216,52,341,0,0,-1,0,0,0,0,0,hello?,OK
2026-09-29,14:38:32,27,228,52,339,0,0,-1,0,0,0,0,0,hello?,OK
2026-09-29,14:38:33,27,230,52,344,0,0,-1,0,0,0,0,0,hello?,OK
2026-09-29,14:38:34,27,227,52,340,0,0,-1,0,0,0,0,0,hello?,OK
2026-09-29,14:38:35,27,226,52,344,4,0,-1,0,0,0,0,0,hello?,OK
2026-09-29,14:38:36,27,223,52,345,0,0,-1,0,0,0,0,0,hello?,OK
2026-09-29,14:38:37,27,225,52,342,0,0,-1,0,0,0,0,0,hello?,OK
2026-09-29,14:38:38,27,221,52,342,3,0,-1,0,0,0,0,0,hello?,OK
2026-09-29,14:38:39,27,232,52,346,0,0,-1,0,0,0,191,0,hello?,OK
2026-09-29,14:38:40,27,64,52,253,0,0,-1,0,0,0,191,0,hello?,OK
2026-09-29,14:38:41,0,74,0,245,0,0,-1,0,0,0,191,0,hello?,OK
2026-09-29,14:38:42,0,80,0,275,0,0,-1,0,0,0,191,0,hello?,OK
2026-09-29,14:38:43,0,35,0,101,0,0,-1,0,0,0,191,0,hello?,OK
2026-09-29,14:38:44,0,49,0,210,0,0,-1,0,0,0,191,0,hello?,OK
2026-09-29,14:38:45,0,74,0,262,0,0,-1,0,0,0,168,0,hello?,OK
2026-09-29,14:38:46,0,74,0,262,0,0,-1,0,0,0,0,0,hello?,OK
2026-09-29,14:38:47,0,74,0,262,0,0,-1,0,0,0,0,0,hello?,OK
2026-09-29,14:38:48,0,74,0,262,0,0,-1,0,0,0,0,0,hello?,OK
2026-09-29,14:38:49,0,74,0,262,0,0,-1,0,0,0,0,0,hello?,OK
2026-09-29,14:38:50,0,74,0,262,0,0,-1,0,0,0,0,0,hello?,OK
2026-09-29,14:38:51,0,74,0,262,0,0,-1,0,1,0,0,0,hello?,OK
2026-09-29,14:38:52,0,74,0,262,0,0,-1,0,1,0,0,0,hello?,OK
2026-09-29,14:38:53,0,74,0,262,0,0,-1,0,1,0,0,0,hello?,OK
2026-09-29,14:38:54,0,74,0,262,0,0,-1,0,0,0,0,0,hello?,OK
2026-09-29,14:38:55,0,74,0,262,0,0,-1,0,0,0,0,0,hello?,OK
2026-09-29,14:38:56,0,74,0,262,0,0,-1,0,0,0,0,0,hello?,OK
2026-09-29,14:38:57,0,74,0,262,0,0,-1,0,0,0,0,0,hello?,OK
2026-09-29,14:38:58,0,74,0,262,0,0,-1,0,0,0,0,0,hello?,OK
2026-09-29,14:38:59,0,74,0,262,0,0,-1,0,0,0,0,0,hello?,OK
2026-09-29,14:39:00,0,74,0,262,0,0,-1,0,0,0,0,0,hello?,OK
2026-09-29,14:39:01,0,74,0,262,0,0,-1,0,0,0,0,0,hello?,OK
2026-09-29,14:39:02,0,74,0,262,0,0,-1,0,1,0,0,0,hello?,OK
2026-09-29,14:39:03,0,74,0,262,0,0,-1,0,0,0,0,0,hello?,OK
2026-09-29,14:39:04,0,74,0,262,0,0,-1,0,0,0,0,0,hello?,OK
2026-09-29,14:39:05,0,74,0,262,0,0,-1,0,0,0,0,0,hello?,OK
2026-09-29,14:39:06,0,74,0,262,0,0,-1,0,0,0,0,0,hello?,OK
2026-09-29,14:39:07,27,236,46,361,2,0,-1,0,0,0,0,0,hello?,OK
2026-09-29,14:39:08,27,237,46,363,2,0,-1,0,0,0,0,0,hello?,OK
2026-09-29,14:39:09,27,232,52,364,1,0,-1,0,0,0,0,0,hello?,OK
2026-09-29,14:39:10,27,229,52,369,0,0,-1,0,0,0,0,0,hello?,OK
2026-09-29,14:39:11,27,230,52,368,0,0,-1,0,0,0,0,0,hello?,OK
2026-09-29,14:39:12,27,235,52,365,2,0,-1,0,0,0,0,0,hello?,OK
2026-09-29,14:39:13,27,237,52,364,2,0,-1,0,0,0,0,0,hello?,OK
2026-09-29,14:39:14,27,238,52,366,1,0,-1,0,0,0,0,0,hello?,OK
2026-09-29,14:39:15,27,237,52,364,2,0,-1,0,0,0,0,0,hello?,OK
2026-09-29,14:39:16,27,236,52,367,1,0,-1,0,0,0,0,0,hello?,OK
2026-09-29,14:39:17,27,228,52,368,0,0,-1,0,0,0,0,0,hello?,OK
2026-09-29,14:39:18,27,235,52,367,1,0,-1,0,0,0,0,0,hello?,OK
2026-09-29,14:39:19,27,234,52,366,2,0,-1,0,0,0,0,0,hello?,OK
2026-09-29,14:39:20,27,235,52,367,2,0,-1,0,0,0,0,0,hello?,OK
2026-09-29,14:39:21,27,232,52,368,1,0,-1,0,0,0,0,0,hello?,OK
2026-09-29,14:39:22,27,231,52,370,1,0,-1,0,0,0,0,0,hello?,OK
2026-09-29,14:39:23,27,230,52,368,1,0,-1,0,0,0,0,0,hello?,OK
2026-09-29,14:39:24,27,233,52,369,1,0,-1,0,0,0,0,0,hello?,OK
2026-09-29,14:39:25,27,227,52,372,0,0,-1,0,0,0,0,0,hello?,OK
2026-09-29,14:39:26,27,235,52,371,1,0,-1,0,0,0,0,0,hello?,OK
2026-09-29,14:39:27,27,234,52,370,1,0,-1,0,0,0,0,0,hello?,OK
2026-09-29,14:39:28,27,227,52,372,0,0,-1,0,0,0,0,0,hello?,OK
2026-09-29,14:39:29,27,233,52,372,1,0,-1,0,0,0,0,0,hello?,OK
2026-09-29,14:39:30,27,233,52,371,2,0,-1,0,0,0,0,0,hello?,OK
2026-09-29,14:39:31,27,226,52,374,0,0,-1,0,0,0,0,0,hello?,OK
2026-09-29,14:39:32,27,226,52,374,0,0,-1,0,0,0,0,0,hello?,OK
2026-09-29,14:39:33,27,110,52,319,0,0,-1,0,0,0,0,0,hello?,OK
2026-09-29,14:39:34,27,113,52,334,0,0,-1,0,0,0,0,0,hello?,OK
2026-09-29,14:39:35,27,113,52,334,0,0,-1,0,0,0,0,0,hello?,OK
2026-09-29,14:39:36,27,113,52,334,0,0,-1,0,0,0,0,0,hello?,OK
2026-09-29,14:39:37,27,113,52,334,0,0,-1,0,0,0,0,0,hello?,OK
2026-09-29,14:39:38,27,113,52,334,0,0,-1,0,0,0,0,0,hello?,OK
2026-09-29,14:39:39,27,113,52,334,0,0,-1,0,0,0,0,0,hello?,OK
2026-09-29,14:39:40,27,113,52,334,0,0,-1,0,0,0,0,0,hello?,OK
2026-09-29,14:39:41,27,113,52,334,0,0,-1,0,0,0,0,0,hello?,OK
2026-09-29,14:39:42,27,113,52,334,0,0,-1,0,0,0,0,0,hello?,OK
2026-09-29,14:39:43,27,113,52,334,0,0,-1,0,0,0,0,0,hello?,OK
2026-09-29,14:39:44,27,113,52,334,0,0,-1,0,1,0,0,0,hello?,OK
2026-09-29,14:39:45,27,113,52,334,0,0,-1,0,0,0,0,0,hello?,OK
2026-09-29,14:39:46,27,113,52,334,0,0,-1,0,0,0,0,0,hello?,OK
2026-09-29,14:39:47,27,113,52,334,0,0,-1,0,0,0,0,0,hello?,OK
2026-09-29,14:39:48,27,113,52,334,0,0,-1,0,0,0,18,0,hello?,OK
2026-09-29,14:39:49,27,113,52,334,0,0,-1,0,0,0,220,0,hello?,OK
2026-09-29,14:39:50,27,113,52,334,0,0,-1,0,0,0,46,0,hello?,OK
2026-09-29,14:39:51,27,113,52,334,0,0,-1,0,0,0,33,0,hello?,OK
2026-09-29,14:39:52,27,113,52,334,0,0,-1,0,0,0,33,0,hello?,OK
2026-09-29,14:39:53,27,113,52,334,0,0,-1,0,0,0,33,0,hello?,OK
2026-09-29,14:39:54,27,113,52,334,0,0,-1,0,0,0,33,0,hello?,OK
2026-09-29,14:39:55,27,113,52,334,0,0,-1,0,0,0,33,0,hello?,OK
2026-09-29,14:39:56,27,235,46,367,2,0,-1,0,0,0,33,0,hello?,OK
2026-09-29,14:39:57,27,231,46,368,2,0,-1,0,0,0,33,0,hello?,OK
2026-09-29,14:39:58,27,225,51,371,0,0,-1,0,0,0,33,0,hello?,OK
2026-09-29,14:39:59,27,228,51,371,0,0,-1,0,0,0,33,0,hello?,OK
2026-09-29,14:40:00,27,225,51,369,0,0,-1,0,0,0,33,0,hello?,OK
2026-09-29,14:40:01,27,225,51,372,0,0,-1,0,0,0,33,0,hello?,OK
2026-09-29,14:40:02,27,232,51,368,2,0,-1,0,0,0,33,0,hello?,OK
2026-09-29,14:40:03,27,231,51,370,1,0,-1,0,0,0,33,0,hello?,OK
2026-09-29,14:40:04,27,225,51,374,0,0,-1,0,0,0,33,0,hello?,OK
2026-09-29,14:40:05,27,234,51,372,2,0,-1,0,0,0,33,0,hello?,OK
2026-09-29,14:40:06,27,231,51,371,2,0,-1,0,0,0,33,0,hello?,OK
2026-09-29,14:40:07,27,228,51,371,1,0,-1,0,0,0,33,0,hello?,OK
2026-09-29,14:40:08,27,225,51,374,0,0,-1,0,0,0,33,0,hello?,OK
2026-09-29,14:40:09,27,227,51,374,1,0,-1,0,0,0,33,0,hello?,OK
2026-09-29,14:40:10,27,224,51,376,0,0,-1,0,0,0,33,0,hello?,OK
2026-09-29,14:40:11,27,232,51,374,2,0,-1,0,0,0,33,0,hello?,OK
2026-09-29,14:40:12,27,223,51,375,1,0,-1,0,0,0,33,0,hello?,OK
2026-09-29,14:40:13,27,223,51,376,0,0,-1,0,0,0,33,0,hello?,OK
2026-09-29,14:40:14,27,233,51,375,2,0,-1,0,0,0,33,0,hello?,OK
2026-09-29,14:40:15,27,232,51,377,1,0,-1,0,0,0,33,0,hello?,OK
2026-09-29,14:40:16,27,230,51,374,3,0,-1,0,0,0,33,0,hello?,OK
2026-09-29,14:40:17,27,230,51,377,1,0,-1,0,0,0,33,0,hello?,OK
2026-09-29,14:40:18,27,225,51,378,1,0,-1,0,0,0,33,0,hello?,OK
2026-09-29,14:40:19,27,228,51,380,1,0,-1,0,0,0,33,0,hello?,OK
2026-09-29,14:40:20,27,223,51,382,0,0,-1,0,0,0,33,0,hello?,OK
2026-09-29,14:40:21,27,232,51,377,2,0,-1,0,0,0,33,0,hello?,OK
2026-09-29,14:40:22,27,230,51,378,1,0,-1,0,0,0,33,0,hello?,OK
2026-09-29,14:40:23,27,228,51,378,0,0,-1,0,0,0,33,0,hello?,OK
2026-09-29,14:40:24,27,223,51,375,0,0,-1,0,0,0,33,0,hello?,OK
2026-09-29,14:40:25,27,222,51,375,1,0,-1,0,0,0,33,0,hello?,OK
2026-09-29,14:40:26,27,226,51,377,1,0,-1,0,0,0,33,0,hello?,OK
2026-09-29,14:40:27,27,222,51,377,0,0,-1,0,0,0,33,0,hello?,OK
2026-09-29,14:40:28,27,223,51,380,0,0,-1,0,1,0,33,0,hello?,OK
2026-09-29,14:40:29,27,224,51,378,0,0,-1,0,1,0,33,0,hello?,OK
2026-09-29,14:40:30,27,228,51,377,1,0,-1,0,0,0,33,0,hello?,OK
2026-09-29,14:40:31,27,224,51,380,1,0,-1,0,0,0,33,0,hello?,OK
2026-09-29,14:40:32,27,222,51,382,0,0,-1,0,0,0,33,0,hello?,OK
2026-09-29,14:40:33,27,222,51,384,0,0,-1,0,0,0,33,0,hello?,OK
2026-09-29,14:40:34,27,222,51,387,0,0,-1,0,0,0,33,0,hello?,OK
2026-09-29,14:40:35,27,222,51,383,0,0,-1,0,0,0,33,0,hello?,OK
2026-09-29,14:40:36,27,228,51,379,2,0,-1,0,0,0,33,0,hello?,OK
2026-09-29,14:40:37,27,228,51,380,2,0,-1,0,0,0,33,0,hello?,OK
2026-09-29,14:40:38,27,222,51,384,0,0,-1,0,0,0,33,0,hello?,OK
2026-09-29,14:40:39,27,229,51,381,2,0,-1,0,0,0,33,0,hello?,OK
2026-09-29,14:40:40,27,223,51,383,0,0,-1,0,0,0,33,0,hello?,OK
2026-09-29,14:40:41,27,226,51,382,0,0,-1,0,0,0,33,0,hello?,OK
2026-09-29,14:40:42,27,224,51,378,2,0,-1,0,0,0,33,0,hello?,OK
2026-09-29,14:40:43,27,228,51,375,2,0,-1,0,0,0,33,0,hello?,OK
2026-09-29,14:40:44,27,223,51,379,0,0,-1,0,0,0,33,0,hello?,OK
2026-09-29,14:40:45,27,222,51,379,0,0,-1,0,0,0,33,0,hello?,OK
2026-09-29,14:40:46,27,221,51,377,1,0,-1,0,0,0,33,0,hello?,OK
2026-09-29,14:40:47,27,229,51,375,2,0,-1,0,0,0,33,0,hello?,OK
2026-09-29,14:40:48,27,222,51,381,0,0,-1,0,0,0,33,0,hello?,OK
2026-09-29,14:40:49,27,226,51,377,2,0,-1,0,0,0,33,0,hello?,OK
2026-09-29,14:40:50,27,221,51,380,0,0,-1,0,0,0,33,0,hello?,OK
2026-09-29,14:40:51,27,221,51,383,0,0,-1,0,0,0,33,0,hello?,OK
2026-09-29,14:40:52,27,228,51,377,2,0,-1,0,0,0,33,0,hello?,OK
2026-09-29,14:40:53,27,228,51,377,2,0,-1,0,0,0,33,0,hello?,OK
2026-09-29,14:40:54,27,228,51,381,1,0,-1,0,0,0,33,0,hello?,OK
2026-09-29,14:40:55,27,225,51,381,0,0,-1,0,0,0,33,0,hello?,OK
2026-09-29,14:40:56,27,220,51,378,0,0,-1,0,0,0,33,0,hello?,OK
2026-09-29,14:40:57,27,220,51,375,0,0,-1,0,0,0,33,0,hello?,OK
2026-09-29,14:40:58,27,226,51,374,1,0,-1,0,0,0,33,0,hello?,OK
2026-09-29,14:40:59,27,220,51,377,0,0,-1,0,0,0,33,0,hello?,OK
2026-09-29,14:41:00,27,220,51,373,1,0,-1,0,0,0,33,0,hello?,OK
2026-09-29,14:41:01,27,226,51,371,2,0,-1,0,0,0,33,0,hello?,OK
2026-09-29,14:41:02,27,220,51,373,0,0,-1,0,0,0,33,0,hello?,OK
2026-09-29,14:41:03,27,225,51,370,1,0,-1,0,0,0,33,0,hello?,OK
2026-09-29,14:41:04,27,221,51,373,0,0,-1,0,0,0,33,0,hello?,OK
2026-09-29,14:41:05,27,220,51,373,0,0,-1,0,0,0,33,0,hello?,OK
2026-09-29,14:41:06,27,224,51,370,1,0,-1,0,0,0,33,0,hello?,OK
2026-09-29,14:41:07,27,228,51,370,2,0,-1,0,0,0,33,0,hello?,OK
2026-09-29,14:41:08,27,220,51,375,0,0,-1,0,0,0,33,0,hello?,OK
2026-09-29,14:41:09,27,228,51,370,2,0,-1,0,0,0,33,0,hello?,OK
2026-09-29,14:41:10,27,225,51,373,2,0,-1,0,0,0,33,0,hello?,OK
2026-09-29,14:41:11,27,223,51,370,1,0,-1,0,0,0,33,0,hello?,OK
2026-09-29,14:41:12,27,220,51,373,0,0,-1,0,0,0,33,0,hello?,OK
2026-09-29,14:41:13,27,219,51,370,0,0,-1,0,0,0,33,0,hello?,OK
2026-09-29,14:41:14,27,222,51,372,0,0,-1,0,0,0,33,0,hello?,OK
2026-09-29,14:41:15,27,220,51,371,0,0,-1,0,0,0,33,0,hello?,OK
2026-09-29,14:41:16,27,220,51,370,1,0,-1,0,0,0,33,0,hello?,OK
2026-09-29,14:41:17,28,224,51,371,0,0,-1,0,0,0,33,0,hello?,OK
2026-09-29,14:41:18,28,228,51,367,2,0,-1,0,0,0,33,0,hello?,OK
2026-09-29,14:41:19,27,227,51,368,1,0,-1,0,0,0,33,0,hello?,OK
2026-09-29,14:41:20,27,227,51,368,1,0,-1,0,0,0,33,0,hello?,OK
2026-09-29,14:41:21,27,219,51,368,0,0,-1,0,0,0,33,0,hello?,OK
2026-09-29,14:41:22,27,222,51,367,1,0,-1,0,0,0,33,0,hello?,OK
2026-09-29,14:41:23,27,220,51,367,0,0,-1,0,0,0,33,0,hello?,OK
2026-09-29,14:41:24,27,219,51,368,0,0,-1,0,0,0,33,0,hello?,OK
2026-09-29,14:41:25,27,227,51,365,2,0,-1,0,0,0,33,0,hello?,OK
2026-09-29,14:41:26,27,221,51,368,0,0,-1,0,0,0,33,0,hello?,OK
2026-09-29,14:41:27,27,220,51,367,0,0,-1,0,0,0,33,0,hello?,OK
2026-09-29,14:41:28,27,219,51,365,0,0,-1,0,0,0,33,0,hello?,OK
2026-09-29,14:41:29,27,225,51,367,1,0,-1,0,0,0,33,0,hello?,OK
2026-09-29,14:41:30,27,220,51,367,0,0,-1,0,0,0,33,0,hello?,OK
2026-09-29,14:41:31,27,224,51,365,1,0,-1,0,0,0,33,0,hello?,OK
2026-09-29,14:41:32,27,219,51,365,0,0,-1,0,0,0,33,0,hello?,OK
2026-09-29,14:41:33,28,221,51,362,1,0,-1,0,0,0,33,0,hello?,OK
2026-09-29,14:41:34,28,220,51,367,0,0,-1,0,0,0,33,0,hello?,OK
2026-09-29,14:41:35,27,220,51,362,1,0,-1,0,0,0,33,0,hello?,OK
2026-09-29,14:41:36,27,225,51,361,1,0,-1,0,0,0,33,0,hello?,OK
2026-09-29,14:41:37,28,221,51,361,1,0,-1,0,0,0,33,0,hello?,OK
2026-09-29,14:41:38,28,219,51,362,0,0,-1,0,0,0,33,0,hello?,OK
2026-09-29,14:41:39,27,220,51,363,0,0,-1,0,0,0,33,0,hello?,OK
2026-09-29,14:41:40,27,222,51,359,1,0,-1,0,0,0,33,0,hello?,OK
2026-09-29,14:41:41,27,219,51,360,0,0,-1,0,0,0,33,0,hello?,OK
2026-09-29,14:41:42,27,219,51,362,0,0,-1,0,0,0,33,0,hello?,OK
2026-09-29,14:41:43,27,219,51,361,0,0,-1,0,0,0,33,0,hello?,OK
2026-09-29,14:41:44,27,219,51,361,0,0,-1,0,0,0,33,0,hello?,OK
2026-09-29,14:41:45,27,220,51,362,0,0,-1,0,0,0,33,0,hello?,OK
2026-09-29,14:41:46,27,220,51,361,0,0,-1,0,0,0,33,0,hello?,OK
2026-09-29,14:41:47,27,223,51,357,0,0,-1,0,0,0,33,0,hello?,OK
2026-09-29,14:41:48,27,226,51,355,2,0,-1,0,0,0,33,0,hello?,OK
2026-09-29,14:41:49,27,219,51,357,0,0,-1,0,0,0,33,0,hello?,OK
2026-09-29,14:41:50,27,222,51,357,0,0,-1,0,0,0,33,0,hello?,OK
2026-09-29,14:41:51,27,228,51,356,2,0,-1,0,0,0,33,0,hello?,OK
2026-09-29,14:41:52,27,219,51,358,0,0,-1,0,0,0,33,0,hello?,OK
2026-09-29,14:41:53,28,225,51,354,2,0,-1,0,0,0,33,0,hello?,OK
2026-09-29,14:41:54,28,219,51,356,0,0,-1,0,0,0,33,0,hello?,OK
2026-09-29,14:41:55,27,221,51,356,0,0,-1,0,0,0,33,0,hello?,OK
2026-09-29,14:41:56,27,226,51,352,2,0,-1,0,0,0,33,0,hello?,OK
2026-09-29,14:41:57,27,219,51,355,0,0,-1,0,0,0,33,0,hello?,OK
2026-09-29,14:41:58,27,219,51,355,0,0,-1,0,0,0,33,0,hello?,OK
2026-09-29,14:41:59,28,218,50,354,0,0,-1,0,0,0,33,0,hello?,OK
2026-09-29,14:42:00,28,219,50,353,0,0,-1,0,0,0,33,0,hello?,OK
2026-09-29,14:42:01,27,226,51,356,1,0,-1,0,0,0,33,0,hello?,OK
2026-09-29,14:42:02,27,219,51,353,0,0,-1,0,0,0,33,0,hello?,OK
2026-09-29,14:42:03,27,226,50,350,2,0,-1,0,0,0,33,0,hello?,OK
2026-09-29,14:42:04,27,223,50,350,1,0,-1,0,0,0,33,0,hello?,OK
2026-09-29,14:42:05,27,226,51,349,2,0,-1,0,0,0,33,0,hello?,OK
2026-09-29,14:42:06,27,224,51,349,2,0,-1,0,0,0,33,0,hello?,OK
2026-09-29,14:42:07,27,221,50,352,0,0,-1,0,0,0,33,0,hello?,OK
2026-09-29,14:42:08,27,220,50,351,0,0,-1,0,0,0,33,0,hello?,OK
2026-09-29,14:42:09,27,222,50,352,0,0,-1,0,0,0,33,0,hello?,OK
2026-09-29,14:42:10,27,222,50,348,1,0,-1,0,0,0,33,0,hello?,OK
2026-09-29,14:42:11,28,219,50,350,0,0,-1,0,0,0,33,0,hello?,OK
2026-09-29,14:42:12,28,224,50,347,1,0,-1,0,0,0,33,0,hello?,OK
2026-09-29,14:42:13,27,219,51,350,0,0,-1,0,0,0,33,0,hello?,OK
2026-09-29,14:42:14,27,219,51,349,0,0,-1,0,0,0,33,0,hello?,OK
2026-09-29,14:42:15,27,220,51,350,0,0,-1,0,0,0,33,0,hello?,OK
2026-09-29,14:42:16,27,220,51,347,1,0,-1,0,0,0,33,0,hello?,OK
2026-09-29,14:42:17,27,223,51,346,1,0,-1,0,0,0,33,0,hello?,OK
2026-09-29,14:42:18,27,219,51,348,0,0,-1,0,0,0,33,0,hello?,OK
2026-09-29,14:42:19,27,219,51,347,1,0,-1,0,0,0,33,0,hello?,OK
2026-09-29,14:42:20,27,224,51,349,1,0,-1,0,0,0,33,0,hello?,OK
2026-09-29,14:42:21,27,218,51,348,0,0,-1,0,0,0,33,0,hello?,OK
2026-09-29,14:42:22,27,227,51,344,2,0,-1,0,0,0,33,0,hello?,OK
2026-09-29,14:42:23,27,218,51,346,0,0,-1,0,0,0,33,0,hello?,OK
2026-09-29,14:42:24,27,219,51,346,0,0,-1,0,0,0,33,0,hello?,OK
2026-09-29,14:42:25,27,220,51,345,0,0,-1,0,0,0,33,0,hello?,OK
2026-09-29,14:42:26,27,226,51,346,1,0,-1,0,0,0,33,0,hello?,OK
2026-09-29,14:42:27,27,218,51,346,0,0,-1,0,0,0,33,0,hello?,OK
2026-09-29,14:42:28,27,219,51,348,0,0,-1,0,0,0,33,0,hello?,OK
2026-09-29,14:42:29,27,223,50,344,2,0,-1,0,0,0,33,0,hello?,OK
2026-09-29,14:42:30,27,219,50,345,0,0,-1,0,0,0,33,0,hello?,OK
2026-09-29,14:42:31,27,220,50,343,1,0,-1,0,0,0,33,0,hello?,OK
2026-09-29,14:42:32,27,227,50,343,1,0,-1,0,0,0,33,0,hello?,OK
2026-09-29,14:42:33,27,221,51,345,0,0,-1,0,0,0,33,0,hello?,OK
2026-09-29,14:42:34,27,225,51,342,2,0,-1,0,0,0,33,0,hello?,OK
2026-09-29,14:42:35,27,217,50,343,0,0,-1,0,0,0,33,0,hello?,OK
2026-09-29,14:42:36,27,222,50,342,1,0,-1,0,0,0,33,0,hello?,OK
2026-09-29,14:42:37,27,217,50,346,0,0,-1,0,0,0,33,0,hello?,OK
2026-09-29,14:42:38,27,218,50,346,0,0,-1,0,0,0,33,0,hello?,OK
2026-09-29,14:42:39,27,216,50,345,0,0,-1,0,0,0,33,0,hello?,OK
2026-09-29,14:42:40,27,220,50,343,0,0,-1,0,0,0,33,0,hello?,OK
2026-09-29,14:42:41,27,218,50,345,0,0,-1,0,0,0,33,0,hello?,OK
2026-09-29,14:42:42,27,218,50,343,0,0,-1,0,0,0,33,0,hello?,OK
2026-09-29,14:42:43,27,223,50,344,0,0,-1,0,0,0,33,0,hello?,OK
2026-09-29,14:42:44,27,220,50,344,0,0,-1,0,0,0,33,0,hello?,OK
2026-09-29,14:42:45,27,216,50,347,0,0,-1,0,0,0,33,0,hello?,OK
2026-09-29,14:42:46,27,222,51,342,1,0,-1,0,0,0,33,0,hello?,OK
2026-09-29,14:42:47,27,216,51,344,0,0,-1,0,0,0,33,0,hello?,OK
2026-09-29,14:42:48,27,216,50,347,0,0,-1,0,0,0,33,0,hello?,OK
2026-09-29,14:42:49,27,221,50,344,2,0,-1,0,0,0,33,0,hello?,OK
2026-09-29,14:42:50,27,215,50,347,0,0,-1,0,0,0,33,0,hello?,OK
2026-09-29,14:42:51,27,220,50,346,0,0,-1,0,0,0,33,0,hello?,OK
2026-09-29,14:42:52,27,217,50,349,0,0,-1,0,0,0,33,0,hello?,OK
2026-09-29,14:42:53,27,222,50,347,1,0,-1,0,0,0,33,0,hello?,OK
2026-09-29,14:42:54,27,220,50,347,1,0,-1,0,0,0,33,0,hello?,OK
2026-09-29,14:42:55,27,214,50,351,0,0,-1,0,0,0,33,0,hello?,OK
2026-09-29,14:42:56,28,216,50,351,0,0,-1,0,0,0,33,0,hello?,OK
2026-09-29,14:42:57,28,222,50,348,1,0,-1,0,0,0,33,0,hello?,OK
2026-09-29,14:42:58,27,220,50,350,0,0,-1,0,0,0,33,0,hello?,OK
2026-09-29,14:42:59,27,219,50,349,1,0,-1,0,0,0,33,0,hello?,OK
2026-09-29,14:43:00,27,215,50,353,0,0,-1,0,0,0,33,0,hello?,OK
2026-09-29,14:43:01,27,215,50,355,0,0,-1,0,0,0,33,0,hello?,OK
2026-09-29,14:43:02,27,214,50,352,0,0,-1,0,0,0,33,0,hello?,OK
2026-09-29,14:43:03,27,213,50,354,0,0,-1,0,0,0,33,0,hello?,OK
2026-09-29,14:43:04,28,216,50,356,0,0,-1,0,0,0,33,0,hello?,OK
2026-09-29,14:43:05,28,218,50,354,1,0,-1,0,0,0,33,0,hello?,OK
2026-09-29,14:43:06,27,220,50,354,1,0,-1,0,0,0,33,0,hello?,OK
2026-09-29,14:43:07,27,213,50,354,0,0,-1,0,0,0,33,0,hello?,OK
2026-09-29,14:43:08,27,214,50,355,0,0,-1,0,0,0,33,0,hello?,OK
2026-09-29,14:43:09,27,219,50,355,0,0,-1,0,0,0,33,0,hello?,OK
2026-09-29,14:43:10,27,213,50,357,0,0,-1,0,0,0,33,0,hello?,OK
2026-09-29,14:43:11,27,213,50,355,0,0,-1,0,0,0,33,0,hello?,OK
2026-09-29,14:43:12,27,213,50,354,0,0,-1,0,0,0,33,0,hello?,OK
2026-09-29,14:43:13,27,216,50,356,0,0,-1,0,0,0,33,0,hello?,OK
2026-09-29,14:43:14,27,213,50,356,0,0,-1,0,0,0,33,0,hello?,OK
2026-09-29,14:43:15,27,219,50,353,2,0,-1,0,0,0,33,0,hello?,OK
2026-09-29,14:43:16,27,220,50,354,1,0,-1,0,0,0,33,0,hello?,OK
2026-09-29,14:43:17,27,212,50,357,0,0,-1,0,0,0,33,0,hello?,OK
2026-09-29,14:43:18,27,214,50,355,0,0,-1,0,0,0,33,0,hello?,OK
2026-09-29,14:43:19,27,221,50,354,1,0,-1,0,0,0,33,0,hello?,OK
2026-09-29,14:43:20,27,219,50,353,1,0,-1,0,0,0,33,0,hello?,OK
2026-09-29,14:43:21,27,218,50,354,0,0,-1,0,0,0,33,0,hello?,OK
2026-09-29,14:43:22,28,220,50,354,1,0,-1,0,0,0,33,0,hello?,OK
2026-09-29,14:43:23,28,221,50,354,1,0,-1,0,0,0,33,0,hello?,OK
2026-09-29,14:43:24,27,212,50,356,0,0,-1,0,0,0,33,0,hello?,OK
2026-09-29,14:43:25,27,214,50,354,0,0,-1,0,0,0,33,0,hello?,OK
2026-09-29,14:43:26,27,217,50,356,0,0,-1,0,0,0,33,0,hello?,OK
2026-09-29,14:43:27,27,216,50,355,0,0,-1,0,0,0,33,0,hello?,OK
2026-09-29,14:43:28,27,215,50,353,0,0,-1,0,0,0,33,0,hello?,OK
2026-09-29,14:43:29,27,212,50,357,0,0,-1,0,0,0,33,0,hello?,OK
2026-09-29,14:43:30,27,213,50,356,0,0,-1,0,0,0,33,0,hello?,OK
2026-09-29,14:43:31,27,212,50,354,0,0,-1,0,0,0,33,0,hello?,OK
2026-09-29,14:43:32,27,219,50,351,1,0,-1,0,0,0,33,0,hello?,OK
2026-09-29,14:43:33,27,212,50,353,0,0,-1,0,0,0,33,0,hello?,OK
2026-09-29,14:43:34,28,212,50,353,0,0,-1,0,0,0,33,0,hello?,OK
2026-09-29,14:43:35,28,213,50,352,0,0,-1,0,0,0,33,0,hello?,OK
2026-09-29,14:43:36,27,212,50,352,0,0,-1,0,0,0,33,0,hello?,OK
2026-09-29,14:43:37,27,218,50,350,1,0,-1,0,0,0,33,0,hello?,OK
2026-09-29,14:43:38,27,213,51,352,0,0,-1,0,0,0,33,0,hello?,OK
2026-09-29,14:43:39,27,219,51,349,0,0,-1,0,0,0,33,0,hello?,OK
2026-09-29,14:43:40,28,215,50,349,0,0,-1,0,0,0,33,0,hello?,OK
2026-09-29,14:43:41,28,213,50,350,0,0,-1,0,0,0,33,0,hello?,OK
2026-09-29,14:43:42,27,212,51,349,0,0,-1,0,0,0,33,0,hello?,OK
2026-09-29,14:43:43,27,212,51,350,0,0,-1,0,0,0,33,0,hello?,OK
2026-09-29,14:43:44,27,219,50,346,1,0,-1,0,0,0,33,0,hello?,OK
2026-09-29,14:43:45,27,213,50,348,0,0,-1,0,0,0,33,0,hello?,OK
2026-09-29,14:43:46,27,214,50,346,0,0,-1,0,0,0,33,0,hello?,OK
2026-09-29,14:43:47,27,218,50,348,0,0,-1,0,0,0,33,0,hello?,OK
2026-09-29,14:43:48,27,212,50,348,0,0,-1,0,0,0,33,0,hello?,OK
2026-09-29,14:43:49,27,212,50,348,0,0,-1,0,0,0,33,0,hello?,OK
2026-09-29,14:43:50,28,211,50,347,0,0,-1,0,0,0,33,0,hello?,OK
2026-09-29,14:43:51,28,212,50,348,0,0,-1,0,0,0,33,0,hello?,OK
2026-09-29,14:43:52,27,212,50,347,0,0,-1,0,0,0,33,0,hello?,OK
2026-09-29,14:43:53,27,212,50,349,0,0,-1,0,0,0,33,0,hello?,OK
2026-09-29,14:43:54,27,218,50,344,2,0,-1,0,0,0,33,0,hello?,OK
2026-09-29,14:43:55,27,215,50,345,0,0,-1,0,0,0,33,0,hello?,OK
2026-09-29,14:43:56,27,212,50,346,0,0,-1,0,0,0,33,0,hello?,OK
2026-09-29,14:43:57,27,220,50,343,1,0,-1,0,0,0,33,0,hello?,OK
2026-09-29,14:43:58,27,218,50,344,0,0,-1,0,0,0,33,0,hello?,OK
2026-09-29,14:43:59,27,216,50,345,0,0,-1,0,0,0,33,0,hello?,OK
2026-09-29,14:44:00,27,212,50,348,0,0,-1,0,0,0,33,0,hello?,OK
2026-09-29,14:44:01,27,216,50,346,0,0,-1,0,0,0,33,0,hello?,OK
2026-09-29,14:44:02,27,211,50,346,0,0,-1,0,0,0,33,0,hello?,OK
2026-09-29,14:44:03,27,219,50,344,1,0,-1,0,0,0,33,0,hello?,OK
2026-09-29,14:44:04,27,219,50,344,1,0,-1,0,0,0,33,0,hello?,OK
2026-09-29,14:44:05,27,212,50,347,0,0,-1,0,0,0,33,0,hello?,OK
2026-09-29,14:44:06,27,218,51,345,1,0,-1,0,0,0,33,0,hello?,OK
2026-09-29,14:44:07,27,219,51,345,1,0,-1,0,0,0,33,0,hello?,OK
2026-09-29,14:44:08,27,218,51,347,1,0,-1,0,0,0,33,0,hello?,OK
2026-09-29,14:44:09,27,211,51,348,0,0,-1,0,0,0,33,0,hello?,OK
2026-09-29,14:44:10,27,213,51,350,0,0,-1,0,0,0,33,0,hello?,OK
2026-09-29,14:44:11,27,218,50,348,1,0,-1,0,0,0,33,0,hello?,OK
2026-09-29,14:44:12,27,218,50,350,0,0,-1,0,0,0,33,0,hello?,OK
2026-09-29,14:44:13,27,218,50,349,1,0,-1,0,0,0,33,0,hello?,OK
2026-09-29,14:44:14,27,211,50,353,0,0,-1,0,0,0,33,0,hello?,OK
2026-09-29,14:44:15,27,211,50,353,0,0,-1,0,0,0,33,0,hello?,OK
2026-09-29,14:44:16,27,212,50,354,0,0,-1,0,0,0,33,0,hello?,OK
2026-09-29,14:44:17,27,214,50,354,0,0,-1,0,0,0,33,0,hello?,OK
2026-09-29,14:44:18,27,211,50,356,0,0,-1,0,0,0,33,0,hello?,OK
2026-09-29,14:44:19,27,219,50,355,1,0,-1,0,0,0,33,0,hello?,OK
2026-09-29,14:44:20,27,211,50,359,0,0,-1,0,0,0,33,0,hello?,OK
2026-09-29,14:44:21,27,212,50,359,0,0,-1,0,0,0,33,0,hello?,OK
2026-09-29,14:44:22,27,211,50,361,0,0,-1,0,0,0,33,0,hello?,OK
2026-09-29,14:44:23,27,212,50,360,0,0,-1,0,0,0,33,0,hello?,OK
2026-09-29,14:44:24,27,212,50,362,0,0,-1,0,0,0,33,0,hello?,OK
2026-09-29,14:44:25,27,211,50,362,0,0,-1,0,0,0,33,0,hello?,OK
2026-09-29,14:44:26,27,211,50,365,0,0,-1,0,0,0,33,0,hello?,OK
2026-09-29,14:44:27,28,213,50,365,0,0,-1,0,0,0,33,0,hello?,OK
2026-09-29,14:44:28,28,212,50,365,0,0,-1,0,0,0,33,0,hello?,OK
2026-09-29,14:44:29,27,211,50,368,0,0,-1,0,0,0,33,0,hello?,OK
2026-09-29,14:44:30,27,211,50,371,0,0,-1,0,0,0,33,0,hello?,OK
2026-09-29,14:44:31,28,211,50,372,0,0,-1,0,0,0,33,0,hello?,OK
2026-09-29,14:44:32,28,218,50,369,1,0,-1,0,0,0,33,0,hello?,OK
2026-09-29,14:44:33,27,211,50,376,0,0,-1,0,0,0,33,0,hello?,OK
2026-09-29,14:44:34,27,211,50,375,0,0,-1,0,0,0,33,0,hello?,OK
2026-09-29,14:44:35,27,217,50,373,1,0,-1,0,0,0,33,0,hello?,OK
2026-09-29,14:44:36,27,213,50,375,0,0,-1,0,0,0,33,0,hello?,OK
2026-09-29,14:44:37,28,211,50,378,0,0,-1,0,0,0,33,0,hello?,OK
2026-09-29,14:44:38,28,211,50,382,0,0,-1,0,0,0,33,0,hello?,OK
2026-09-29,14:44:39,27,212,50,383,0,0,-1,0,0,0,33,0,hello?,OK
2026-09-29,14:44:40,27,211,50,384,0,0,-1,0,0,0,33,0,hello?,OK
2026-09-29,14:44:41,28,218,50,382,1,0,-1,0,0,0,33,0,hello?,OK
2026-09-29,14:44:42,28,211,50,387,0,0,-1,0,0,0,33,0,hello?,OK
2026-09-29,14:44:43,27,216,50,383,0,0,-1,0,0,0,33,0,hello?,OK
2026-09-29,14:44:44,27,217,50,385,1,0,-1,0,0,0,33,0,hello?,OK
2026-09-29,14:44:45,27,210,50,390,0,0,-1,0,0,0,33,0,hello?,OK
2026-09-29,14:44:46,27,214,50,390,0,0,-1,0,0,0,33,0,hello?,OK
2026-09-29,14:44:47,28,216,50,391,0,0,-1,0,0,0,33,0,hello?,OK
2026-09-29,14:44:48,28,217,50,390,1,0,-1,0,0,0,33,0,hello?,OK
2026-09-29,14:44:49,27,214,50,392,0,0,-1,0,0,0,33,0,hello?,OK
2026-09-29,14:44:50,27,211,50,394,0,0,-1,0,0,0,33,0,hello?,OK
2026-09-29,14:44:51,27,213,50,393,0,0,-1,0,0,0,33,0,hello?,OK
2026-09-29,14:44:52,27,217,50,394,1,0,-1,0,0,0,33,0,hello?,OK
2026-09-29,14:44:53,27,211,50,397,0,0,-1,0,0,0,33,0,hello?,OK
2026-09-29,14:44:54,27,216,50,396,0,0,-1,0,0,0,33,0,hello?,OK
2026-09-29,14:44:55,27,212,50,395,0,0,-1,0,0,0,33,0,hello?,OK
2026-09-29,14:44:56,27,215,50,397,1,0,-1,0,0,0,33,0,hello?,OK
2026-09-29,14:44:57,27,212,50,399,0,0,-1,0,0,0,33,0,hello?,OK
2026-09-29,14:44:58,27,212,50,403,0,0,-1,0,0,0,33,0,hello?,OK
2026-09-29,14:44:59,27,210,50,406,0,0,-1,0,0,0,33,0,hello?,OK
2026-09-29,14:45:00,27,215,50,402,0,0,-1,0,0,0,33,0,hello?,OK
2026-09-29,14:45:01,27,218,51,405,1,0,-1,0,0,0,33,0,hello?,OK
2026-09-29,14:45:02,27,217,51,402,1,0,-1,0,0,0,33,0,hello?,OK
2026-09-29,14:45:03,28,218,50,401,1,0,-1,0,0,0,33,0,hello?,OK
2026-09-29,14:45:04,28,216,50,400,1,0,-1,0,0,0,33,0,hello?,OK
2026-09-29,14:45:05,27,210,50,405,0,0,-1,0,0,0,33,0,hello?,OK
2026-09-29,14:45:06,27,212,50,402,0,0,-1,0,0,0,33,0,hello?,OK
2026-09-29,14:45:07,27,211,50,407,0,0,-1,0,0,0,33,0,hello?,OK
2026-09-29,14:45:08,27,210,50,405,0,0,-1,0,0,0,33,0,hello?,OK
2026-09-29,14:45:09,27,210,50,409,0,0,-1,0,0,0,33,0,hello?,OK
2026-09-29,14:45:10,27,214,50,408,0,0,-1,0,0,0,33,0,hello?,OK
2026-09-29,14:45:11,27,210,50,407,0,0,-1,0,0,0,33,0,hello?,OK
2026-09-29,14:45:12,27,210,50,407,0,0,-1,0,0,0,33,0,hello?,OK
2026-09-29,14:45:13,27,210,50,407,0,0,-1,0,0,0,33,0,hello?,OK
2026-09-29,14:45:14,27,213,50,409,0,0,-1,0,0,0,33,0,hello?,OK
2026-09-29,14:45:15,27,211,50,409,0,0,-1,0,0,0,33,0,hello?,OK
2026-09-29,14:45:16,27,210,50,410,0,0,-1,0,0,0,33,0,hello?,OK
2026-09-29,14:45:17,27,217,50,408,1,0,-1,0,0,0,33,0,hello?,OK
2026-09-29,14:45:18,27,210,50,411,0,0,-1,0,0,0,33,0,hello?,OK
2026-09-29,14:45:19,28,209,50,412,0,0,-1,0,0,0,33,0,hello?,OK
2026-09-29,14:45:20,28,212,50,409,0,0,-1,0,0,0,33,0,hello?,OK
2026-09-29,14:45:21,27,210,50,413,0,0,-1,0,0,0,33,0,hello?,OK
2026-09-29,14:45:22,27,213,50,411,0,0,-1,0,0,0,33,0,hello?,OK
2026-09-29,14:45:23,27,217,50,409,1,0,-1,0,0,0,33,0,hello?,OK
2026-09-29,14:45:24,27,218,50,410,1,0,-1,0,0,0,33,0,hello?,OK
2026-09-29,14:45:25,27,211,50,411,0,0,-1,0,0,0,33,0,hello?,OK
2026-09-29,14:45:26,27,210,50,411,0,0,-1,0,0,0,33,0,hello?,OK
2026-09-29,14:45:27,28,210,50,412,0,0,-1,0,0,0,33,0,hello?,OK
2026-09-29,14:45:28,28,213,50,411,0,0,-1,0,0,0,33,0,hello?,OK
2026-09-29,14:45:29,27,210,50,415,0,0,-1,0,0,0,33,0,hello?,OK
2026-09-29,14:45:30,27,209,50,415,0,0,-1,0,0,0,33,0,hello?,OK
2026-09-29,14:45:31,27,210,50,417,0,0,-1,0,0,0,33,0,hello?,OK
2026-09-29,14:45:32,27,210,50,415,0,0,-1,0,0,0,33,0,hello?,OK
2026-09-29,14:45:33,27,212,50,413,0,0,-1,0,0,0,33,0,hello?,OK
2026-09-29,14:45:34,27,217,50,413,0,0,-1,0,0,0,33,0,hello?,OK
2026-09-29,14:45:35,27,214,50,413,0,0,-1,0,0,0,33,0,hello?,OK
2026-09-29,14:45:36,27,209,50,416,0,0,-1,0,0,0,33,0,hello?,OK
2026-09-29,14:45:37,28,210,50,415,0,0,-1,0,0,0,33,0,hello?,OK
2026-09-29,14:45:38,28,210,50,412,0,0,-1,0,0,0,33,0,hello?,OK
2026-09-29,14:45:39,28,215,50,413,0,0,-1,0,0,0,33,0,hello?,OK
2026-09-29,14:45:40,28,216,50,414,0,0,-1,0,0,0,33,0,hello?,OK
2026-09-29,14:45:41,28,209,50,417,0,0,-1,0,0,0,33,0,hello?,OK
2026-09-29,14:45:42,27,215,50,414,0,0,-1,0,0,0,33,0,hello?,OK
2026-09-29,14:45:43,27,210,50,419,0,0,-1,0,0,0,33,0,hello?,OK
2026-09-29,14:45:44,28,217,50,412,1,0,-1,0,0,0,33,0,hello?,OK
2026-09-29,14:45:45,28,212,50,417,0,0,-1,0,0,0,33,0,hello?,OK
2026-09-29,14:45:46,27,215,50,415,0,0,-1,0,0,0,33,0,hello?,OK
2026-09-29,14:45:47,27,212,50,415,0,0,-1,0,0,0,33,0,hello?,OK
2026-09-29,14:45:48,27,210,50,419,0,0,-1,0,0,0,33,0,hello?,OK
2026-09-29,14:45:49,27,213,50,414,1,0,-1,0,0,0,33,0,hello?,OK
2026-09-29,14:45:50,28,212,50,418,0,0,-1,0,0,0,33,0,hello?,OK
2026-09-29,14:45:51,28,212,50,420,0,0,-1,0,0,0,33,0,hello?,OK
2026-09-29,14:45:52,27,213,50,417,0,0,-1,0,0,0,33,0,hello?,OK
2026-09-29,14:45:53,27,211,50,417,0,0,-1,0,0,0,33,0,hello?,OK
2026-09-29,14:45:54,27,209,50,420,0,0,-1,0,0,0,33,0,hello?,OK
2026-09-29,14:45:55,27,215,50,415,1,0,-1,0,0,0,33,0,hello?,OK
2026-09-29,14:45:56,27,217,50,416,1,0,-1,0,0,0,33,0,hello?,OK
2026-09-29,14:45:57,27,210,50,421,0,0,-1,0,0,0,33,0,hello?,OK
2026-09-29,14:45:58,27,213,51,419,0,0,-1,0,0,0,33,0,hello?,OK
2026-09-29,14:45:59,27,218,51,416,1,0,-1,0,0,0,33,0,hello?,OK
2026-09-29,14:46:00,27,214,50,416,1,0,-1,0,0,0,33,0,hello?,OK
2026-09-29,14:46:01,27,209,50,418,0,0,-1,0,0,0,33,0,hello?,OK
2026-09-29,14:46:02,27,211,50,418,0,0,-1,0,0,0,33,0,hello?,OK
2026-09-29,14:46:03,27,216,50,419,1,0,-1,0,0,0,33,0,hello?,OK
2026-09-29,14:46:04,27,209,50,420,0,0,-1,0,0,0,33,0,hello?,OK
2026-09-29,14:46:05,27,209,50,420,0,0,-1,0,0,0,33,0,hello?,OK
2026-09-29,14:46:06,28,210,50,419,0,0,-1,0,0,0,33,0,hello?,OK
2026-09-29,14:46:07,28,209,50,416,0,0,-1,0,0,0,33,0,hello?,OK
2026-09-29,14:46:08,27,209,50,421,0,0,-1,0,0,0,33,0,hello?,OK
2026-09-29,14:46:09,27,212,50,417,0,0,-1,0,0,0,33,0,hello?,OK
2026-09-29,14:46:10,27,215,50,418,0,0,-1,0,0,0,33,0,hello?,OK
2026-09-29,14:46:11,27,209,50,421,0,0,-1,0,0,0,33,0,hello?,OK
2026-09-29,14:46:12,27,210,50,418,0,0,-1,0,0,0,33,0,hello?,OK
2026-09-29,14:46:13,27,217,50,416,0,0,-1,0,0,0,33,0,hello?,OK
2026-09-29,14:46:14,27,210,51,417,0,0,-1,0,0,0,33,0,hello?,OK
2026-09-29,14:46:15,27,212,51,421,0,0,-1,0,0,0,33,0,hello?,OK
2026-09-29,14:46:16,28,216,50,416,1,0,-1,0,0,0,33,0,hello?,OK
2026-09-29,14:46:17,28,209,50,420,0,0,-1,0,0,0,33,0,hello?,OK
2026-09-29,14:46:18,28,216,50,415,1,0,-1,0,0,0,33,0,hello?,OK
2026-09-29,14:46:19,28,215,50,415,1,0,-1,0,0,0,33,0,hello?,OK
2026-09-29,14:46:20,27,209,50,420,0,0,-1,0,0,0,33,0,hello?,OK
2026-09-29,14:46:21,27,209,50,419,0,0,-1,0,0,0,33,0,hello?,OK
2026-09-29,14:46:22,27,215,50,417,1,0,-1,0,0,0,33,0,hello?,OK
2026-09-29,14:46:23,27,213,50,417,1,0,-1,0,0,0,33,0,hello?,OK
2026-09-29,14:46:24,27,209,50,420,0,0,-1,0,0,0,33,0,hello?,OK
2026-09-29,14:46:25,27,212,50,417,0,0,-1,0,0,0,33,0,hello?,OK
2026-09-29,14:46:26,27,209,50,421,0,0,-1,0,0,0,33,0,hello?,OK
2026-09-29,14:46:27,27,210,50,423,0,0,-1,0,0,0,33,0,hello?,OK
2026-09-29,14:46:28,27,209,50,418,0,0,-1,0,0,0,33,0,hello?,OK
2026-09-29,14:46:29,27,209,50,420,0,0,-1,0,0,0,33,0,hello?,OK
2026-09-29,14:46:30,27,214,50,418,1,0,-1,0,0,0,33,0,hello?,OK
2026-09-29,14:46:31,27,209,50,419,0,0,-1,0,0,0,33,0,hello?,OK
2026-09-29,14:46:32,28,209,50,421,0,0,-1,0,0,0,33,0,hello?,OK
2026-09-29,14:46:33,28,213,50,418,1,0,-1,0,0,0,33,0,hello?,OK
2026-09-29,14:46:34,27,214,50,417,1,0,-1,0,0,0,33,0,hello?,OK
2026-09-29,14:46:35,27,213,50,419,1,0,-1,0,0,0,33,0,hello?,OK
2026-09-29,14:46:36,27,208,50,421,0,0,-1,0,0,0,33,0,hello?,OK
2026-09-29,14:46:37,27,208,50,421,0,0,-1,0,0,0,33,0,hello?,OK
2026-09-29,14:46:38,28,216,50,421,1,0,-1,0,0,0,33,0,hello?,OK
2026-09-29,14:46:39,28,209,50,427,0,0,-1,0,0,0,33,0,hello?,OK
2026-09-29,14:46:40,27,210,50,428,0,0,-1,0,0,0,33,0,hello?,OK
2026-09-29,14:46:41,27,209,50,428,0,0,-1,0,0,0,33,0,hello?,OK
2026-09-29,14:46:42,28,210,50,430,0,0,-1,0,0,0,33,0,hello?,OK
2026-09-29,14:46:43,28,215,50,430,0,0,-1,0,0,0,33,0,hello?,OK
2026-09-29,14:46:44,27,210,50,437,0,0,-1,0,0,0,33,0,hello?,OK
2026-09-29,14:46:45,27,209,50,439,0,0,-1,0,0,0,33,0,hello?,OK
2026-09-29,14:46:46,27,209,50,441,0,0,-1,0,0,0,33,0,hello?,OK
2026-09-29,14:46:47,27,209,50,441,0,0,-1,0,0,0,33,0,hello?,OK
2026-09-29,14:46:48,27,211,50,445,0,0,-1,0,0,0,33,0,hello?,OK
2026-09-29,14:46:49,27,209,50,446,0,0,-1,0,0,0,33,0,hello?,OK
2026-09-29,14:46:50,27,210,50,451,0,0,-1,0,0,0,33,0,hello?,OK
2026-09-29,14:46:51,27,212,50,451,1,0,-1,0,0,0,33,0,hello?,OK
2026-09-29,14:46:52,27,211,50,454,0,0,-1,0,0,0,33,0,hello?,OK
2026-09-29,14:46:53,27,216,50,456,1,0,-1,0,0,0,33,0,hello?,OK
2026-09-29,14:46:54,27,210,50,457,0,0,-1,0,0,0,33,0,hello?,OK
2026-09-29,14:46:55,27,213,50,457,1,0,-1,0,0,0,33,0,hello?,OK
2026-09-29,14:46:56,28,211,50,456,0,0,-1,0,0,0,33,0,hello?,OK
2026-09-29,14:46:57,28,208,50,461,0,0,-1,0,0,0,33,0,hello?,OK
2026-09-29,14:46:58,27,208,50,459,0,0,-1,0,0,0,33,0,hello?,OK
2026-09-29,14:46:59,27,211,50,457,0,0,-1,0,0,0,33,0,hello?,OK
2026-09-29,14:47:00,27,215,50,459,0,0,-1,0,0,0,33,0,hello?,OK
2026-09-29,14:47:01,27,210,50,456,0,0,-1,0,0,0,33,0,hello?,OK
2026-09-29,14:47:02,28,216,50,456,2,0,-1,0,0,0,33,0,hello?,OK
2026-09-29,14:47:03,28,212,50,458,0,0,-1,0,0,0,33,0,hello?,OK
2026-09-29,14:47:04,27,209,50,459,0,0,-1,0,0,0,33,0,hello?,OK
2026-09-29,14:47:05,27,210,50,458,0,0,-1,0,0,0,33,0,hello?,OK
2026-09-29,14:47:06,27,208,50,462,0,0,-1,0,0,0,33,0,hello?,OK
2026-09-29,14:47:07,27,209,50,458,0,0,-1,0,0,0,33,0,hello?,OK
2026-09-29,14:47:08,27,209,50,459,0,0,-1,0,0,0,33,0,hello?,OK
2026-09-29,14:47:09,28,209,50,459,0,0,-1,0,0,0,33,0,hello?,OK
2026-09-29,14:47:10,28,208,50,459,0,0,-1,0,0,0,33,0,hello?,OK
2026-09-29,14:47:11,27,215,50,451,0,0,-1,0,0,0,33,0,hello?,OK
2026-09-29,14:47:12,27,210,50,453,0,0,-1,0,0,0,33,0,hello?,OK
2026-09-29,14:47:13,27,215,50,450,0,0,-1,0,0,0,33,0,hello?,OK
2026-09-29,14:47:14,27,209,50,452,0,0,-1,0,0,0,33,0,hello?,OK
2026-09-29,14:47:15,27,213,50,450,0,0,-1,0,0,0,33,0,hello?,OK
2026-09-29,14:47:16,27,211,50,451,0,0,-1,0,0,0,33,0,hello?,OK
2026-09-29,14:47:17,27,213,50,449,1,0,-1,0,0,0,33,0,hello?,OK
2026-09-29,14:47:18,27,215,50,450,1,0,-1,0,0,0,33,0,hello?,OK
2026-09-29,14:47:19,27,209,50,454,0,0,-1,0,0,0,33,0,hello?,OK
2026-09-29,14:47:20,27,208,50,450,0,0,-1,0,0,0,33,0,hello?,OK
2026-09-29,14:47:21,27,209,50,451,0,0,-1,0,0,0,33,0,hello?,OK
2026-09-29,14:47:22,27,209,50,452,0,0,-1,0,0,0,33,0,hello?,OK
2026-09-29,14:47:23,28,208,50,447,0,0,-1,0,0,0,33,0,hello?,OK
2026-09-29,14:47:24,28,212,50,446,0,0,-1,0,0,0,33,0,hello?,OK
2026-09-29,14:47:25,27,215,50,444,0,0,-1,0,0,0,33,0,hello?,OK
2026-09-29,14:47:26,27,214,50,445,1,0,-1,0,0,0,33,0,hello?,OK
2026-09-29,14:47:27,27,213,50,444,1,0,-1,0,0,0,33,0,hello?,OK
2026-09-29,14:47:28,27,209,50,445,0,0,-1,0,0,0,33,0,hello?,OK
2026-09-29,14:47:29,27,209,51,443,0,0,-1,0,0,0,33,0,hello?,OK
2026-09-29,14:47:30,27,214,51,441,1,0,-1,0,0,0,33,0,hello?,OK
2026-09-29,14:47:31,27,209,51,442,0,0,-1,0,0,0,33,0,hello?,OK
2026-09-29,14:47:32,27,208,51,443,0,0,-1,0,0,0,33,0,hello?,OK
2026-09-29,14:47:33,27,209,50,440,0,0,-1,0,0,0,33,0,hello?,OK
2026-09-29,14:47:34,27,208,50,443,0,0,-1,0,0,0,33,0,hello?,OK
2026-09-29,14:47:35,27,209,50,441,0,0,-1,0,0,0,33,0,hello?,OK
2026-09-29,14:47:36,27,214,50,439,1,0,-1,0,0,0,33,0,hello?,OK
2026-09-29,14:47:37,27,208,50,442,0,0,-1,0,0,0,33,0,hello?,OK
2026-09-29,14:47:38,27,208,50,443,0,0,-1,0,0,0,33,0,hello?,OK
2026-09-29,14:47:39,27,209,50,437,0,0,-1,0,0,0,33,0,hello?,OK
2026-09-29,14:47:40,27,209,50,438,0,0,-1,0,0,0,33,0,hello?,OK
2026-09-29,14:47:41,28,208,50,438,0,0,-1,0,0,0,33,0,hello?,OK
2026-09-29,14:47:42,28,210,50,433,0,0,-1,0,0,0,33,0,hello?,OK
2026-09-29,14:47:43,27,215,50,430,1,0,-1,0,0,0,33,0,hello?,OK
2026-09-29,14:47:44,27,208,50,434,0,0,-1,0,0,0,33,0,hello?,OK
2026-09-29,14:47:45,27,210,51,429,0,0,-1,0,0,0,33,0,hello?,OK
2026-09-29,14:47:46,27,209,51,428,0,0,-1,0,0,0,33,0,hello?,OK
2026-09-29,14:47:47,27,210,51,428,0,0,-1,0,0,0,33,0,hello?,OK
2026-09-29,14:47:48,27,214,51,424,0,0,-1,0,0,0,33,0,hello?,OK
2026-09-29,14:47:49,27,208,50,420,0,0,-1,0,0,0,33,0,hello?,OK
2026-09-29,14:47:50,27,212,50,417,0,0,-1,0,0,0,33,0,hello?,OK
2026-09-29,14:47:51,27,213,51,409,0,0,-1,0,0,0,33,0,hello?,OK
2026-09-29,14:47:52,27,213,51,405,1,0,-1,0,0,0,33,0,hello?,OK
2026-09-29,14:47:53,27,208,51,406,0,0,-1,0,0,0,33,0,hello?,OK
2026-09-29,14:47:54,27,208,51,405,0,0,-1,0,0,0,33,0,hello?,OK
2026-09-29,14:47:55,27,213,51,403,0,0,-1,0,0,0,33,0,hello?,OK
2026-09-29,14:47:56,27,208,51,404,0,0,-1,0,0,0,33,0,hello?,OK
2026-09-29,14:47:57,27,209,50,402,0,0,-1,0,0,0,33,0,hello?,OK
2026-09-29,14:47:58,27,213,50,399,1,0,-1,0,0,0,33,0,hello?,OK
2026-09-29,14:47:59,27,208,51,402,0,0,-1,0,0,0,33,0,hello?,OK
2026-09-29,14:48:00,27,214,51,402,1,0,-1,0,0,0,33,0,hello?,OK
2026-09-29,14:48:01,27,209,51,402,1,0,-1,0,0,0,33,0,hello?,OK
2026-09-29,14:48:02,27,213,51,405,0,0,-1,0,0,0,33,0,hello?,OK
2026-09-29,14:48:03,27,207,51,413,0,0,-1,0,0,0,33,0,hello?,OK
2026-09-29,14:48:04,27,215,51,412,2,0,-1,0,0,0,33,0,hello?,OK
2026-09-29,14:48:05,28,207,50,704,0,0,-1,0,0,0,33,0,hello?,OK
2026-09-29,14:48:06,28,215,50,509,1,0,-1,0,0,0,33,0,hello?,OK
2026-09-29,14:48:07,28,214,50,729,1,0,-1,0,0,0,33,0,hello?,OK
2026-09-29,14:48:08,28,208,50,721,0,0,-1,0,0,0,33,0,hello?,OK
2026-09-29,14:48:09,28,215,50,751,1,0,-1,0,0,0,33,0,hello?,OK
2026-09-29,14:48:10,28,210,50,779,0,0,-1,0,0,0,33,0,hello?,OK
2026-09-29,14:48:11,27,208,51,800,0,0,-1,0,0,0,33,0,hello?,OK
2026-09-29,14:48:12,27,214,51,445,1,0,-1,0,0,0,33,0,hello?,OK
2026-09-29,14:48:13,28,216,50,542,2,0,-1,0,0,0,33,0,hello?,OK
2026-09-29,14:48:14,28,209,50,935,0,0,-1,0,0,0,33,0,hello?,OK
2026-09-29,14:48:15,27,216,50,923,3,0,-1,0,0,0,33,0,hello?,OK
2026-09-29,14:48:16,27,209,50,920,1,0,-1,0,0,0,33,0,hello?,OK
2026-09-29,14:48:17,28,217,50,911,3,0,-1,0,0,0,33,0,hello?,OK
2026-09-29,14:48:18,28,210,50,423,0,0,-1,0,0,0,33,0,hello?,OK
2026-09-29,14:48:19,27,213,51,416,2,0,-1,0,0,0,33,0,hello?,OK
2026-09-29,14:48:20,27,215,51,420,2,0,-1,0,0,0,33,0,hello?,OK
2026-09-29,14:48:21,28,209,50,421,1,0,-1,0,0,0,33,0,hello?,OK
2026-09-29,14:48:22,28,211,50,418,2,0,-1,0,1,0,33,0,hello?,OK
2026-09-29,14:48:23,28,212,50,407,0,0,-1,0,1,0,33,0,hello?,OK
2026-09-29,14:48:24,28,210,50,419,0,0,-1,0,0,0,33,0,hello?,OK
2026-09-29,14:48:25,28,210,50,416,1,0,-1,0,0,0,33,0,hello?,OK
2026-09-29,14:48:26,28,209,50,415,1,0,-1,0,0,0,33,0,hello?,OK
2026-09-29,14:48:27,28,210,50,416,0,0,-1,0,0,0,33,0,hello?,OK
2026-09-29,14:48:28,28,209,50,418,0,0,-1,0,0,0,33,0,hello?,OK
2026-09-29,14:48:29,28,216,50,413,3,0,-1,0,0,0,33,0,hello?,OK
2026-09-29,14:48:30,28,209,50,415,0,0,-1,0,0,0,33,0,hello?,OK
2026-09-29,14:48:31,27,212,51,409,2,0,-1,0,0,0,33,0,hello?,OK
2026-09-29,14:48:32,27,211,51,412,1,0,-1,0,0,0,33,0,hello?,OK
2026-09-29,14:48:33,27,216,50,407,3,0,-1,0,0,0,33,0,hello?,OK
2026-09-29,14:48:34,27,210,50,410,0,0,-1,0,0,0,33,0,hello?,OK
2026-09-29,14:48:35,27,216,51,400,3,0,-1,0,0,0,33,0,hello?,OK
2026-09-29,14:48:36,27,218,51,399,3,0,-1,0,0,0,33,0,hello?,OK
2026-09-29,14:48:37,27,210,51,402,0,0,-1,0,0,0,33,0,hello?,OK
2026-09-29,14:48:38,28,217,50,393,3,0,-1,0,0,0,33,0,Fuck,OK
2026-09-29,14:48:39,28,210,50,397,0,0,-1,0,0,0,33,0,Fuck,OK
2026-09-29,14:48:40,27,215,50,394,2,0,-1,0,0,0,33,0,Fuck,OK
2026-09-29,14:48:41,27,210,50,399,0,0,-1,0,0,0,33,0,Fuck,OK
2026-09-29,14:48:42,27,209,50,397,1,0,-1,0,0,0,33,0,Fuck,OK
2026-09-29,14:48:43,27,209,50,397,0,0,-1,0,0,0,33,0,Fuck,OK
2026-09-29,14:48:44,28,216,50,395,3,0,-1,0,0,0,33,0,Fuck,OK
2026-09-29,14:48:45,28,214,50,393,2,0,-1,0,0,0,33,0,Fuck,OK
2026-09-29,14:48:46,28,212,50,393,2,0,-1,0,0,0,33,0,Fuck,OK
2026-09-29,14:48:47,28,215,50,396,2,0,-1,0,0,0,33,0,Fuck,OK
2026-09-29,14:48:48,27,209,50,396,2,0,-1,0,0,0,33,0,Fuck,OK
2026-09-29,14:48:49,27,209,50,400,0,0,-1,0,0,0,33,0,Fuck,OK
2026-09-29,14:48:50,27,215,51,397,3,0,-1,0,0,0,33,0,Fuck,OK
2026-09-29,14:48:51,27,217,51,398,3,0,-1,0,0,0,33,0,Home Sweat Home,OK
2026-09-29,14:48:52,27,210,51,401,1,0,-1,0,0,0,33,0,Home Sweat Home,OK
2026-09-29,14:48:53,27,210,51,398,1,0,-1,0,0,0,33,0,Home Sweat Home,OK
2026-09-29,14:48:54,27,209,51,400,0,0,-1,0,0,0,33,0,Home Sweat Home,OK
2026-09-29,14:48:55,27,216,51,392,3,0,-1,0,0,0,33,0,Home Sweat Home,OK
2026-09-29,14:48:56,27,209,51,392,0,0,-1,0,0,0,33,0,Home Sweat Home,OK
2026-09-29,14:48:57,27,210,51,390,0,0,-1,0,0,0,33,0,Home Sweat Home,OK
2026-09-29,14:48:58,27,210,50,386,1,0,-1,0,0,0,33,0,Home Sweat Home,OK
2026-09-29,14:48:59,27,217,50,378,3,0,-1,0,0,0,33,0,Home Sweat Home,OK
2026-09-29,14:49:00,27,210,51,381,0,0,-1,0,0,0,33,0,Home Sweat \nHome,OK
2026-09-29,14:49:01,27,210,51,380,1,0,-1,0,0,0,33,0,Home Sweat \nHome,OK
2026-09-29,14:49:02,27,209,51,379,1,0,-1,0,0,0,33,0,Home Sweat \nHome,OK
2026-09-29,14:49:03,27,216,51,376,3,0,-1,0,0,0,33,0,Home Sweat \nHome,OK
2026-09-29,14:49:04,27,210,51,381,1,0,-1,0,0,0,33,0,Home Sweat \nHome,OK
2026-09-29,14:49:05,27,215,51,375,3,0,-1,0,0,0,33,0,Home Sweat \nHome,OK
2026-09-29,14:49:06,28,209,51,379,0,0,-1,0,0,0,33,0,Home Sweat \nHome,OK
2026-09-29,14:49:07,28,216,51,378,3,0,-1,0,0,0,33,0,Home Sweat \nHome,OK
2026-09-29,14:49:08,28,215,51,378,2,0,-1,0,0,0,33,0,Home Sweat \nHome,OK
2026-09-29,14:49:09,28,214,51,374,2,0,-1,0,0,0,33,0,Home Sweat \nHome,OK
2026-09-29,14:49:10,27,211,51,380,2,0,-1,0,0,0,33,0,Home Sweat \nHome,OK
2026-09-29,14:49:11,27,217,51,376,3,0,-1,0,0,0,33,0,Home Sweat \nHome,OK
2026-09-29,14:49:12,27,216,51,376,3,0,-1,0,0,0,33,0,Home Sweat \nHome,OK
2026-09-29,14:49:13,27,210,51,375,2,0,-1,0,0,0,33,0,Home Sweat \nHome,OK
2026-09-29,14:49:14,27,211,51,377,2,0,-1,0,0,0,33,0,Home Sweat \nHome,OK
2026-09-29,14:49:15,27,211,51,377,2,0,-1,0,0,0,33,0,Home Sweat \nHome,OK
2026-09-29,14:49:16,27,209,51,381,0,0,-1,0,0,0,33,0,Home Sweat \nHome,OK
2026-09-29,14:49:17,27,210,51,381,1,0,-1,0,0,0,33,0,Home Sweat           Home,OK
2026-09-29,14:49:18,27,209,51,379,1,0,-1,0,0,0,33,0,Home Sweat           Home,OK
2026-09-29,14:49:19,27,210,51,382,0,0,-1,0,0,0,33,0,Home Sweat           Home,OK
2026-09-29,14:49:20,27,215,51,379,3,0,-1,0,0,0,33,0,Home Sweat           Home,OK
2026-09-29,14:49:21,27,209,51,378,2,0,-1,0,0,0,33,0,Home Sweat           Home,OK
2026-09-29,14:49:22,27,209,51,379,0,0,-1,0,0,0,33,0,Home Sweat           Home,OK
2026-09-29,14:49:23,27,209,51,380,1,0,-1,0,0,0,33,0,Home Sweat           Home,OK
2026-09-29,14:49:24,27,210,51,380,0,0,-1,0,0,0,33,0,Home Sweat           Home,OK
2026-09-29,14:49:25,27,216,51,375,3,0,-1,0,0,0,33,0,Home Sweat           Home,OK
2026-09-29,14:49:26,27,210,51,378,0,0,-1,0,0,0,33,0,Home Sweat           Home,OK
2026-09-29,14:49:27,28,209,51,379,1,0,-1,0,0,0,33,0,Home Sweat           Home,OK
2026-09-29,14:49:28,28,211,51,377,2,0,-1,0,0,0,33,0,Home Sweat           Home,OK
2026-09-29,14:49:29,27,211,51,379,1,0,-1,0,0,0,33,0,Home Sweat           Home,OK
2026-09-29,14:49:30,27,209,51,381,1,0,-1,0,0,0,33,0,Home Sweat         Home,OK
2026-09-29,14:49:31,28,214,50,377,2,0,-1,0,0,0,33,0,Home Sweat         Home,OK
2026-09-29,14:49:32,28,218,50,377,3,0,-1,0,0,0,33,0,Home Sweat         Home,OK
2026-09-29,14:49:33,27,209,51,380,0,0,-1,0,0,0,33,0,Home Sweat         Home,OK
2026-09-29,14:49:34,27,209,51,382,1,0,-1,0,0,0,33,0,Home Sweat         Home,OK
2026-09-29,14:49:35,27,209,51,380,1,0,-1,0,0,0,33,0,Home Sweat         Home,OK
2026-09-29,14:49:36,27,213,51,376,2,0,-1,0,0,0,33,0,Home Sweat         Home,OK
2026-09-29,14:49:37,27,215,51,376,3,0,-1,0,0,0,33,0,Home Sweat         Home,OK
2026-09-29,14:49:38,27,210,51,380,0,0,-1,0,0,0,33,0,Home Sweat         Home,OK
2026-09-29,14:49:39,28,210,50,379,2,0,-1,0,0,0,33,0,Home Sweat      Home,OK
2026-09-29,14:49:40,28,209,50,378,1,0,-1,0,0,0,33,0,Home Sweat      Home,OK
2026-09-29,14:49:41,27,210,51,378,2,0,-1,0,0,0,33,0,Home Sweat      Home,OK
2026-09-29,14:49:42,27,211,51,376,2,0,-1,0,0,0,33,0,Home Sweat      Home,OK
2026-09-29,14:49:43,27,212,51,377,2,0,-1,0,0,0,33,0,Home Sweat      Home,OK
2026-09-29,14:49:44,27,216,51,378,2,0,-1,0,0,0,33,0,Home Sweat      Home,OK
2026-09-29,14:49:45,27,209,51,379,1,0,-1,0,0,0,33,0,Home Sweat    Home,OK
2026-09-29,14:49:46,27,209,51,379,0,0,-1,0,0,0,33,0,Home Sweat    Home,OK
2026-09-29,14:49:47,27,214,51,378,2,0,-1,0,0,0,33,0,Home Sweat    Home,OK
2026-09-29,14:49:48,27,217,51,375,3,0,-1,0,0,0,33,0,Home Sweat    Home,OK
2026-09-29,14:49:49,28,211,50,380,1,0,-1,0,0,0,33,0,Home Sweat    Home,OK
2026-09-29,14:49:50,28,209,50,375,1,0,-1,0,0,0,33,0,Home Sweat    Home,OK
2026-09-29,14:49:51,28,212,51,376,3,0,-1,0,0,0,33,0,Home Sweat    Home,OK
2026-09-29,14:49:52,28,216,51,376,3,0,-1,0,0,0,33,0,Home Sweat Home,OK
2026-09-29,14:49:53,27,215,51,376,3,0,-1,0,0,0,33,0,Home Sweat Home,OK
2026-09-29,14:49:54,27,217,51,376,3,0,-1,0,0,0,33,0,Home Sweat Home,OK
2026-09-29,14:49:55,27,216,51,374,3,0,-1,0,0,0,33,0,Home Sweat Home,OK
2026-09-29,14:49:56,27,209,51,377,1,0,-1,0,0,0,33,0,Home Sweat Home,OK
2026-09-29,14:49:57,27,213,51,378,2,0,-1,0,0,0,33,0,Home Sweat Home,OK
2026-09-29,14:49:58,28,210,51,377,2,0,-1,0,0,0,33,0,Home Sweat Home,OK
2026-09-29,14:49:59,28,209,51,379,1,0,-1,0,0,0,33,0,Home Sweat Home,OK
2026-09-29,14:50:00,27,209,51,378,0,0,-1,0,0,0,33,0,Home Sweat Home,OK
2026-09-29,14:50:01,27,210,51,379,1,0,-1,0,0,0,33,0,Home Sweat Home,OK
2026-09-29,14:50:02,28,216,50,380,3,0,-1,0,0,0,33,0,Home Sweat Home,OK
2026-09-29,14:50:03,28,209,50,381,1,0,-1,0,0,0,33,0,Home Sweat Home,OK
2026-09-29,14:50:04,27,209,51,384,1,0,-1,0,0,0,33,0,Home Sweat Home,OK
2026-09-29,14:50:05,27,210,51,382,0,0,-1,0,0,0,33,0,Home Sweat Home,OK
2026-09-29,14:50:06,27,217,51,380,3,0,-1,0,0,0,33,0,Home Sweat Home,OK
2026-09-29,14:50:07,27,209,51,381,2,0,-1,0,0,0,33,0,Home Sweat Home,OK
2026-09-29,14:50:08,27,215,51,379,3,0,-1,0,0,0,33,0,Home Sweat Home,OK
2026-09-29,14:50:09,27,210,51,380,2,0,-1,0,0,0,33,0,Home Sweat Home,OK
2026-09-29,14:50:10,28,218,50,380,3,0,-1,0,0,0,33,0,Home Sweat Home,OK
2026-09-29,14:50:11,28,215,50,379,2,0,-1,0,0,0,33,0,Home Sweat Home,OK
2026-09-29,14:50:12,27,209,51,381,1,0,-1,0,0,0,33,0,Home Sweat   Home,OK
2026-09-29,14:50:13,27,210,51,382,1,0,-1,0,0,0,33,0,Home Sweat   Home,OK
2026-09-29,14:50:14,27,214,51,379,3,0,-1,0,0,0,33,0,Home Sweat   Home,OK
2026-09-29,14:50:15,27,211,51,379,1,0,-1,0,0,0,33,0,Home Sweat   Home,OK
2026-09-29,14:50:16,27,208,51,383,0,0,-1,0,0,0,33,0,Home Sweat   Home,OK
2026-09-29,14:50:17,27,209,51,383,1,0,-1,0,0,0,33,0,Home Sweat   Home,OK
2026-09-29,14:50:18,27,213,50,378,3,0,-1,0,0,0,33,0,Home Sweat   Home,OK
2026-09-29,14:50:19,27,215,50,378,3,0,-1,0,1,0,33,0,Home Sweat Home,OK
2026-09-29,14:50:20,27,178,51,365,0,0,-1,0,1,0,33,0,Home Sweat Home,OK
2026-09-29,14:50:21,27,217,51,379,3,0,-1,0,1,0,33,0,Home Sweat Home,OK
2026-09-29,14:50:22,27,208,51,383,1,0,-1,0,0,0,33,0,Home Sweat Home,OK
2026-09-29,14:50:23,27,212,51,380,3,0,-1,0,0,1,33,0,Home Sweat Home,OK
2026-09-29,14:50:24,28,211,51,386,0,0,-1,0,0,1,33,1,Home Sweat Home,OK
2026-09-29,14:50:25,28,217,51,382,4,0,-1,0,1,1,33,1,Home Sweat Home,OK
2026-09-29,14:50:26,27,214,51,388,2,0,-1,0,0,1,33,1,Home Sweat Home,OK
2026-09-29,14:50:27,27,219,51,387,4,0,-1,0,0,0,33,0,Home Sweat Home,OK
2026-09-29,14:50:28,27,216,51,381,2,0,-1,0,0,0,33,0,Home Sweat Home,OK
2026-09-29,14:50:29,27,210,51,385,0,0,-1,0,0,0,33,0,Home Sweat Home,OK
2026-09-29,14:50:30,27,208,51,381,2,0,-1,0,0,0,33,0,Home Sweat Home,OK
2026-09-29,14:50:31,28,213,51,381,2,0,-1,0,1,0,33,0,Home Sweat Home,OK
2026-09-29,14:50:32,28,216,51,381,2,0,-1,0,0,0,33,0,Home Sweat Home,OK
2026-09-29,14:50:33,28,215,50,381,3,0,-1,0,0,0,33,0,Home Sweat Home,OK
2026-09-29,14:50:34,28,209,50,384,1,0,-1,0,0,0,33,0,Home Sweat Home,OK
2026-09-29,14:50:35,28,214,51,380,3,0,-1,0,1,0,33,0,Home Sweat Home,OK
2026-09-29,14:50:36,28,216,51,379,2,0,-1,0,1,0,33,0,Home Sweat Home,OK
2026-09-29,14:50:37,27,209,51,383,1,0,-1,0,0,0,33,0,Home Sweat Home,OK
2026-09-29,14:50:38,27,216,51,380,3,0,-1,0,0,0,43,0,Home Sweat Home,OK
2026-09-29,14:50:39,27,214,51,381,2,0,-1,0,0,0,43,0,Home Sweat Home,OK
2026-09-29,14:50:40,27,209,51,385,0,0,-1,0,1,0,43,0,Home Sweat Home,OK
2026-09-29,14:50:41,27,208,50,380,2,0,-1,0,1,1,43,0,Home Sweat Home,OK
2026-09-29,14:50:42,27,211,50,386,1,0,-1,0,0,1,43,0,Home Sweat Home,OK
2026-09-29,14:50:43,28,217,51,384,3,0,-1,0,1,0,43,0,Home Sweat Home,OK
2026-09-29,14:50:44,28,210,51,382,2,0,-1,0,0,0,43,0,Home Sweat Home,OK
2026-09-29,14:50:45,27,209,51,382,1,0,-1,0,0,0,43,0,Home Sweat Home,OK
2026-09-29,14:50:46,27,212,51,385,2,0,-1,0,0,0,0,0,Home Sweat Home,OK
2026-09-29,14:50:47,28,216,50,381,3,0,-1,0,0,0,81,0,Home Sweat Home,OK
2026-09-29,14:50:48,28,212,50,381,2,0,-1,0,0,0,156,0,Home Sweat Home,OK
2026-09-29,14:50:49,28,209,50,386,0,0,-1,0,0,0,20,0,Home Sweat Home,OK
2026-09-29,14:50:50,28,209,50,386,0,0,-1,0,0,0,20,0,Home Sweat Home,OK
2026-09-29,14:50:51,28,209,50,386,0,0,-1,0,0,0,20,0,Home Sweat Home,OK
2026-09-29,14:50:52,28,209,50,386,0,0,-1,0,0,0,20,0,Home Sweat Home,OK
2026-09-29,14:50:53,28,209,50,386,0,0,-1,0,0,0,20,0,Home Sweat Home,OK
2026-09-29,14:50:54,28,209,50,386,0,0,-1,0,0,0,20,0,Home Sweat Home,OK
2026-09-29,14:50:55,28,209,50,386,0,0,-1,0,0,0,20,0,Home Sweat Home,OK
2026-09-29,14:50:56,27,202,45,376,0,0,-1,0,0,0,20,0,Home Sweat Home,OK
2026-09-29,14:50:57,27,206,45,379,0,0,-1,0,0,0,20,0,Home Sweat Home,OK
2026-09-29,14:50:58,27,204,50,379,0,0,-1,0,0,0,20,0,Home Sweat Home,OK
2026-09-29,14:50:59,27,206,50,377,0,0,-1,0,0,0,20,0,Home Sweat Home,OK
2026-09-29,14:51:00,28,206,50,379,0,0,-1,0,0,0,20,0,Home Sweat Home,OK
2026-09-29,14:51:01,28,212,50,378,0,0,-1,0,0,0,20,0,Home Sweat Home,OK
2026-09-29,14:51:02,27,207,51,381,0,0,-1,0,0,0,20,0,Home Sweat Home,OK
2026-09-29,14:51:03,27,209,51,381,0,0,-1,0,0,0,20,0,Home Sweat Home,OK
2026-09-29,14:51:04,27,210,51,380,0,0,-1,0,0,0,20,0,Home Sweat Home,OK
2026-09-29,14:51:05,27,216,51,377,2,0,-1,0,0,0,20,0,Home Sweat Home,OK
2026-09-29,14:51:06,28,214,50,378,1,0,-1,0,0,0,20,0,Home Sweat Home,OK
2026-09-29,14:51:07,28,209,50,382,0,0,-1,0,0,0,20,0,Home Sweat Home,OK
2026-09-29,14:51:08,27,209,51,385,0,0,-1,0,0,0,20,0,Home Sweat Home,OK
2026-09-29,14:51:09,27,214,51,379,1,0,-1,0,0,0,20,0,Home Sweat Home,OK
2026-09-29,14:51:10,28,213,51,378,1,0,-1,0,0,0,20,0,Home Sweat Home,OK
2026-09-29,14:51:11,28,212,51,382,0,0,-1,0,0,0,20,0,Home Sweat Home,OK
2026-09-29,14:51:12,27,216,52,379,1,0,-1,0,0,0,20,0,Home Sweat Home,OK
2026-09-29,14:51:13,27,211,52,384,0,0,-1,0,0,0,20,0,Home Sweat Home,OK
2026-09-29,14:51:14,27,208,52,384,0,0,-1,0,0,0,20,0,Home Sweat Home,OK
2026-09-29,14:51:15,27,209,52,387,0,0,-1,0,0,0,20,0,Home Sweat Home,OK
2026-09-29,14:51:16,27,208,54,386,0,0,-1,0,0,0,20,0,Home Sweat Home,OK
2026-09-29,14:51:17,27,213,54,383,1,0,-1,0,0,0,20,0,Home Sweat Home,OK
2026-09-29,14:51:18,28,215,55,385,1,0,-1,0,0,0,20,0,Home Sweat Home,OK
2026-09-29,14:51:19,28,212,55,386,0,0,-1,0,0,0,20,0,Home Sweat Home,OK
2026-09-29,14:51:20,28,208,54,386,0,0,-1,0,0,0,20,0,Home Sweat Home,OK
2026-09-29,14:51:21,28,208,54,389,0,0,-1,0,0,0,20,0,Home Sweat Home,OK
2026-09-29,14:51:22,27,210,55,385,0,0,-1,0,0,0,20,0,Home Sweat Home,OK
2026-09-29,14:51:23,27,208,55,387,0,0,-1,0,0,0,20,0,Home Sweat Home,OK
2026-09-29,14:51:24,27,210,55,388,0,0,-1,0,0,0,20,0,Home Sweat Home,OK
2026-09-29,14:51:25,27,214,55,384,0,0,-1,0,0,0,20,0,Home Sweat Home,OK
2026-09-29,14:51:26,27,213,55,384,1,0,-1,0,0,0,20,0,Home Sweat Home,OK
2026-09-29,14:51:27,27,214,55,384,1,0,-1,0,0,0,20,0,Home Sweat Home,OK
2026-09-29,14:51:28,27,207,55,384,1,0,-1,0,0,0,20,0,Home Sweat Home,OK
2026-09-29,14:51:29,27,207,55,389,0,0,-1,0,0,0,20,0,Home Sweat Home,OK
2026-09-29,14:51:30,27,212,55,388,1,0,-1,0,0,0,20,0,Home Sweat Home,OK
2026-09-29,14:51:31,27,210,55,388,0,0,-1,0,0,0,20,0,Home Sweat Home,OK
2026-09-29,14:51:32,27,214,55,386,1,0,-1,0,0,0,20,0,Home Sweat Home,OK
2026-09-29,14:51:33,28,207,54,388,0,0,-1,0,0,0,20,0,Home Sweat Home,OK
2026-09-29,14:51:34,28,210,54,388,1,0,-1,0,0,0,20,0,Home Sweat Home,OK
2026-09-29,14:51:35,28,207,54,392,0,0,-1,0,0,0,20,0,Home Sweat Home,OK
2026-09-29,14:51:36,28,207,54,388,0,0,-1,0,0,0,20,0,Home Sweat Home,OK
2026-09-29,14:51:37,28,209,53,388,0,0,-1,0,0,0,20,0,Home Sweat Home,OK
2026-09-29,14:51:38,28,207,53,392,0,0,-1,0,0,0,20,0,Home Sweat Home,OK
2026-09-29,14:51:39,27,207,54,392,0,0,-1,0,0,0,20,0,Home Sweat Home,OK
2026-09-29,14:51:40,27,206,54,391,0,0,-1,0,0,0,20,0,Home Sweat Home,OK
2026-09-29,14:51:41,27,217,53,393,0,0,-1,0,0,0,20,0,Home Sweat Home,OK
2026-09-29,14:51:42,27,217,53,392,0,0,-1,0,0,0,20,0,Home Sweat Home,OK
2026-09-29,14:51:43,27,217,53,391,0,0,8,0,0,0,20,0,Home Sweat Home,OK
2026-09-29,14:51:44,27,215,53,391,0,0,-1,0,0,0,20,0,Home Sweat Home,OK
2026-09-29,14:51:45,27,216,53,394,0,0,9,0,0,0,20,0,Home Sweat Home,OK
2026-09-29,14:51:46,27,213,53,394,0,0,-1,0,0,0,20,0,Home Sweat Home,OK
2026-09-29,14:51:47,27,210,53,396,0,0,-1,0,0,0,20,0,Home Sweat Home,OK
2026-09-29,14:51:48,27,210,53,399,0,0,-1,0,0,0,20,0,Home Sweat Home,OK
2026-09-29,14:51:49,28,217,53,394,0,0,-1,0,0,0,20,0,Home Sweat Home,OK
2026-09-29,14:51:50,28,212,53,400,0,0,-1,0,0,0,20,0,Home Sweat Home,OK
2026-09-29,14:51:51,28,213,53,396,0,0,-1,0,0,0,20,0,Home Sweat Home,OK
2026-09-29,14:51:52,28,211,52,399,0,0,-1,0,0,0,20,0,Home Sweat Home,OK
2026-09-29,14:51:53,28,210,52,400,0,0,-1,0,0,0,20,0,Home Sweat Home,OK
2026-09-29,14:51:54,28,209,52,400,0,0,-1,0,0,0,20,0,Home Sweat Home,OK
2026-09-29,14:51:55,28,210,52,403,0,0,-1,0,0,0,20,0,Home Sweat Home,OK
2026-09-29,14:51:56,28,210,52,402,0,0,-1,0,0,0,20,0,Home Sweat Home,OK
2026-09-29,14:51:57,28,216,52,401,0,0,-1,0,0,0,20,0,Home Sweat Home,OK
2026-09-29,14:51:58,28,214,52,404,0,0,-1,0,0,0,20,0,Home Sweat Home,OK
2026-09-29,14:51:59,28,211,52,404,0,0,-1,0,0,0,20,0,Home Sweat Home,OK
2026-09-29,14:52:00,27,211,52,404,0,0,-1,0,0,0,20,0,Home Sweat Home,OK
2026-09-29,14:52:01,27,212,52,405,0,0,-1,0,0,0,20,0,Home Sweat Home,OK
2026-09-29,14:52:02,28,216,52,407,0,0,-1,0,0,0,20,0,Home Sweat Home,OK
2026-09-29,14:52:03,28,217,52,403,0,0,-1,0,0,0,20,0,Home Sweat Home,OK
2026-09-29,14:52:04,28,218,52,404,0,0,-1,0,0,0,20,0,Home Sweat Home,OK
2026-09-29,14:52:05,28,211,52,408,0,0,-1,0,0,0,20,0,Home Sweat Home,OK
2026-09-29,14:52:06,28,211,52,407,0,0,-1,0,0,0,20,0,Home Sweat Home,OK
2026-09-29,14:52:07,28,210,52,409,0,0,-1,0,0,0,20,0,Home Sweat Home,OK
2026-09-29,14:52:08,27,217,52,406,1,0,-1,0,0,0,20,0,Home Sweat Home,OK
2026-09-29,14:52:09,27,215,52,409,0,0,-1,0,0,0,20,0,Home Sweat Home,OK
2026-09-29,14:52:10,28,214,52,411,0,0,-1,0,0,0,20,0,Home Sweat Home,OK
2026-09-29,14:52:11,28,214,52,412,0,0,-1,0,0,0,20,0,Home Sweat Home,OK
2026-09-29,14:52:12,28,217,51,410,0,0,-1,0,0,0,20,0,Home Sweat Home,OK
2026-09-29,14:52:13,28,210,51,414,0,0,-1,0,0,0,20,0,Home Sweat Home,OK
2026-09-29,14:52:14,28,214,51,414,0,0,-1,0,0,0,20,0,Home Sweat Home,OK
2026-09-29,14:52:15,28,210,51,415,0,0,-1,0,0,0,20,0,Home Sweat Home,OK
2026-09-29,14:52:16,27,214,52,412,0,0,-1,0,0,0,20,0,Home Sweat Home,OK
2026-09-29,14:52:17,27,216,52,413,0,0,-1,0,0,0,20,0,Home Sweat Home,OK
2026-09-29,14:52:18,27,214,52,415,0,0,-1,0,0,0,20,0,Home Sweat Home,OK
2026-09-29,14:52:19,27,211,52,416,0,0,-1,0,0,0,20,0,Home Sweat Home,OK
2026-09-29,14:52:20,27,209,52,418,0,0,-1,0,0,0,20,0,Home Sweat Home,OK
2026-09-29,14:52:21,27,216,52,417,0,0,-1,0,0,0,20,0,Home Sweat Home,OK
2026-09-29,14:52:22,27,210,52,417,0,0,-1,0,0,0,20,0,Home Sweat Home,OK
2026-09-29,14:52:23,28,216,51,416,0,0,-1,0,0,0,20,0,Home Sweat Home,OK
2026-09-29,14:52:24,28,214,51,418,0,0,-1,0,0,0,20,0,Home Sweat Home,OK
2026-09-29,14:52:25,28,211,51,422,0,0,-1,0,0,0,20,0,Home Sweat Home,OK
2026-09-29,14:52:26,28,210,51,422,0,0,-1,0,0,0,20,0,Home Sweat Home,OK
2026-09-29,14:52:27,28,216,51,418,0,0,-1,0,0,0,20,0,Home Sweat Home,OK
2026-09-29,14:52:28,28,210,51,421,0,0,-1,0,0,0,20,0,Home Sweat Home,OK
2026-09-29,14:52:29,27,212,51,422,0,0,-1,0,0,0,20,0,Home Sweat Home,OK
2026-09-29,14:52:30,27,217,51,420,0,0,-1,0,0,0,20,0,Home Sweat Home,OK
2026-09-29,14:52:31,28,211,51,422,0,0,-1,0,0,0,20,0,Home Sweat Home,OK
2026-09-29,14:52:32,28,217,51,422,0,0,-1,0,0,0,20,0,Home Sweat Home,OK
2026-09-29,14:52:33,28,211,51,424,0,0,-1,0,0,0,20,0,Home Sweat Home,OK
2026-09-29,14:52:34,28,216,51,424,0,0,-1,0,0,0,20,0,Home Sweat Home,OK
2026-09-29,14:52:35,28,210,51,426,0,0,-1,0,0,0,20,0,Home Sweat Home,OK
2026-09-29,14:52:36,28,209,51,426,0,0,-1,0,0,0,20,0,Home Sweat Home,OK
2026-09-29,14:52:37,27,211,51,428,0,0,-1,0,0,0,20,0,Home Sweat Home,OK
2026-09-29,14:52:38,27,217,51,423,1,0,-1,0,0,0,20,0,Home Sweat Home,OK
2026-09-29,14:52:39,27,217,51,424,0,0,-1,0,0,0,20,0,Home Sweat Home,OK
2026-09-29,14:52:40,27,217,51,423,0,0,-1,0,0,0,20,0,Home Sweat Home,OK
2026-09-29,14:52:41,28,214,51,424,0,0,-1,0,0,0,20,0,Home Sweat Home,OK
2026-09-29,14:52:42,28,212,51,428,0,0,-1,0,0,0,20,0,Home Sweat Home,OK
2026-09-29,14:52:43,28,211,51,430,0,0,-1,0,0,0,20,0,Home Sweat Home,OK
2026-09-29,14:52:44,28,217,51,426,0,0,-1,0,0,0,20,0,Home Sweat Home,OK
2026-09-29,14:52:45,28,212,51,429,0,0,-1,0,0,0,20,0,Home Sweat Home,OK
2026-09-29,14:52:46,28,218,51,427,0,0,-1,0,0,0,20,0,Home Sweat Home,OK
2026-09-29,14:52:47,28,210,51,429,0,0,-1,0,0,0,20,0,Home Sweat Home,OK
2026-09-29,14:53:24,28,210,51,476,0,0,-1,0,1,0,0,0,System OK,OK
2026-09-29,14:53:25,28,210,51,472,0,0,-1,0,1,0,0,0,System OK,OK
2026-09-29,14:53:26,28,209,51,476,0,0,-1,0,1,0,0,0,System OK,OK
2026-09-29,14:53:27,28,210,51,472,0,0,-1,0,1,0,0,0,System OK,OK
2026-09-29,14:53:28,28,208,51,476,0,0,-1,0,1,0,20,0,Home Sweat Home,OK
2026-09-29,14:53:29,28,215,51,471,1,0,-1,0,0,0,20,0,Home Sweat Home,OK
2026-09-29,14:53:30,28,212,51,471,0,0,-1,0,0,0,20,0,Home Sweat Home,OK
2026-09-29,14:53:31,28,214,51,470,0,0,-1,0,0,0,20,0,Home Sweat Home,OK
2026-09-29,14:53:32,28,213,51,473,0,0,-1,0,0,0,20,0,Home Sweat Home,OK
2026-09-29,14:53:33,28,210,51,470,0,0,-1,0,0,0,20,0,Home Sweat Home,OK
2026-09-29,14:53:34,28,209,51,472,0,0,-1,0,0,0,20,0,Home Sweat Home,OK
2026-09-29,14:53:35,27,209,51,471,0,0,-1,0,0,0,20,0,Home Sweat Home,OK
2026-09-29,14:53:36,27,208,51,471,0,0,-1,0,0,0,20,0,Home Sweat Home,OK
2026-09-29,14:53:37,27,209,51,469,0,0,-1,0,0,0,20,0,Home Sweat Home,OK
2026-09-29,14:53:38,27,211,51,468,0,0,-1,0,0,0,20,0,Home Sweat Home,OK
2026-09-29,14:53:39,28,209,51,469,0,0,-1,0,0,0,20,0,Home Sweat Home,OK
2026-09-29,14:53:40,28,209,51,469,0,0,-1,0,0,0,20,0,Home Sweat Home,OK
2026-09-29,14:53:41,27,209,51,471,0,0,-1,0,0,0,20,0,Home Sweat Home,OK
2026-09-29,14:53:42,27,213,51,466,1,0,-1,0,0,0,20,0,Home Sweat Home,OK
2026-09-29,14:53:43,27,214,51,467,0,0,-1,0,0,0,20,0,Home Sweat Home,OK
2026-09-29,14:53:44,27,208,51,469,0,0,-1,0,0,0,20,0,Home Sweat Home,OK
2026-09-29,14:53:45,28,208,51,468,0,0,-1,0,0,0,20,0,Home Sweat Home,OK
2026-09-29,14:53:46,28,213,51,466,1,0,-1,0,0,0,20,0,Home Sweat Home,OK
2026-09-29,14:53:47,27,211,51,465,0,0,-1,0,0,0,20,0,Home Sweat Home,OK
2026-09-29,14:53:48,27,215,51,463,0,0,-1,0,0,0,20,0,Home Sweat Home,OK
2026-09-29,14:53:49,28,212,51,465,0,0,-1,0,0,0,20,0,Home Sweat Home,OK
2026-09-29,14:53:50,28,216,51,462,1,0,-1,0,0,0,20,0,Home Sweat Home,OK
2026-09-29,14:53:51,27,215,51,463,0,0,-1,0,0,0,20,0,Home Sweat Home,OK
2026-09-29,14:53:52,27,215,51,462,1,0,-1,0,0,0,20,0,Home Sweat Home,OK
2026-09-29,14:53:53,27,211,51,461,0,0,-1,0,0,0,20,0,Home Sweat Home,OK
2026-09-29,14:53:54,27,209,51,464,0,0,-1,0,0,0,20,0,Home Sweat Home,OK
2026-09-29,14:53:55,28,214,51,459,1,0,-1,0,0,0,20,0,Home Sweat Home,OK
2026-09-29,14:53:56,28,211,51,460,0,0,-1,0,0,0,20,0,Home Sweat Home,OK
2026-09-29,14:53:57,28,211,51,458,0,0,-1,0,0,0,20,0,Home Sweat Home,OK
2026-09-29,14:53:58,28,209,51,460,0,0,-1,0,0,0,20,0,Home Sweat Home,OK
2026-09-29,14:53:59,27,210,51,458,0,0,-1,0,0,0,20,0,Home Sweat Home,OK
2026-09-29,14:54:00,27,216,51,458,1,0,-1,0,0,0,20,0,Home Sweat Home,OK
2026-09-29,14:54:01,27,215,51,455,1,0,-1,0,0,0,20,0,Home Sweat Home,OK
2026-09-29,14:54:02,27,210,51,459,0,0,-1,0,0,0,20,0,Home Sweat Home,OK
2026-09-29,14:54:03,27,208,51,456,0,0,-1,0,0,0,20,0,Home Sweat Home,OK
2026-09-29,14:54:04,28,215,51,453,1,0,-1,0,0,0,20,0,Home Sweat Home,OK
2026-09-29,14:54:05,28,210,51,457,0,0,-1,0,0,0,20,0,Home Sweat Home,OK
2026-09-29,14:54:06,27,215,51,451,1,0,-1,0,0,0,20,0,Home Sweat Home,OK
2026-09-29,14:54:07,27,211,51,452,0,0,-1,0,0,0,20,0,Home Sweat Home,OK
2026-09-29,14:54:08,28,209,51,452,0,0,-1,0,0,0,20,0,Home Sweat Home,OK
2026-09-29,14:54:09,28,213,51,449,0,0,-1,0,0,0,20,0,Home Sweat Home,OK
2026-09-29,14:54:10,27,208,51,451,0,0,-1,0,0,0,20,0,Home Sweat Home,OK
2026-09-29,14:54:11,27,214,51,447,1,0,-1,0,0,0,20,0,Home Sweat Home,OK
2026-09-29,14:54:12,28,210,51,450,0,0,-1,0,0,0,20,0,Home Sweat Home,OK
2026-09-29,14:54:13,28,208,51,449,0,0,-1,0,0,0,20,0,Home Sweat Home,OK
2026-09-29,14:54:14,28,208,51,450,0,0,-1,0,0,0,20,0,Home Sweat Home,OK
2026-09-29,14:54:15,28,208,51,448,0,0,-1,0,0,0,20,0,Home Sweat Home,OK
2026-09-29,14:54:16,27,208,51,446,0,0,-1,0,0,0,20,0,Home Sweat Home,OK
2026-09-29,14:54:17,27,208,51,444,0,0,-1,0,0,0,20,0,Home Sweat Home,OK
2026-09-29,14:54:18,28,208,51,444,0,0,-1,0,0,0,20,0,Home Sweat Home,OK
2026-09-29,14:54:19,28,213,51,439,0,0,-1,0,0,0,20,0,Home Sweat Home,OK
2026-09-29,14:54:20,28,214,51,437,0,0,-1,0,0,0,20,0,Home Sweat Home,OK
2026-09-29,14:54:21,28,209,51,440,0,0,-1,0,0,0,20,0,Home Sweat Home,OK
2026-09-29,14:54:22,28,214,51,434,1,0,-1,0,0,0,20,0,Home Sweat Home,OK
2026-09-29,14:54:23,28,208,51,435,0,0,-1,0,0,0,20,0,Home Sweat Home,OK
2026-09-29,14:54:24,28,215,51,429,0,0,-1,0,0,0,20,0,Home Sweat Home,OK
2026-09-29,14:54:25,28,208,51,426,0,0,-1,0,0,0,20,0,Home Sweat Home,OK
2026-09-29,14:54:26,28,208,51,417,0,0,-1,0,0,0,20,0,Home Sweat Home,OK
2026-09-29,14:54:27,28,215,51,410,1,0,-1,0,0,0,20,0,Home Sweat Home,OK
2026-09-29,14:54:28,28,210,51,407,1,0,-1,0,0,0,20,0,Home Sweat Home,OK
2026-09-29,14:54:29,28,213,51,405,0,0,-1,0,0,0,20,0,Home Sweat Home,OK
2026-09-29,14:54:30,28,208,51,406,0,0,-1,0,0,0,20,0,Home Sweat Home,OK
2026-09-29,14:54:31,28,208,51,409,0,0,-1,0,0,0,20,0,Home Sweat Home,OK
2026-09-29,14:54:32,27,216,51,405,1,0,-1,0,0,0,20,0,Home Sweat Home,OK
2026-09-29,14:54:33,27,207,51,410,0,0,-1,0,0,0,20,0,Home Sweat Home,OK
2026-09-29,14:54:34,28,215,51,408,0,0,-1,0,0,0,20,0,Home Sweat Home,OK
2026-09-29,14:54:35,28,208,51,409,0,0,-1,0,0,0,20,0,Home Sweat Home,OK
2026-09-29,14:54:36,28,209,51,410,0,0,-1,0,0,0,20,0,Home Sweat Home,OK
2026-09-29,14:54:37,28,208,51,408,1,0,-1,0,0,0,20,0,Home Sweat Home,OK
2026-09-29,14:54:38,28,208,51,411,0,0,-1,0,0,0,20,0,Home Sweat Home,OK
2026-09-29,14:54:39,28,208,51,413,0,0,-1,0,0,0,20,0,Home Sweat Home,OK
2026-09-29,14:54:40,28,209,51,418,0,0,-1,0,0,0,20,0,Home Sweat Home,OK
2026-09-29,14:54:41,28,208,51,418,0,0,-1,0,0,0,20,0,Home Sweat Home,OK
2026-09-29,14:54:42,28,208,51,417,0,0,-1,0,0,0,20,0,Home Sweat Home,OK
2026-09-29,14:54:43,27,211,51,415,0,0,-1,0,0,0,20,0,Home Sweat Home,OK
2026-09-29,14:54:44,27,210,51,416,0,0,-1,0,0,0,20,0,Home Sweat Home,OK
2026-09-29,14:54:45,28,208,51,418,0,0,-1,0,0,0,20,0,Home Sweat Home,OK
2026-09-29,14:54:46,28,216,51,413,1,0,-1,0,0,0,20,0,Home Sweat Home,OK
2026-09-29,14:54:47,28,209,51,417,0,0,-1,0,0,0,20,0,Home Sweat Home,OK
2026-09-29,14:54:48,28,209,51,414,0,0,-1,0,0,0,20,0,Home Sweat Home,OK
2026-09-29,14:54:49,27,208,51,411,1,0,-1,0,0,0,20,0,Home Sweat Home,OK
2026-09-29,14:54:50,27,216,51,413,0,0,-1,0,0,0,20,0,Home Sweat Home,OK
2026-09-29,14:54:51,27,210,51,410,0,0,-1,0,0,0,20,0,Home Sweat Home,OK
2026-09-29,14:54:52,27,216,51,410,0,0,-1,0,0,0,20,0,Home Sweat Home,OK
2026-09-29,14:54:53,27,215,51,409,0,0,-1,0,0,0,20,0,Home Sweat Home,OK
2026-09-29,14:54:54,27,208,51,409,0,0,-1,0,0,0,20,0,Home Sweat Home,OK
2026-09-29,14:54:55,28,210,51,407,0,0,-1,0,0,0,20,0,Home Sweat Home,OK
2026-09-29,14:54:56,28,212,51,404,0,0,-1,0,0,0,20,0,Home Sweat Home,OK
2026-09-29,14:54:57,27,208,51,403,0,0,-1,0,0,0,20,0,Home Sweat Home,OK
2026-09-29,14:54:58,27,208,51,405,0,0,-1,0,0,0,20,0,Home Sweat Home,OK
2026-09-29,14:54:59,27,210,51,400,0,0,-1,0,0,0,20,0,Home Sweat Home,OK
2026-09-29,14:55:00,27,208,51,399,0,0,-1,0,0,0,20,0,Home Sweat Home,OK
2026-09-29,14:55:01,28,210,51,400,0,0,-1,0,0,0,20,0,Home Sweat Home,OK
2026-09-29,14:55:02,28,209,51,398,0,0,-1,0,0,0,20,0,Home Sweat Home,OK
2026-09-29,14:55:03,28,216,51,395,0,0,-1,0,0,0,20,0,Home Sweat Home,OK
2026-09-29,14:55:04,28,214,51,393,1,0,-1,0,0,0,20,0,Home Sweat Home,OK
2026-09-29,14:55:05,28,215,51,394,0,0,-1,0,0,0,20,0,Home Sweat Home,OK
2026-09-29,14:55:06,27,208,51,396,0,0,-1,0,0,0,20,0,Home Sweat Home,OK
2026-09-29,14:55:07,27,212,51,394,0,0,-1,0,0,0,20,0,Home Sweat Home,OK
2026-09-29,14:55:08,27,208,51,394,0,0,-1,0,0,0,20,0,Home Sweat Home,OK
2026-09-29,14:55:09,27,215,51,391,1,0,-1,0,0,0,20,0,Home Sweat Home,OK
2026-09-29,14:55:10,28,209,51,393,0,0,-1,0,0,0,20,0,Home Sweat Home,OK
2026-09-29,14:55:11,28,216,51,388,1,0,-1,0,0,0,20,0,Home Sweat Home,OK
2026-09-29,14:55:12,27,212,51,391,0,0,-1,0,0,0,20,0,Home Sweat Home,OK
2026-09-29,14:55:13,27,210,51,389,0,0,-1,0,0,0,20,0,Home Sweat Home,OK
2026-09-29,14:55:14,28,208,51,391,0,0,-1,0,0,0,20,0,Home Sweat Home,OK
2026-09-29,14:55:15,28,215,51,386,1,0,-1,0,0,0,20,0,Home Sweat Home,OK
2026-09-29,14:55:16,28,215,51,385,1,0,-1,0,0,0,20,0,Home Sweat Home,OK
2026-09-29,14:55:17,28,211,51,385,0,0,-1,0,0,0,20,0,Home Sweat Home,OK
2026-09-29,14:55:18,28,208,51,389,0,0,-1,0,0,0,20,0,Home Sweat Home,OK
2026-09-29,14:55:19,28,215,51,385,1,0,-1,0,0,0,20,0,Home Sweat Home,OK
2026-09-29,14:55:20,27,214,51,385,0,0,-1,0,0,0,20,0,Home Sweat Home,OK
2026-09-29,14:55:21,27,209,51,382,0,0,-1,0,0,0,20,0,Home Sweat Home,OK
2026-09-29,14:55:22,28,209,51,385,0,0,-1,0,0,0,20,0,Home Sweat Home,OK
2026-09-29,14:55:23,28,208,51,385,0,0,-1,0,0,0,20,0,Home Sweat Home,OK
2026-09-29,14:55:24,28,216,51,380,1,0,-1,0,0,0,20,0,Home Sweat Home,OK
2026-09-29,14:55:25,28,211,51,380,0,0,-1,0,0,0,20,0,Home Sweat Home,OK
2026-09-29,14:55:26,27,210,51,380,0,0,-1,0,0,0,20,0,Home Sweat Home,OK
2026-09-29,14:55:27,27,208,51,381,0,0,-1,0,0,0,20,0,Home Sweat Home,OK
2026-09-29,14:55:28,27,215,51,377,2,0,-1,0,0,0,20,0,Home Sweat Home,OK
2026-09-29,14:55:29,27,212,51,380,0,0,-1,0,0,0,20,0,Home Sweat Home,OK
2026-09-29,14:55:30,27,208,51,379,0,0,-1,0,0,0,20,0,Home Sweat Home,OK
2026-09-29,14:55:31,27,209,51,379,0,0,-1,0,0,0,20,0,Home Sweat Home,OK
2026-09-29,14:55:32,27,209,51,377,0,0,-1,0,0,0,20,0,Home Sweat Home,OK
2026-09-29,14:55:33,27,209,51,381,0,0,-1,0,0,0,20,0,Home Sweat Home,OK
2026-09-29,14:55:34,27,208,51,380,0,0,-1,0,0,0,20,0,Home Sweat Home,OK
2026-09-29,14:55:35,28,209,51,381,0,0,-1,0,0,0,20,0,Home Sweat Home,OK
2026-09-29,14:55:36,28,216,51,376,1,0,-1,0,0,0,20,0,Home Sweat Home,OK
2026-09-29,14:55:37,28,212,51,378,0,0,-1,0,0,0,20,0,Home Sweat Home,OK
2026-09-29,14:55:38,28,210,51,376,0,0,-1,0,0,0,20,0,Home Sweat Home,OK
2026-09-29,14:55:39,28,209,51,375,0,0,-1,0,0,0,20,0,Home Sweat Home,OK
2026-09-29,14:55:40,28,212,51,374,0,0,-1,0,0,0,20,0,Home Sweat Home,OK
2026-09-29,14:55:41,27,209,51,378,0,0,-1,0,0,0,20,0,Home Sweat Home,OK
2026-09-29,14:55:42,27,209,51,378,0,0,-1,0,0,0,20,0,Home Sweat Home,OK
2026-09-29,14:55:43,28,215,51,376,1,0,-1,0,0,0,20,0,Home Sweat Home,OK
2026-09-29,14:55:44,28,209,51,372,0,0,-1,0,0,0,20,0,Home Sweat Home,OK
2026-09-29,14:55:45,27,216,51,367,1,0,-1,0,0,0,20,0,Home Sweat Home,OK
2026-09-29,14:55:46,27,208,51,364,0,0,-1,0,0,0,20,0,Home Sweat Home,OK
2026-09-29,14:55:47,28,212,51,361,0,0,-1,0,0,0,20,0,Home Sweat Home,OK
2026-09-29,14:55:48,28,209,51,364,0,0,-1,0,0,0,20,0,Home Sweat Home,OK
2026-09-29,14:55:49,27,210,51,367,0,0,-1,0,0,0,20,0,Home Sweat Home,OK
2026-09-29,14:55:50,27,214,51,368,1,0,-1,0,0,0,20,0,Home Sweat Home,OK
2026-09-29,14:55:51,28,208,51,374,0,0,-1,0,0,0,20,0,Home Sweat Home,OK
2026-09-29,14:55:52,28,216,51,372,1,0,-1,0,0,0,20,0,Home Sweat Home,OK
2026-09-29,14:55:53,27,208,51,375,0,0,-1,0,0,0,20,0,Home Sweat Home,OK
2026-09-29,14:55:54,27,216,51,373,0,0,-1,0,0,0,20,0,Home Sweat Home,OK
2026-09-29,14:55:55,27,213,51,368,0,0,-1,0,0,0,20,0,Home Sweat Home,OK
2026-09-29,14:55:56,27,215,51,366,0,0,-1,0,0,0,20,0,Home Sweat Home,OK
2026-09-29,14:55:57,28,210,51,366,0,0,-1,0,0,0,20,0,Home Sweat Home,OK
2026-09-29,14:55:58,28,215,51,366,0,0,-1,0,0,0,20,0,Home Sweat Home,OK
2026-09-29,14:55:59,27,208,51,369,0,0,-1,0,0,0,20,0,Home Sweat Home,OK
2026-09-29,14:56:00,27,215,51,367,1,0,-1,0,0,0,20,0,Home Sweat Home,OK
2026-09-29,14:56:01,27,209,51,370,0,0,-1,0,0,0,20,0,Home Sweat Home,OK
2026-09-29,14:56:02,27,209,51,369,0,0,-1,0,0,0,20,0,Home Sweat Home,OK
2026-09-29,14:56:03,28,209,51,369,0,0,-1,0,0,0,20,0,Home Sweat Home,OK
2026-09-29,14:56:04,28,209,51,373,0,0,-1,0,0,0,20,0,Home Sweat Home,OK
2026-09-29,14:56:05,28,214,51,376,0,0,-1,0,0,0,20,0,Home Sweat Home,OK
2026-09-29,14:56:06,28,211,51,375,0,0,-1,0,0,0,20,0,Home Sweat Home,OK
2026-09-29,14:56:07,27,208,51,375,0,0,-1,0,0,0,20,0,Home Sweat Home,OK
2026-09-29,14:56:08,27,209,51,372,0,0,-1,0,0,0,20,0,Home Sweat Home,OK
2026-09-29,14:56:09,27,216,51,369,1,0,-1,0,0,0,20,0,Home Sweat Home,OK
2026-09-29,14:56:10,27,213,51,371,0,0,-1,0,0,0,20,0,Home Sweat Home,OK
2026-09-29,14:56:11,27,210,51,374,0,0,-1,0,0,0,20,0,Home Sweat Home,OK
2026-09-29,14:56:12,28,216,51,375,1,0,-1,0,0,0,20,0,Home Sweat Home,OK
2026-09-29,14:56:13,28,215,51,377,1,0,-1,0,0,0,20,0,Home Sweat Home,OK
2026-09-29,14:56:14,28,209,51,381,0,0,-1,0,0,0,20,0,Home Sweat Home,OK
2026-09-29,14:56:15,28,213,51,379,0,0,-1,0,0,0,20,0,Home Sweat Home,OK
2026-09-29,14:56:16,27,215,51,381,0,0,-1,0,0,0,20,0,Home Sweat Home,OK
2026-09-29,14:56:17,27,210,51,383,0,0,-1,0,0,0,20,0,Home Sweat Home,OK
2026-09-29,14:56:18,28,213,51,378,0,0,-1,0,0,0,20,0,Home Sweat Home,OK
2026-09-29,14:56:19,28,209,51,380,0,0,-1,0,0,0,20,0,Home Sweat Home,OK
2026-09-29,14:56:20,27,208,51,381,0,0,-1,0,0,0,20,0,Home Sweat Home,OK
2026-09-29,14:56:21,27,210,51,379,0,0,-1,0,0,0,20,0,Home Sweat Home,OK
2026-09-29,14:56:22,28,209,51,380,0,0,-1,0,0,0,20,0,Home Sweat Home,OK
2026-09-29,14:56:23,28,216,51,376,1,0,-1,0,0,0,20,0,Home Sweat Home,OK
2026-09-29,14:56:24,28,210,51,375,0,0,-1,0,0,0,20,0,Home Sweat Home,OK
2026-09-29,14:56:25,28,208,51,376,0,0,-1,0,0,0,20,0,Home Sweat Home,OK
2026-09-29,14:56:26,27,215,51,373,0,0,-1,0,0,0,20,0,Home Sweat Home,OK
2026-09-29,14:56:27,27,214,51,373,1,0,-1,0,0,0,20,0,Home Sweat Home,OK
2026-09-29,14:56:28,28,208,51,374,0,0,-1,0,0,0,20,0,Home Sweat Home,OK
2026-09-29,14:56:29,28,209,51,373,0,0,-1,0,0,0,20,0,Home Sweat Home,OK
2026-09-29,14:56:30,27,209,51,373,0,0,-1,0,0,0,20,0,Home Sweat Home,OK
2026-09-29,14:56:31,27,209,51,369,0,0,-1,0,0,0,20,0,Home Sweat Home,OK
2026-09-29,14:56:32,28,208,51,367,0,0,-1,0,0,0,20,0,Home Sweat Home,OK
2026-09-29,14:56:33,28,208,51,367,0,0,-1,0,0,0,20,0,Home Sweat Home,OK
2026-09-29,14:56:34,28,215,51,363,1,0,-1,0,0,0,20,0,Home Sweat Home,OK
2026-09-29,14:56:35,28,215,51,360,1,0,-1,0,0,0,20,0,Home Sweat Home,OK
2026-09-29,14:56:36,28,208,51,362,0,0,-1,0,0,0,20,0,Home Sweat Home,OK
2026-09-29,14:56:37,28,215,51,359,1,0,-1,0,0,0,20,0,Home Sweat Home,OK
2026-09-29,14:56:38,27,210,51,358,0,0,-1,0,0,0,20,0,Home Sweat Home,OK
2026-09-29,14:56:39,27,209,51,356,0,0,-1,0,0,0,20,0,Home Sweat Home,OK
2026-09-29,14:56:40,27,208,51,354,0,0,-1,0,0,0,20,0,Home Sweat Home,OK
2026-09-29,14:56:41,27,208,51,357,0,0,-1,0,0,0,20,0,Home Sweat Home,OK
2026-09-29,14:56:42,27,216,51,354,1,0,-1,0,0,0,20,0,Home Sweat Home,OK
2026-09-29,14:56:43,27,209,51,353,0,0,-1,0,0,0,20,0,Home Sweat Home,OK
2026-09-29,14:56:44,27,212,51,353,0,0,-1,0,0,0,20,0,Home Sweat Home,OK
2026-09-29,14:56:45,27,209,51,354,0,0,-1,0,0,0,20,0,Home Sweat Home,OK
2026-09-29,14:56:46,27,209,51,357,0,0,-1,0,0,0,20,0,Home Sweat Home,OK
2026-09-29,14:56:47,27,209,51,359,0,0,-1,0,0,0,20,0,Home Sweat Home,OK
2026-09-29,14:56:48,27,215,51,356,0,0,-1,0,0,0,20,0,Home Sweat Home,OK
2026-09-29,14:56:49,27,209,51,353,0,0,-1,0,0,0,20,0,Home Sweat Home,OK
2026-09-29,14:56:50,27,214,51,353,0,0,-1,0,0,0,20,0,Home Sweat Home,OK
2026-09-29,14:56:51,27,209,51,352,0,0,-1,0,0,0,20,0,Home Sweat Home,OK
2026-09-29,14:56:52,27,208,51,349,0,0,-1,0,0,0,20,0,Home Sweat Home,OK
2026-09-29,14:56:53,27,215,51,347,1,0,-1,0,0,0,20,0,Home Sweat Home,OK
2026-09-29,14:56:54,27,216,51,347,1,0,-1,0,0,0,20,0,Home Sweat Home,OK
2026-09-29,14:56:55,28,216,51,348,1,0,-1,0,0,0,20,0,Home Sweat Home,OK
2026-09-29,14:56:56,28,208,51,349,0,0,-1,0,0,0,20,0,Home Sweat Home,OK
2026-09-29,14:56:57,28,213,51,345,0,0,-1,0,0,0,20,0,Home Sweat Home,OK
2026-09-29,14:56:58,28,216,51,344,0,0,-1,0,0,0,20,0,Home Sweat Home,OK
2026-09-29,14:56:59,27,208,51,347,0,0,-1,0,0,0,20,0,Home Sweat Home,OK
2026-09-29,14:57:00,27,216,51,342,0,0,-1,0,0,0,20,0,Home Sweat Home,OK
2026-09-29,14:57:01,27,209,51,347,0,0,-1,0,0,0,20,0,Home Sweat Home,OK
2026-09-29,14:57:02,27,214,51,344,0,0,-1,0,0,0,20,0,Home Sweat Home,OK
2026-09-29,14:57:03,27,215,51,343,0,0,-1,0,0,0,20,0,Home Sweat Home,OK
2026-09-29,14:57:04,27,208,51,345,0,0,-1,0,0,0,20,0,Home Sweat Home,OK
2026-09-29,14:57:05,28,209,51,341,0,0,-1,0,0,0,20,0,Home Sweat Home,OK
2026-09-29,14:57:06,28,209,51,341,0,0,-1,0,0,0,20,0,Home Sweat Home,OK
2026-09-29,14:57:07,27,215,51,341,0,0,-1,0,0,0,20,0,Home Sweat Home,OK
2026-09-29,14:57:08,27,209,51,342,0,0,-1,0,0,0,20,0,Home Sweat Home,OK
2026-09-29,14:57:09,27,214,51,338,1,0,-1,0,0,0,20,0,Home Sweat Home,OK
2026-09-29,14:57:10,27,208,51,342,0,0,-1,0,0,0,20,0,Home Sweat Home,OK
2026-09-29,14:57:11,27,213,51,341,0,0,-1,0,0,0,20,0,Home Sweat Home,OK
2026-09-29,14:57:12,27,208,51,342,0,0,-1,0,0,0,20,0,Home Sweat Home,OK
2026-09-29,14:57:13,27,208,51,344,0,0,-1,0,0,0,20,0,Home Sweat Home,OK
2026-09-29,14:57:14,28,214,51,347,0,0,-1,0,0,0,20,0,Home Sweat Home,OK
2026-09-29,14:57:15,28,208,51,351,0,0,-1,0,0,0,20,0,Home Sweat Home,OK
2026-09-29,14:57:16,27,216,51,353,0,0,-1,0,0,0,20,0,Home Sweat Home,OK
2026-09-29,14:57:17,27,213,51,355,1,0,-1,0,0,0,20,0,Home Sweat Home,OK
2026-09-29,14:57:18,28,214,51,360,0,0,-1,0,0,0,20,0,Home Sweat Home,OK
2026-09-29,14:57:19,28,212,51,358,0,0,-1,0,0,0,20,0,Home Sweat Home,OK
2026-09-29,14:57:20,28,208,51,360,0,0,-1,0,0,0,20,0,Home Sweat Home,OK
2026-09-29,14:57:21,28,214,51,356,1,0,-1,0,0,0,20,0,Home Sweat Home,OK
2026-09-29,14:57:22,28,208,51,359,0,0,-1,0,0,0,20,0,Home Sweat Home,OK
2026-09-29,14:57:23,28,216,51,357,1,0,-1,0,0,0,20,0,Home Sweat Home,OK
2026-09-29,14:57:24,28,214,51,355,1,0,-1,0,0,0,20,0,Home Sweat Home,OK
2026-09-29,14:57:25,28,211,51,357,0,0,-1,0,0,0,20,0,Home Sweat Home,OK
2026-09-29,14:57:26,27,216,51,355,1,0,-1,0,0,0,20,0,Home Sweat Home,OK
2026-09-29,14:57:27,27,208,51,357,0,0,-1,0,0,0,20,0,Home Sweat Home,OK
2026-09-29,14:57:28,27,214,51,354,0,0,-1,0,0,0,20,0,Home Sweat Home,OK
2026-09-29,14:57:29,27,216,51,354,1,0,-1,0,0,0,20,0,Home Sweat Home,OK
2026-09-29,14:57:30,28,214,51,353,2,0,-1,0,0,0,20,0,Home Sweat Home,OK
2026-09-29,14:57:31,28,208,51,357,0,0,-1,0,0,0,20,0,Home Sweat Home,OK
2026-09-29,14:57:32,28,212,51,355,0,0,-1,0,0,0,20,0,Home Sweat Home,OK
2026-09-29,14:57:33,28,215,51,352,1,0,-1,0,0,0,20,0,Home Sweat Home,OK
2026-09-29,14:57:34,28,212,51,352,0,0,-1,0,0,0,20,0,Home Sweat Home,OK
2026-09-29,14:57:35,28,208,51,353,0,0,-1,0,0,0,20,0,Home Sweat Home,OK
2026-09-29,14:57:36,27,214,51,352,1,0,-1,0,0,0,20,0,Home Sweat Home,OK
2026-09-29,14:57:37,27,209,51,353,0,0,-1,0,0,0,20,0,Home Sweat Home,OK
2026-09-29,14:57:38,28,208,51,355,0,0,-1,0,0,0,20,0,Home Sweat Home,OK
2026-09-29,14:57:39,28,207,51,353,0,0,-1,0,0,0,20,0,Home Sweat Home,OK
2026-09-29,14:57:40,28,215,51,349,1,0,-1,0,0,0,20,0,Home Sweat Home,OK
2026-09-29,14:57:41,28,207,51,352,0,0,-1,0,0,0,20,0,Home Sweat Home,OK
2026-09-29,14:57:42,27,207,51,349,0,0,-1,0,0,0,20,0,Home Sweat Home,OK
2026-09-29,14:57:43,27,208,51,348,0,0,-1,0,0,0,20,0,Home Sweat Home,OK
2026-09-29,14:57:44,27,212,51,342,0,0,-1,0,0,0,20,0,Home Sweat Home,OK
2026-09-29,14:57:45,27,208,51,342,0,0,-1,0,0,0,20,0,Home Sweat Home,OK
2026-09-29,14:57:46,27,208,51,336,0,0,-1,0,0,0,20,0,Home Sweat Home,OK
2026-09-29,14:57:47,27,207,51,337,0,0,-1,0,0,0,20,0,Home Sweat Home,OK
2026-09-29,14:57:48,27,214,51,333,1,0,-1,0,0,0,20,0,Home Sweat Home,OK
2026-09-29,14:57:49,27,207,51,339,0,0,-1,0,0,0,20,0,Home Sweat Home,OK
2026-09-29,14:57:50,27,208,51,342,0,0,-1,0,0,0,20,0,Home Sweat Home,OK
2026-09-29,14:57:51,28,214,51,338,0,0,-1,0,0,0,20,0,Home Sweat Home,OK
2026-09-29,14:57:52,28,208,51,337,0,0,-1,0,0,0,20,0,Home Sweat Home,OK
2026-09-29,14:57:53,28,207,51,336,0,0,-1,0,0,0,20,0,Home Sweat Home,OK
2026-09-29,14:57:54,28,208,51,331,0,0,-1,0,0,0,20,0,Home Sweat Home,OK
2026-09-29,14:57:55,27,209,51,331,0,0,-1,0,0,0,20,0,Home Sweat Home,OK
2026-09-29,14:57:56,27,211,51,329,0,0,-1,0,0,0,20,0,Home Sweat Home,OK
2026-09-29,14:57:57,28,211,51,329,0,0,-1,0,0,0,20,0,Home Sweat Home,OK
2026-09-29,14:57:58,28,212,51,330,0,0,-1,0,0,0,20,0,Home Sweat Home,OK
2026-09-29,14:57:59,27,214,51,328,1,0,-1,0,0,0,20,0,Home Sweat Home,OK
2026-09-29,14:58:00,27,207,51,332,0,0,-1,0,0,0,20,0,Home Sweat Home,OK
2026-09-29,14:58:01,27,208,51,328,0,0,-1,0,0,0,20,0,Home Sweat Home,OK
2026-09-29,14:58:02,27,209,51,326,0,0,-1,0,0,0,20,0,Home Sweat Home,OK
2026-09-29,14:58:03,27,211,51,332,0,0,-1,0,0,0,20,0,Home Sweat Home,OK
2026-09-29,14:58:04,27,214,51,329,0,0,-1,0,0,0,20,0,Home Sweat Home,OK
2026-09-29,14:58:05,27,212,51,327,1,0,-1,0,0,0,20,0,Home Sweat Home,OK
2026-09-29,14:58:06,27,214,51,329,0,0,-1,0,0,0,20,0,Home Sweat Home,OK
2026-09-29,14:58:07,28,211,51,330,0,0,-1,0,0,0,20,0,Home Sweat Home,OK
2026-09-29,14:58:08,28,207,51,330,0,0,-1,0,0,0,20,0,Home Sweat Home,OK
2026-09-29,14:58:09,28,206,51,330,0,0,-1,0,0,0,20,0,Home Sweat Home,OK
2026-09-29,14:58:10,28,206,51,330,0,0,-1,0,0,0,20,0,Home Sweat Home,OK
2026-09-29,14:58:11,28,207,51,329,0,0,-1,0,0,0,20,0,Home Sweat Home,OK
2026-09-29,14:58:12,28,213,51,327,1,0,-1,0,0,0,20,0,Home Sweat Home,OK
2026-09-29,14:58:13,28,211,51,328,1,0,-1,0,0,0,20,0,Home Sweat Home,OK
2026-09-29,14:58:14,28,212,51,328,1,0,-1,0,0,0,20,0,Home Sweat Home,OK
2026-09-29,14:58:15,28,214,51,330,1,0,-1,0,0,0,20,0,Home Sweat Home,OK
2026-09-29,14:58:16,27,206,51,331,0,0,-1,0,0,0,20,0,Home Sweat Home,OK
2026-09-29,14:58:17,27,207,51,333,0,0,-1,0,0,0,20,0,Home Sweat Home,OK
2026-09-29,14:58:18,27,207,51,330,0,0,-1,0,0,0,20,0,Home Sweat Home,OK
2026-09-29,14:58:19,27,206,51,333,0,0,-1,0,0,0,20,0,Home Sweat Home,OK
2026-09-29,14:58:20,27,211,51,335,0,0,-1,0,0,0,20,0,Home Sweat Home,OK
2026-09-29,14:58:21,27,207,51,331,0,0,-1,0,0,0,20,0,Home Sweat Home,OK
2026-09-29,14:58:22,28,212,51,332,0,0,-1,0,0,0,20,0,Home Sweat Home,OK
2026-09-29,14:58:23,28,210,51,329,1,0,-1,0,0,0,20,0,Home Sweat Home,OK
2026-09-29,14:58:24,27,215,51,331,0,0,-1,0,0,0,20,0,Home Sweat Home,OK
2026-09-29,14:58:25,27,206,51,332,0,0,-1,0,0,0,20,0,Home Sweat Home,OK
2026-09-29,14:58:26,27,207,51,335,0,0,-1,0,0,0,20,0,Home Sweat Home,OK
2026-09-29,14:58:27,27,206,51,334,0,0,-1,0,0,0,20,0,Home Sweat Home,OK
2026-09-29,14:58:28,27,206,51,332,0,0,-1,0,0,0,20,0,Home Sweat Home,OK
2026-09-29,14:58:29,27,211,51,331,0,0,-1,0,0,0,20,0,Home Sweat Home,OK
2026-09-29,14:58:30,27,208,51,331,0,0,-1,0,0,0,20,0,Home Sweat Home,OK
2026-09-29,14:58:31,27,209,51,333,0,0,-1,0,0,0,20,0,Home Sweat Home,OK
2026-09-29,14:58:32,27,206,51,335,0,0,-1,0,0,0,20,0,Home Sweat Home,OK
2026-09-29,14:58:33,27,209,51,334,0,0,-1,0,0,0,20,0,Home Sweat Home,OK
2026-09-29,14:58:34,28,207,51,333,0,0,-1,0,0,0,20,0,Home Sweat Home,OK
2026-09-29,14:58:35,28,211,51,333,0,0,-1,0,0,0,20,0,Home Sweat Home,OK
2026-09-29,14:58:36,28,213,51,331,1,0,-1,0,0,0,20,0,Home Sweat Home,OK
2026-09-29,14:58:37,28,207,51,335,0,0,-1,0,0,0,20,0,Home Sweat Home,OK
2026-09-29,14:58:38,28,207,51,336,0,0,-1,0,0,0,20,0,Home Sweat Home,OK
2026-09-29,14:58:39,28,206,51,335,0,0,-1,0,0,0,20,0,Home Sweat Home,OK
2026-09-29,14:58:40,27,208,51,333,0,0,-1,0,0,0,20,0,Home Sweat Home,OK
2026-09-29,14:58:41,27,212,51,332,0,0,-1,0,0,0,20,0,Home Sweat Home,OK
2026-09-29,14:58:42,27,206,51,334,0,0,-1,0,0,0,20,0,Home Sweat Home,OK
2026-09-29,14:58:43,27,206,51,336,0,0,-1,0,0,0,20,0,Home Sweat Home,OK
2026-09-29,14:58:44,27,206,51,334,0,0,-1,0,0,0,20,0,Home Sweat Home,OK
2026-09-29,14:58:45,28,206,51,333,0,0,-1,0,0,0,20,0,Home Sweat Home,OK
2026-09-29,14:58:46,28,208,51,332,0,0,-1,0,0,0,20,0,Home Sweat Home,OK
2026-09-29,14:58:47,27,208,51,331,0,0,-1,0,0,0,20,0,Home Sweat Home,OK
2026-09-29,14:58:48,27,208,51,331,0,0,-1,0,0,0,20,0,Home Sweat Home,OK
2026-09-29,14:58:49,28,214,51,334,1,0,-1,0,0,0,20,0,Home Sweat Home,OK
2026-09-29,14:58:50,28,206,51,336,0,0,-1,0,0,0,20,0,Home Sweat Home,OK
2026-09-29,14:58:51,27,206,51,333,0,0,-1,0,0,0,20,0,Home Sweat Home,OK
2026-09-29,14:58:52,27,209,51,332,0,0,-1,0,0,0,20,0,Home Sweat Home,OK
2026-09-29,14:58:53,27,213,51,331,1,0,-1,0,0,0,20,0,Home Sweat Home,OK
2026-09-29,14:58:54,27,211,51,332,1,0,-1,0,0,0,20,0,Home Sweat Home,OK
2026-09-29,14:58:55,27,206,51,334,0,0,-1,0,0,0,20,0,Home Sweat Home,OK
2026-09-29,14:58:56,27,206,51,334,0,0,-1,0,0,0,20,0,Home Sweat Home,OK
2026-09-29,14:58:57,27,206,52,335,0,0,-1,0,0,0,20,0,Home Sweat Home,OK
2026-09-29,14:58:58,27,207,52,332,0,0,-1,0,0,0,20,0,Home Sweat Home,OK
2026-09-29,14:58:59,27,206,51,335,0,0,-1,0,0,0,20,0,Home Sweat Home,OK
2026-09-29,14:59:00,27,206,51,337,0,0,-1,0,0,0,20,0,Home Sweat Home,OK
2026-09-29,14:59:01,27,208,51,334,0,0,-1,0,0,0,20,0,Home Sweat Home,OK
2026-09-29,14:59:02,27,209,51,337,0,0,-1,0,0,0,20,0,Home Sweat Home,OK
2026-09-29,14:59:03,28,212,51,336,1,0,-1,0,0,0,20,0,Home Sweat Home,OK
2026-09-29,14:59:04,28,209,51,333,0,0,-1,0,0,0,20,0,Home Sweat Home,OK
2026-09-29,14:59:05,28,211,51,333,0,0,-1,0,0,0,20,0,Home Sweat Home,OK
2026-09-29,14:59:06,28,206,51,334,0,0,-1,0,0,0,20,0,Home Sweat Home,OK
2026-09-29,14:59:07,27,206,51,334,0,0,-1,0,0,0,20,0,Home Sweat Home,OK
2026-09-29,14:59:08,27,205,51,335,0,0,-1,0,0,0,20,0,Home Sweat Home,OK
2026-09-29,14:59:09,27,212,51,332,1,0,-1,0,0,0,20,0,Home Sweat Home,OK
2026-09-29,14:59:10,27,210,51,333,0,0,-1,0,0,0,20,0,Home Sweat Home,OK
2026-09-29,14:59:11,27,212,51,333,0,0,-1,0,0,0,20,0,Home Sweat Home,OK
2026-09-29,14:59:12,27,207,51,336,0,0,-1,0,0,0,20,0,Home Sweat Home,OK
2026-09-29,14:59:13,27,209,51,333,1,0,-1,0,0,0,20,0,Home Sweat Home,OK
2026-09-29,14:59:14,27,209,51,335,0,0,-1,0,0,0,20,0,Home Sweat Home,OK
2026-09-29,14:59:15,28,208,51,333,0,0,-1,0,0,0,20,0,Home Sweat Home,OK
2026-09-29,14:59:16,28,205,51,336,0,0,-1,0,0,0,20,0,Home Sweat Home,OK
2026-09-29,14:59:17,28,206,51,337,0,0,-1,0,0,0,20,0,Home Sweat Home,OK
2026-09-29,14:59:18,27,205,51,336,0,0,-1,0,0,0,20,0,Home Sweat Home,OK
2026-09-29,14:59:19,27,206,51,339,0,0,-1,0,0,0,20,0,Home Sweat Home,OK
2026-09-29,14:59:20,28,205,51,334,0,0,-1,0,0,0,20,0,Home Sweat Home,OK
2026-09-29,14:59:21,28,209,51,335,0,0,-1,0,0,0,20,0,Home Sweat Home,OK
2026-09-29,14:59:22,28,206,51,339,0,0,-1,0,0,0,20,0,Home Sweat Home,OK
2026-09-29,14:59:23,28,212,51,334,1,0,-1,0,0,0,20,0,Home Sweat Home,OK
2026-09-29,14:59:24,27,207,51,334,0,0,-1,0,0,0,20,0,Home Sweat Home,OK
2026-09-29,14:59:25,27,206,51,336,0,0,-1,0,0,0,20,0,Home Sweat Home,OK
2026-09-29,14:59:26,27,211,51,335,1,0,-1,0,0,0,20,0,Home Sweat Home,OK
2026-09-29,14:59:27,27,205,51,341,0,0,-1,0,0,0,20,0,Home Sweat Home,OK
2026-09-29,14:59:28,28,208,51,339,0,0,-1,0,0,0,20,0,Home Sweat Home,OK
2026-09-29,14:59:29,28,211,51,340,0,0,-1,0,0,0,20,0,Home Sweat Home,OK
2026-09-29,14:59:30,28,209,51,340,0,0,-1,0,0,0,20,0,Home Sweat Home,OK
2026-09-29,14:59:31,28,206,51,339,0,0,-1,0,0,0,20,0,Home Sweat Home,OK
2026-09-29,14:59:32,28,210,51,337,1,0,-1,0,0,0,20,0,Home Sweat Home,OK
2026-09-29,14:59:33,28,207,51,339,0,0,-1,0,0,0,20,0,Home Sweat Home,OK
2026-09-29,14:59:34,28,211,51,339,0,0,-1,0,0,0,20,0,Home Sweat Home,OK
2026-09-29,14:59:35,28,206,51,338,0,0,-1,0,0,0,20,0,Home Sweat Home,OK
2026-09-29,14:59:36,28,211,51,337,1,0,-1,0,0,0,20,0,Home Sweat Home,OK
2026-09-29,14:59:37,28,211,51,338,0,0,-1,0,0,0,20,0,Home Sweat Home,OK
2026-09-29,14:59:38,27,211,51,337,0,0,-1,0,0,0,20,0,Home Sweat Home,OK
2026-09-29,14:59:39,27,208,51,338,0,0,-1,0,0,0,20,0,Home Sweat Home,OK
2026-09-29,14:59:40,28,211,51,337,1,0,-1,0,0,0,20,0,Home Sweat Home,OK
2026-09-29,14:59:41,28,206,51,340,0,0,-1,0,0,0,20,0,Home Sweat Home,OK
2026-09-29,14:59:42,27,205,51,340,0,0,-1,0,0,0,20,0,Home Sweat Home,OK
2026-09-29,14:59:43,27,206,51,338,0,0,-1,0,0,0,20,0,Home Sweat Home,OK
2026-09-29,14:59:44,27,211,51,339,0,0,-1,0,0,0,20,0,Home Sweat Home,OK
2026-09-29,14:59:45,27,205,51,340,0,0,-1,0,0,0,20,0,Home Sweat Home,OK
2026-09-29,14:59:46,27,212,51,337,1,0,-1,0,0,0,20,0,Home Sweat Home,OK
2026-09-29,14:59:47,28,212,51,337,1,0,-1,0,0,0,20,0,Home Sweat Home,OK
2026-09-29,14:59:48,28,206,51,341,0,0,-1,0,0,0,20,0,Home Sweat Home,OK
2026-09-29,14:59:49,28,206,51,340,0,0,-1,0,0,0,20,0,Home Sweat Home,OK
2026-09-29,14:59:50,28,206,51,341,0,0,-1,0,0,0,20,0,Home Sweat Home,OK
2026-09-29,14:59:51,28,209,51,337,0,0,-1,0,0,0,20,0,Home Sweat Home,OK
2026-09-29,14:59:52,28,213,51,339,0,0,-1,0,0,0,20,0,Home Sweat Home,OK
2026-09-29,14:59:53,28,211,51,339,1,0,-1,0,0,0,20,0,Home Sweat Home,OK
2026-09-29,14:59:54,28,206,51,339,0,0,-1,0,0,0,20,0,Home Sweat Home,OK
2026-09-29,14:59:55,28,207,51,339,1,0,-1,0,0,0,20,0,Home Sweat Home,OK
2026-09-29,14:59:56,28,206,51,339,0,0,-1,0,0,0,20,0,Home Sweat Home,OK
2026-09-29,14:59:57,28,206,51,340,0,0,-1,0,0,0,20,0,Home Sweat Home,OK
2026-09-29,14:59:58,28,205,51,341,0,0,-1,0,0,0,20,0,Home Sweat Home,OK
2026-09-29,14:59:59,28,207,51,339,0,0,-1,0,0,0,20,0,Home Sweat Home,OK
2026-09-29,15:00:00,28,212,51,339,1,0,-1,0,0,0,20,0,Home Sweat Home,OK
2026-09-29,15:00:01,28,212,51,340,0,0,-1,0,0,0,20,0,Home Sweat Home,OK
2026-09-29,15:00:02,28,205,51,342,0,0,-1,0,0,0,20,0,Home Sweat Home,OK
2026-09-29,15:00:03,28,206,51,343,0,0,-1,0,0,0,20,0,Home Sweat Home,OK
2026-09-29,15:00:04,28,206,51,342,0,0,-1,0,0,0,20,0,Home Sweat Home,OK
2026-09-29,15:00:05,28,205,51,344,0,0,-1,0,0,0,20,0,Home Sweat Home,OK
2026-09-29,15:00:06,28,208,51,340,0,0,-1,0,0,0,20,0,Home Sweat Home,OK
2026-09-29,15:00:07,28,206,51,341,0,0,-1,0,0,0,20,0,Home Sweat Home,OK
2026-09-29,15:00:08,28,205,51,343,0,0,-1,0,0,0,20,0,Home Sweat Home,OK
2026-09-29,15:00:09,28,213,51,340,0,0,-1,0,0,0,20,0,Home Sweat Home,OK
2026-09-29,15:00:10,28,206,51,341,0,0,-1,0,0,0,20,0,Home Sweat Home,OK
2026-09-29,15:00:11,27,205,51,344,0,0,-1,0,0,0,20,0,Home Sweat Home,OK
2026-09-29,15:00:12,27,209,51,345,0,0,-1,0,0,0,20,0,Home Sweat Home,OK
2026-09-29,15:00:13,27,209,51,342,0,0,-1,0,0,0,20,0,Home Sweat Home,OK
2026-09-29,15:00:14,28,212,51,342,0,0,-1,0,0,0,20,0,Home Sweat Home,OK
2026-09-29,15:00:15,28,213,51,342,1,0,-1,0,0,0,20,0,Home Sweat Home,OK
2026-09-29,15:00:16,28,207,51,343,0,0,-1,0,0,0,20,0,Home Sweat Home,OK
2026-09-29,15:00:17,28,211,51,343,1,0,-1,0,0,0,20,0,Home Sweat Home,OK
2026-09-29,15:00:18,28,210,51,347,0,0,-1,0,0,0,20,0,Home Sweat Home,OK
2026-09-29,15:00:19,28,208,51,346,0,0,-1,0,0,0,20,0,Home Sweat Home,OK
2026-09-29,15:00:20,27,206,51,346,0,0,-1,0,0,0,20,0,Home Sweat Home,OK
2026-09-29,15:00:21,27,205,51,348,0,0,-1,0,0,0,20,0,Home Sweat Home,OK
2026-09-29,15:00:22,28,206,51,355,0,0,-1,0,0,0,20,0,Home Sweat Home,OK
2026-09-29,15:00:23,28,205,51,357,0,0,-1,0,0,0,20,0,Home Sweat Home,OK
2026-09-29,15:00:24,27,206,51,358,0,0,-1,0,0,0,20,0,Home Sweat Home,OK
2026-09-29,15:00:25,27,206,51,361,0,0,-1,0,0,0,20,0,Home Sweat Home,OK
2026-09-29,15:00:26,27,207,51,359,0,0,-1,0,0,0,20,0,Home Sweat Home,OK
2026-09-29,15:00:27,27,206,51,365,0,0,-1,0,0,0,20,0,Home Sweat Home,OK
2026-09-29,15:00:28,27,206,51,361,0,0,-1,0,0,0,20,0,Home Sweat Home,OK
2026-09-29,15:00:29,27,206,51,363,0,0,-1,0,0,0,20,0,Home Sweat Home,OK
2026-09-29,15:00:30,27,207,51,362,0,0,-1,0,0,0,20,0,Home Sweat Home,OK
2026-09-29,15:00:31,27,208,51,362,0,0,-1,0,0,0,20,0,Home Sweat Home,OK
2026-09-29,15:00:32,28,205,51,361,0,0,-1,0,0,0,20,0,Home Sweat Home,OK
2026-09-29,15:00:33,28,205,51,362,0,0,-1,0,0,0,20,0,Home Sweat Home,OK
2026-09-29,15:00:34,27,206,51,360,0,0,-1,0,0,0,20,0,Home Sweat Home,OK
2026-09-29,15:00:35,27,212,51,357,0,0,-1,0,0,0,20,0,Home Sweat Home,OK
2026-09-29,15:00:36,28,208,51,360,0,0,-1,0,0,0,20,0,Home Sweat Home,OK
2026-09-29,15:00:37,28,206,51,359,0,0,-1,0,0,0,20,0,Home Sweat Home,OK
2026-09-29,15:00:38,28,207,51,361,0,0,-1,0,0,0,20,0,Home Sweat Home,OK
2026-09-29,15:00:39,28,207,51,357,0,0,-1,0,0,0,20,0,Home Sweat Home,OK
2026-09-29,15:00:40,27,207,51,358,0,0,-1,0,0,0,20,0,Home Sweat Home,OK
2026-09-29,15:00:41,27,210,51,354,0,0,-1,0,0,0,20,0,Home Sweat Home,OK
2026-09-29,15:00:42,27,206,51,356,0,0,-1,0,0,0,20,0,Home Sweat Home,OK
2026-09-29,15:00:43,27,208,51,353,0,0,-1,0,0,0,20,0,Home Sweat Home,OK
2026-09-29,15:00:44,27,206,51,353,0,0,-1,0,0,0,20,0,Home Sweat Home,OK
2026-09-29,15:00:45,28,206,51,353,0,0,-1,0,0,0,20,0,Home Sweat Home,OK
2026-09-29,15:00:46,28,208,51,354,0,0,-1,0,0,0,20,0,Home Sweat Home,OK
2026-09-29,15:00:47,28,208,51,351,0,0,-1,0,0,0,20,0,Home Sweat Home,OK
2026-09-29,15:00:48,28,206,51,351,0,0,-1,0,0,0,20,0,Home Sweat Home,OK
2026-09-29,15:00:49,28,207,51,350,0,0,-1,0,0,0,20,0,Home Sweat Home,OK
2026-09-29,15:00:50,28,206,51,350,0,0,-1,0,0,0,20,0,Home Sweat Home,OK
2026-09-29,15:00:51,27,207,51,348,0,0,-1,0,0,0,20,0,Home Sweat Home,OK
2026-09-29,15:00:52,27,213,51,345,1,0,-1,0,0,0,20,0,Home Sweat Home,OK
2026-09-29,15:00:53,28,207,51,349,0,0,-1,0,0,0,20,0,Home Sweat Home,OK
2026-09-29,15:00:54,28,205,51,349,0,0,-1,0,0,0,20,0,Home Sweat Home,OK
2026-09-29,15:00:55,28,207,51,347,0,0,-1,0,0,0,20,0,Home Sweat Home,OK
2026-09-29,15:00:56,28,208,51,348,0,0,-1,0,0,0,20,0,Home Sweat Home,OK
2026-09-29,15:00:57,28,206,51,347,0,0,-1,0,0,0,20,0,Home Sweat Home,OK
2026-09-29,15:00:58,28,207,51,346,0,0,-1,0,0,0,20,0,Home Sweat Home,OK
2026-09-29,15:00:59,28,208,51,345,0,0,-1,0,0,0,20,0,Home Sweat Home,OK
2026-09-29,15:01:00,28,213,51,345,1,0,-1,0,0,0,20,0,Home Sweat Home,OK
2026-09-29,15:01:01,28,212,51,343,1,0,-1,0,0,0,20,0,Home Sweat Home,OK
2026-09-29,15:01:02,28,207,51,345,0,0,-1,0,0,0,20,0,Home Sweat Home,OK
2026-09-29,15:01:03,28,210,51,344,0,0,-1,0,0,0,20,0,Home Sweat Home,OK
2026-09-29,15:01:04,28,206,51,343,0,0,-1,0,0,0,20,0,Home Sweat Home,OK
2026-09-29,15:01:05,27,214,51,340,1,0,-1,0,0,0,20,0,Home Sweat Home,OK
2026-09-29,15:01:06,27,206,51,341,0,0,-1,0,0,0,20,0,Home Sweat Home,OK
2026-09-29,15:01:07,28,212,51,337,1,0,-1,0,0,0,20,0,Home Sweat Home,OK
2026-09-29,15:01:08,28,214,51,337,1,0,-1,0,0,0,20,0,Home Sweat Home,OK
2026-09-29,15:01:09,28,210,51,336,2,0,-1,0,0,0,20,0,Home Sweat Home,OK
2026-09-29,15:01:10,28,207,51,341,0,0,-1,0,0,0,20,0,Home Sweat Home,OK
2026-09-29,15:01:11,28,206,51,338,0,0,-1,0,0,0,20,0,Home Sweat Home,OK
2026-09-29,15:01:12,28,208,51,337,0,0,-1,0,0,0,20,0,Home Sweat Home,OK
2026-09-29,15:01:13,28,206,51,336,0,0,-1,0,0,0,20,0,Home Sweat Home,OK
2026-09-29,15:01:14,28,212,51,333,1,0,-1,0,0,0,20,0,Home Sweat Home,OK
2026-09-29,15:01:15,28,206,51,335,0,0,-1,0,0,0,20,0,Home Sweat Home,OK
2026-09-29,15:01:16,28,208,51,335,0,0,-1,0,0,0,20,0,Home Sweat Home,OK
2026-09-29,15:01:17,28,207,51,332,0,0,-1,0,0,0,20,0,Home Sweat Home,OK
2026-09-29,15:01:18,27,206,51,333,0,0,-1,0,0,0,20,0,Home Sweat Home,OK
2026-09-29,15:01:19,27,207,51,333,0,0,-1,0,0,0,20,0,Home Sweat Home,OK
2026-09-29,15:01:20,28,211,51,333,0,0,-1,0,0,0,20,0,Home Sweat Home,OK
2026-09-29,15:01:21,28,206,51,334,0,0,-1,0,0,0,20,0,Home Sweat Home,OK
2026-09-29,15:01:22,28,206,51,332,0,0,-1,0,0,0,20,0,Home Sweat Home,OK
2026-09-29,15:01:23,28,212,51,328,1,0,-1,0,0,0,20,0,Home Sweat Home,OK
2026-09-29,15:01:24,28,212,51,327,1,0,-1,0,0,0,20,0,Home Sweat Home,OK
2026-09-29,15:01:25,28,211,51,330,0,0,-1,0,0,0,20,0,Home Sweat Home,OK
2026-09-29,15:01:26,28,206,51,330,0,0,-1,0,0,0,20,0,Home Sweat Home,OK
2026-09-29,15:01:27,28,206,51,328,0,0,-1,0,0,0,20,0,Home Sweat Home,OK
2026-09-29,15:01:28,28,206,51,328,0,0,-1,0,0,0,20,0,Home Sweat Home,OK
2026-09-29,15:01:29,28,206,51,325,0,0,-1,0,0,0,20,0,Home Sweat Home,OK
2026-09-29,15:01:30,27,206,51,324,0,0,-1,0,0,0,20,0,Home Sweat Home,OK
2026-09-29,15:01:31,27,210,51,321,0,0,-1,0,0,0,20,0,Home Sweat Home,OK
2026-09-29,15:01:32,28,206,51,323,0,0,-1,0,0,0,20,0,Home Sweat Home,OK
2026-09-29,15:01:33,28,208,51,320,0,0,-1,0,0,0,20,0,Home Sweat Home,OK
2026-09-29,15:01:34,27,213,51,320,1,0,-1,0,0,0,20,0,Home Sweat Home,OK
2026-09-29,15:01:35,27,207,51,323,0,0,-1,0,0,0,20,0,Home Sweat Home,OK
2026-09-29,15:01:36,28,213,51,322,0,0,-1,0,0,0,20,0,Home Sweat Home,OK
2026-09-29,15:01:37,28,206,51,324,0,0,-1,0,0,0,20,0,Home Sweat Home,OK
2026-09-29,15:01:38,28,210,51,325,0,0,-1,0,0,0,20,0,Home Sweat Home,OK
2026-09-29,15:01:39,28,208,51,326,0,0,-1,0,0,0,20,0,Home Sweat Home,OK
2026-09-29,15:01:40,28,207,51,325,0,0,-1,0,0,0,20,0,Home Sweat Home,OK
2026-09-29,15:01:41,28,206,51,326,0,0,-1,0,0,0,20,0,Home Sweat Home,OK
2026-09-29,15:01:42,28,206,51,325,0,0,-1,0,0,0,20,0,Home Sweat Home,OK
2026-09-29,15:01:43,28,212,51,324,0,0,-1,0,0,0,20,0,Home Sweat Home,OK
2026-09-29,15:01:44,28,212,51,324,1,0,-1,0,0,0,20,0,Home Sweat Home,OK
2026-09-29,15:01:45,28,207,51,326,0,0,-1,0,0,0,20,0,Home Sweat Home,OK
2026-09-29,15:01:46,28,214,51,327,1,0,-1,0,0,0,20,0,Home Sweat Home,OK
2026-09-29,15:01:47,28,206,51,328,0,0,-1,0,0,0,20,0,Home Sweat Home,OK
2026-09-29,15:01:48,28,206,51,330,0,0,-1,0,0,0,20,0,Home Sweat Home,OK
2026-09-29,15:01:49,28,213,51,326,0,0,-1,0,0,0,20,0,Home Sweat Home,OK
2026-09-29,15:01:50,28,213,51,326,0,0,-1,0,0,0,20,0,Home Sweat Home,OK
2026-09-29,15:01:51,27,207,51,330,0,0,-1,0,0,0,20,0,Home Sweat Home,OK
2026-09-29,15:01:52,27,212,51,328,1,0,-1,0,0,0,20,0,Home Sweat Home,OK
2026-09-29,15:01:53,28,206,51,328,0,0,-1,0,0,0,20,0,Home Sweat Home,OK
2026-09-29,15:01:54,28,210,51,326,0,0,-1,0,0,0,20,0,Home Sweat Home,OK
2026-09-29,15:01:55,27,210,51,328,0,0,-1,0,0,0,20,0,Home Sweat Home,OK
2026-09-29,15:01:56,27,207,51,333,0,0,-1,0,0,0,20,0,Home Sweat Home,OK
2026-09-29,15:01:57,28,206,51,330,0,0,-1,0,0,0,20,0,Home Sweat Home,OK
2026-09-29,15:01:58,28,206,51,333,0,0,-1,0,0,0,20,0,Home Sweat Home,OK
2026-09-29,15:01:59,27,206,51,332,0,0,-1,0,0,0,20,0,Home Sweat Home,OK
2026-09-29,15:02:00,27,210,51,330,0,0,-1,0,0,0,20,0,Home Sweat Home,OK
2026-09-29,15:02:01,28,211,51,331,0,0,-1,0,0,0,20,0,Home Sweat Home,OK
2026-09-29,15:02:02,28,212,51,333,0,0,-1,0,0,0,20,0,Home Sweat Home,OK
2026-09-29,15:02:03,28,206,51,335,0,0,-1,0,0,0,20,0,Home Sweat Home,OK
2026-09-29,15:02:04,28,210,51,336,0,0,-1,0,0,0,20,0,Home Sweat Home,OK
2026-09-29,15:02:05,28,206,51,340,0,0,-1,0,0,0,20,0,Home Sweat Home,OK
2026-09-29,15:02:06,28,206,51,341,0,0,-1,0,0,0,20,0,Home Sweat Home,OK
2026-09-29,15:02:07,28,208,51,342,0,0,-1,0,0,0,20,0,Home Sweat Home,OK
2026-09-29,15:02:08,28,209,51,341,1,0,-1,0,0,0,20,0,Home Sweat Home,OK
2026-09-29,15:02:09,28,214,51,342,1,0,-1,0,0,0,20,0,Home Sweat Home,OK
2026-09-29,15:02:10,28,212,51,342,0,0,-1,0,0,0,20,0,Home Sweat Home,OK
2026-09-29,15:02:11,28,214,51,343,1,0,-1,0,0,0,20,0,Home Sweat Home,OK
2026-09-29,15:02:12,28,206,51,348,0,0,-1,0,0,0,20,0,Home Sweat Home,OK
2026-09-29,15:02:21,28,208,51,351,0,0,-1,0,1,0,0,0,System OK,OK
2026-09-29,15:02:22,28,208,51,353,0,0,-1,0,1,0,0,0,System OK,OK
2026-09-29,15:02:23,28,207,51,355,0,0,-1,0,1,0,0,0,System OK,OK
2026-09-29,15:02:24,28,209,51,352,0,0,-1,0,1,0,0,0,System OK,OK
2026-09-29,15:02:25,28,214,51,353,1,0,-1,0,1,0,0,0,System OK,OK
2026-09-29,15:02:26,28,148,51,494,0,0,-1,0,0,0,0,1,System OK,OK
2026-09-29,15:02:27,28,207,51,358,0,0,-1,0,1,0,0,0,System OK,OK
2026-09-29,15:02:28,28,206,51,361,0,0,-1,0,1,0,0,0,System OK,OK
2026-09-29,15:02:29,28,208,51,732,0,0,-1,0,0,0,0,1,System OK,OK
2026-09-29,15:02:30,28,210,51,738,0,0,-1,0,0,0,0,1,System OK,OK
2026-09-29,15:02:31,27,213,51,754,1,0,-1,0,0,0,0,1,System OK,OK
2026-09-29,15:02:32,27,208,51,753,0,0,-1,0,0,0,0,1,System OK,OK
2026-09-29,15:02:33,28,200,51,362,2,0,-1,0,1,0,0,0,System OK,OK
2026-09-29,15:02:34,28,207,51,368,0,0,-1,0,1,0,0,0,System OK,OK
2026-09-29,15:02:35,28,210,51,367,0,0,-1,0,1,0,0,0,System OK,OK
2026-09-29,15:02:36,28,210,51,366,0,0,-1,0,1,0,0,0,System OK,OK
2026-09-29,15:02:37,28,212,51,367,0,0,-1,0,1,0,0,0,System OK,OK
2026-09-29,15:02:38,28,207,51,368,0,0,-1,0,1,0,0,0,System OK,OK
2026-09-29,15:02:39,28,208,51,367,0,0,-1,0,1,0,0,0,System OK,OK
2026-09-29,15:02:40,28,213,51,366,1,0,-1,0,1,0,0,0,System OK,OK
2026-09-29,15:02:41,28,210,51,371,1,0,-1,0,1,0,0,0,System OK,OK
2026-09-29,15:02:42,28,207,51,376,0,0,-1,0,1,0,0,0,System OK,OK
2026-09-29,15:02:43,27,211,51,376,1,0,-1,0,1,0,0,0,System OK,OK
2026-09-29,15:02:44,27,209,51,377,1,0,-1,0,1,0,0,0,System OK,OK
2026-09-29,15:02:45,28,214,51,378,2,0,-1,0,0,0,20,0,Home Sweat Home,OK
2026-09-29,15:02:46,28,209,51,379,0,0,-1,0,1,0,0,0,System OK,OK
2026-09-29,15:02:47,28,207,51,384,0,0,-1,0,1,0,0,0,System OK,OK
2026-09-29,15:02:48,28,211,51,383,1,0,-1,0,1,0,0,0,System OK,OK
2026-09-29,15:02:49,28,207,51,730,0,0,-1,0,0,0,0,1,System OK,OK
2026-09-29,15:02:50,28,207,51,751,0,0,-1,0,0,0,0,1,System OK,OK
2026-09-29,15:02:51,28,207,51,746,0,0,-1,0,0,0,0,1,System OK,OK
2026-09-29,15:02:52,28,214,51,731,2,0,-1,0,0,0,0,1,System OK,OK
2026-09-29,15:02:53,28,209,51,722,0,0,-1,0,0,0,0,1,System OK,OK
2026-09-29,15:02:54,28,212,51,708,2,0,-1,0,0,0,0,1,System OK,OK
2026-09-29,15:02:55,28,207,51,388,0,0,-1,0,1,0,0,0,System OK,OK
2026-09-29,15:02:56,28,212,51,380,1,0,-1,0,1,0,0,0,System OK,OK
2026-09-29,15:02:57,28,208,51,378,0,0,-1,0,1,0,0,0,System OK,OK
2026-09-29,15:02:58,28,208,51,382,0,0,-1,0,1,0,0,0,System OK,OK
2026-09-29,15:02:59,28,212,51,380,2,0,-1,0,1,0,0,0,System OK,OK
2026-09-29,15:03:00,27,208,51,387,0,0,-1,0,1,0,0,0,System OK,OK
2026-09-29,15:03:01,27,208,51,390,0,0,-1,0,1,0,0,0,System OK,OK
2026-09-29,15:03:02,27,215,51,390,0,0,-1,0,1,0,0,0,System OK,OK
2026-09-29,15:03:03,27,208,51,391,0,0,-1,0,1,0,0,0,System OK,OK
2026-09-29,15:03:04,28,214,51,388,2,0,-1,0,1,0,0,0,System OK,OK
2026-09-29,15:03:05,28,208,51,391,0,0,-1,0,1,0,0,0,System OK,OK
2026-09-29,15:03:06,28,215,51,385,2,0,-1,0,1,0,0,0,System OK,OK
2026-09-29,15:03:07,28,208,51,388,1,0,-1,0,1,0,0,0,System OK,OK
2026-09-29,15:03:08,28,208,51,390,0,0,-1,0,1,0,0,0,System OK,OK
2026-09-29,15:03:09,28,209,51,393,1,0,-1,0,1,0,0,0,System OK,OK
2026-09-29,15:03:10,28,215,51,390,2,0,-1,0,1,0,0,0,System OK,OK
2026-09-29,15:03:11,28,208,51,393,0,0,-1,0,1,0,0,0,System OK,OK
2026-09-29,15:03:12,28,215,51,386,2,0,-1,0,1,0,0,0,System OK,OK
2026-09-29,15:03:13,28,208,51,388,0,0,-1,0,1,0,0,0,System OK,OK
2026-09-29,15:03:14,28,208,51,383,0,0,-1,0,1,0,0,0,System OK,OK
2026-09-29,15:03:15,28,208,51,379,0,0,-1,0,1,0,0,0,System OK,OK
2026-09-29,15:03:16,28,208,51,377,1,0,-1,0,1,0,0,0,System OK,OK
2026-09-29,15:03:17,28,211,51,376,2,0,-1,0,1,0,0,0,System OK,OK
2026-09-29,15:03:18,28,208,51,378,1,0,-1,0,1,0,0,0,System OK,OK
2026-09-29,15:03:19,28,208,51,378,0,0,-1,0,1,0,0,0,System OK,OK
2026-09-29,15:03:20,28,208,51,380,0,0,-1,0,1,0,0,0,System OK,OK
2026-09-29,15:03:21,28,213,51,379,1,0,-1,0,1,0,0,0,System OK,OK
2026-09-29,15:03:22,28,208,51,381,0,0,-1,0,1,0,0,0,System OK,OK
2026-09-29,15:03:23,28,210,51,383,0,0,-1,0,1,0,0,0,System OK,OK
2026-09-29,15:03:24,28,209,51,383,1,0,-1,0,1,0,0,0,System OK,OK
2026-09-29,15:03:25,28,208,51,383,0,0,-1,0,1,0,0,0,System OK,OK
2026-09-29,15:03:26,27,214,51,379,2,0,-1,0,1,0,0,0,System OK,OK
2026-09-29,15:03:27,27,214,51,378,2,0,-1,0,1,0,0,0,System OK,OK
2026-09-29,15:03:28,28,215,51,378,2,0,-1,0,1,0,0,0,System OK,OK
2026-09-29,15:03:29,28,213,51,379,2,0,-1,0,1,0,0,0,System OK,OK
2026-09-29,15:03:30,28,215,51,380,2,0,-1,0,1,0,0,0,System OK,OK
2026-09-29,15:03:31,28,214,51,379,2,0,-1,0,1,0,0,0,System OK,OK
2026-09-29,15:03:32,28,210,51,383,0,0,-1,0,1,0,0,0,System OK,OK
2026-09-29,15:03:33,28,208,51,384,0,0,-1,0,1,0,0,0,System OK,OK
2026-09-29,15:03:34,28,207,51,384,0,0,-1,0,1,0,0,0,System OK,OK
2026-09-29,15:03:35,28,215,51,381,2,0,-1,0,1,0,0,0,System OK,OK
2026-09-29,15:03:36,28,213,51,383,2,0,-1,0,1,0,0,0,System OK,OK
2026-09-29,15:03:37,28,208,51,385,0,0,-1,0,1,0,0,0,System OK,OK
2026-09-29,15:03:38,28,216,51,384,2,0,-1,0,1,0,0,0,System OK,OK
2026-09-29,15:03:39,28,211,51,385,1,0,-1,0,1,0,0,0,System OK,OK
2026-09-29,15:03:40,28,213,51,387,1,0,-1,0,1,0,0,0,System OK,OK
2026-09-29,15:03:41,28,207,51,386,0,0,-1,0,1,0,0,0,System OK,OK
2026-09-29,15:03:42,28,209,51,387,0,0,-1,0,1,0,0,0,System OK,OK
2026-09-29,15:03:43,28,207,51,388,0,0,-1,0,1,0,0,0,System OK,OK
2026-09-29,15:03:44,28,208,51,387,0,0,-1,0,1,0,0,0,System OK,OK
2026-09-29,15:03:45,28,214,51,385,2,0,-1,0,1,0,0,0,System OK,OK
2026-09-29,15:03:46,28,211,51,385,1,0,-1,0,1,0,0,0,System OK,OK
2026-09-29,15:03:51,0,0,0,0,0,0,0,0,1,0,0,0,System OK,OK
2026-09-29,15:03:52,28,208,51,389,0,0,-1,0,1,0,0,0,System OK,OK
2026-09-29,15:03:53,28,210,51,390,1,0,-1,0,0,0,20,0,Home Sweat Home,OK
2026-09-29,15:03:54,28,207,51,390,0,0,-1,0,1,0,20,0,Home Sweat Home,OK
2026-09-29,15:03:55,28,214,51,385,2,0,-1,0,1,0,20,0,Home Sweat Home,OK
2026-09-29,15:03:56,28,208,51,389,1,0,-1,0,1,0,20,0,Home Sweat Home,OK
2026-09-29,15:03:57,28,209,51,387,1,0,-1,0,1,0,20,0,Home Sweat Home,OK
2026-09-29,15:03:58,28,208,51,388,1,0,-1,0,1,0,20,0,Home Sweat Home,OK
2026-09-29,15:03:59,28,210,51,391,0,0,-1,0,1,0,20,0,Home Sweat Home,OK
2026-09-29,15:04:00,28,210,51,390,1,0,-1,0,1,0,20,0,Home Sweat Home,OK
2026-09-29,15:04:01,28,215,51,386,2,0,-1,0,1,0,20,0,Home Sweat Home,OK
2026-09-29,15:04:02,28,208,51,388,1,0,-1,0,1,0,20,0,Home Sweat Home,OK
2026-09-29,15:04:03,28,207,51,390,0,0,-1,0,1,0,20,0,Home Sweat Home,OK
2026-09-29,15:04:04,28,214,51,387,2,0,-1,0,1,0,20,0,Home Sweat Home,OK
2026-09-29,15:04:05,28,215,51,386,2,0,-1,0,1,0,20,0,Home Sweat Home,OK
2026-09-29,15:04:06,28,208,51,390,0,0,-1,0,1,0,20,0,Home Sweat Home,OK
2026-09-29,15:04:07,28,208,51,388,0,0,-1,0,1,0,20,0,Home Sweat Home,OK
2026-09-29,15:04:08,28,208,51,393,0,0,-1,0,1,0,20,0,Home Sweat Home,OK
2026-09-29,15:04:09,28,213,51,388,2,0,-1,0,1,0,20,0,Home Sweat Home,OK
2026-09-29,15:04:10,28,212,51,388,1,0,-1,0,1,0,20,0,Home Sweat Home,OK
2026-09-29,15:04:11,28,208,51,392,0,0,-1,0,1,0,20,0,Home Sweat Home,OK
2026-09-29,15:04:12,28,214,51,389,2,0,-1,0,1,0,20,0,Home Sweat Home,OK
2026-09-29,15:04:13,28,208,51,392,1,0,-1,0,1,0,20,0,Home Sweat Home,OK
2026-09-29,15:04:14,28,215,51,389,3,0,-1,0,1,0,20,0,Home Sweat Home,OK
2026-09-29,15:04:15,28,208,51,389,1,0,-1,0,1,0,20,0,Home Sweat Home,OK
2026-09-29,15:04:16,28,208,51,389,0,0,-1,0,1,0,20,0,Home Sweat Home,OK
2026-09-29,15:04:17,28,207,51,391,0,0,-1,0,1,0,20,0,Home Sweat Home,OK
2026-09-29,15:04:18,28,215,51,387,3,0,-1,0,1,0,20,0,Home Sweat Home,OK
2026-09-29,15:04:19,28,212,51,387,2,0,-1,0,1,0,20,0,Home Sweat Home,OK
2026-09-29,15:04:20,28,208,51,391,0,0,-1,0,1,0,20,0,Home Sweat Home,OK
2026-09-29,15:04:21,28,208,51,391,0,0,-1,0,1,0,20,0,Home Sweat Home,OK
2026-09-29,15:04:22,28,208,51,391,0,0,-1,0,1,0,20,0,Home Sweat Home,OK
2026-09-29,15:04:23,28,209,51,393,0,0,-1,0,1,0,20,0,Home Sweat Home,OK
2026-09-29,15:04:24,28,208,51,392,1,0,-1,0,1,0,20,0,Home Sweat Home,OK
2026-09-29,15:04:25,28,208,51,395,0,0,-1,0,1,0,20,0,Home Sweat Home,OK
2026-09-29,15:04:26,28,211,51,399,1,0,-1,0,1,0,20,0,Home Sweat Home,OK
2026-09-29,15:04:27,28,208,51,402,0,0,-1,0,1,0,20,0,Home Sweat Home,OK
2026-09-29,15:04:28,28,209,51,403,0,0,-1,0,1,0,20,0,Home Sweat Home,OK
2026-09-29,15:04:29,28,207,51,404,0,0,-1,0,1,0,20,0,Home Sweat Home,OK
2026-09-29,15:04:30,28,208,51,405,0,0,-1,0,1,0,20,0,Home Sweat Home,OK
2026-09-29,15:04:31,28,208,51,403,0,0,-1,0,1,0,20,0,Home Sweat Home,OK
2026-09-29,15:04:32,28,214,51,400,2,0,-1,0,1,0,20,0,Home Sweat Home,OK
2026-09-29,15:04:33,28,208,51,400,1,0,-1,0,1,0,20,0,Home Sweat Home,OK
2026-09-29,15:04:34,28,208,51,400,0,0,-1,0,1,0,20,0,Home Sweat Home,OK
2026-09-29,15:04:35,28,212,51,400,1,0,-1,0,1,0,20,0,Home Sweat Home,OK
2026-09-29,15:04:36,28,210,51,403,0,0,-1,0,1,0,20,0,Home Sweat Home,OK
2026-09-29,15:04:37,28,209,51,401,0,0,-1,0,1,0,20,0,Home Sweat Home,OK
2026-09-29,15:04:38,28,214,51,395,2,0,-1,0,1,0,20,0,Home Sweat Home,OK
2026-09-29,15:04:39,28,215,51,394,3,0,-1,0,1,0,20,0,Home Sweat Home,OK
2026-09-29,15:04:40,28,207,51,399,0,0,-1,0,1,0,20,0,Home Sweat Home,OK
2026-09-29,15:04:41,28,207,51,399,0,0,-1,0,1,0,20,0,Home Sweat Home,OK
2026-09-29,15:04:42,28,214,51,398,1,0,-1,0,1,0,20,0,Home Sweat Home,OK
2026-09-29,15:04:43,28,211,51,398,0,0,-1,0,1,0,20,0,Home Sweat Home,OK
2026-09-29,15:04:44,28,208,51,396,1,0,-1,0,1,0,20,0,Home Sweat Home,OK
2026-09-29,15:04:45,28,207,51,396,0,0,-1,0,1,0,20,0,Home Sweat Home,OK
2026-09-29,15:04:46,28,208,51,394,1,0,-1,0,1,0,20,0,Home Sweat Home,OK
2026-09-29,15:04:47,28,208,51,393,0,0,-1,0,1,0,20,0,Home Sweat Home,OK
2026-09-29,15:04:48,28,207,51,395,0,0,-1,0,1,0,20,0,Home Sweat Home,OK
2026-09-29,15:04:49,28,208,51,395,0,0,-1,0,1,0,20,0,Home Sweat Home,OK
2026-09-29,15:04:50,28,208,51,392,0,0,-1,0,1,0,20,0,Home Sweat Home,OK
2026-09-29,15:04:51,28,208,51,390,1,0,-1,0,1,0,20,0,Home Sweat Home,OK
2026-09-29,15:04:52,28,208,51,391,0,0,-1,0,1,0,20,0,Home Sweat Home,OK
2026-09-29,15:04:53,28,212,51,386,2,0,-1,0,1,0,20,0,Home Sweat Home,OK
2026-09-29,15:04:54,28,212,51,386,2,0,-1,0,1,0,20,0,Home Sweat Home,OK
2026-09-29,15:04:55,28,208,51,386,1,0,-1,0,1,0,20,0,Home Sweat Home,OK
2026-09-29,15:04:56,28,207,51,389,0,0,-1,0,1,0,20,0,Home Sweat Home,OK
2026-09-29,15:04:57,28,213,51,384,2,0,-1,0,1,0,20,0,Home Sweat Home,OK
2026-09-29,15:04:58,28,208,51,386,0,0,-1,0,1,0,20,0,Home Sweat Home,OK
2026-09-29,15:04:59,28,211,51,386,0,0,-1,0,1,0,20,0,Home Sweat Home,OK
2026-09-29,15:05:00,28,209,51,384,1,0,-1,0,1,0,20,0,Home Sweat Home,OK
2026-09-29,15:05:01,28,207,51,382,0,0,-1,0,1,0,20,0,Home Sweat Home,OK
2026-09-29,15:05:02,28,214,51,381,2,0,-1,0,1,0,20,0,Home Sweat Home,OK
2026-09-29,15:05:03,28,215,51,380,3,0,-1,0,1,0,20,0,Home Sweat Home,OK
2026-09-29,15:05:04,28,208,51,382,0,0,-1,0,1,0,20,0,Home Sweat Home,OK
2026-09-29,15:05:05,28,208,51,383,0,0,-1,0,1,0,20,0,Home Sweat Home,OK
2026-09-29,15:05:06,28,212,51,377,2,0,-1,0,1,0,20,0,Home Sweat Home,OK
2026-09-29,15:05:07,28,208,51,379,1,0,-1,0,1,0,20,0,Home Sweat Home,OK
2026-09-29,15:05:08,28,214,51,377,1,0,-1,0,1,0,20,0,Home Sweat Home,OK
2026-09-29,15:05:09,28,210,51,377,1,0,-1,0,1,0,20,0,Home Sweat Home,OK
2026-09-29,15:05:10,28,210,51,376,1,0,-1,0,1,0,20,0,Home Sweat Home,OK
2026-09-29,15:05:11,28,210,51,375,2,0,-1,0,1,0,20,0,Home Sweat Home,OK
2026-09-29,15:05:12,28,208,51,378,0,0,-1,0,1,0,20,0,Home Sweat Home,OK
2026-09-29,15:05:13,28,212,51,377,1,0,-1,0,1,0,20,0,Home Sweat Home,OK
2026-09-29,15:05:14,28,207,51,379,0,0,-1,0,1,0,20,0,Home Sweat Home,OK
2026-09-29,15:05:15,28,213,51,374,2,0,-1,0,1,0,20,0,Home Sweat Home,OK
2026-09-29,15:05:16,28,210,51,375,1,0,-1,0,1,0,20,0,Home Sweat Home,OK
2026-09-29,15:05:17,28,215,51,372,2,0,-1,0,1,0,20,0,Home Sweat Home,OK
2026-09-29,15:05:18,28,209,51,369,1,0,-1,0,1,0,20,0,Home Sweat Home,OK
2026-09-29,15:05:19,28,216,51,367,2,0,-1,0,1,0,20,0,Home Sweat Home,OK
2026-09-29,15:05:20,28,214,51,367,2,0,-1,0,1,0,20,0,Home Sweat Home,OK
2026-09-29,15:05:21,28,208,51,368,0,0,-1,0,1,0,20,0,Home Sweat Home,OK
2026-09-29,15:05:22,28,208,51,368,0,0,-1,0,1,0,20,0,Home Sweat Home,OK
2026-09-29,15:05:23,28,208,51,363,0,0,-1,0,1,0,20,0,Home Sweat Home,OK
2026-09-29,15:05:24,28,208,51,361,1,0,-1,0,1,0,20,0,Home Sweat Home,OK
2026-09-29,15:05:25,28,214,51,357,2,0,-1,0,1,0,20,0,Home Sweat Home,OK
2026-09-29,15:05:26,28,213,51,357,1,0,-1,0,1,0,20,0,Home Sweat Home,OK
2026-09-29,15:05:27,28,207,51,359,0,0,-1,0,1,0,20,0,Home Sweat Home,OK
2026-09-29,15:05:28,28,211,51,358,1,0,-1,0,1,0,20,0,Home Sweat Home,OK
2026-09-29,15:05:29,28,208,51,355,1,0,-1,0,1,0,20,0,Home Sweat Home,OK
2026-09-29,15:05:30,28,210,51,358,1,0,-1,0,1,0,20,0,Home Sweat Home,OK
2026-09-29,15:05:31,28,208,51,359,0,0,-1,0,1,0,20,0,Home Sweat Home,OK
2026-09-29,15:05:32,28,210,51,357,1,0,-1,0,1,0,20,0,Home Sweat Home,OK
2026-09-29,15:05:33,28,214,51,354,2,0,-1,0,1,0,20,0,Home Sweat Home,OK
2026-09-29,15:05:34,28,207,51,354,0,0,-1,0,1,0,20,0,Home Sweat Home,OK
2026-09-29,15:05:35,28,207,51,354,0,0,-1,0,1,0,20,0,Home Sweat Home,OK
2026-09-29,15:05:36,28,207,51,355,0,0,-1,0,1,0,20,0,Home Sweat Home,OK
2026-09-29,15:05:37,28,208,51,355,0,0,-1,0,1,0,20,0,Home Sweat Home,OK
2026-09-29,15:05:38,28,215,51,351,2,0,-1,0,1,0,20,0,Home Sweat Home,OK
2026-09-29,15:05:39,28,213,51,352,2,0,-1,0,1,0,20,0,Home Sweat Home,OK
2026-09-29,15:05:40,28,209,51,352,1,0,-1,0,1,0,20,0,Home Sweat Home,OK
2026-09-29,15:05:41,28,208,51,354,0,0,-1,0,1,0,20,0,Home Sweat Home,OK
2026-09-29,15:05:42,28,210,51,353,0,0,-1,0,1,0,20,0,Home Sweat Home,OK
2026-09-29,15:05:43,28,208,51,353,1,0,-1,0,1,0,20,0,Home Sweat Home,OK
2026-09-29,15:05:44,28,214,51,350,2,0,-1,0,1,0,20,0,Home Sweat Home,OK
2026-09-29,15:05:45,28,208,51,352,1,0,-1,0,1,0,20,0,Home Sweat Home,OK
2026-09-29,15:05:46,28,208,51,354,0,0,-1,0,1,0,20,0,Home Sweat Home,OK
2026-09-29,15:05:47,28,208,51,354,0,0,-1,0,1,0,20,0,Home Sweat Home,OK
2026-09-29,15:05:48,28,207,51,352,0,0,-1,0,1,0,20,0,Home Sweat Home,OK
2026-09-29,15:05:49,28,215,51,351,2,0,-1,0,1,0,20,0,Home Sweat Home,OK
2026-09-29,15:05:50,28,207,51,352,0,0,-1,0,1,0,20,0,Home Sweat Home,OK
2026-09-29,15:05:51,28,208,51,352,1,0,-1,0,1,0,20,0,Home Sweat Home,OK
2026-09-29,15:05:52,28,208,51,351,1,0,-1,0,1,0,20,0,Home Sweat Home,OK
2026-09-29,15:05:53,28,213,51,351,1,0,-1,0,1,0,20,0,Home Sweat Home,OK
2026-09-29,15:05:54,28,208,51,351,0,0,-1,0,1,0,20,0,Home Sweat Home,OK
2026-09-29,15:05:55,28,212,51,348,2,0,-1,0,1,0,20,0,Home Sweat Home,OK
2026-09-29,15:05:56,28,208,51,353,0,0,-1,0,1,0,20,0,Home Sweat Home,OK
2026-09-29,15:05:57,28,208,51,352,0,0,-1,0,1,0,20,0,Home Sweat Home,OK
2026-09-29,15:05:58,28,208,51,352,0,0,-1,0,1,0,20,0,Home Sweat Home,OK
2026-09-29,15:05:59,28,213,51,350,2,0,-1,0,1,0,20,0,Home Sweat Home,OK
2026-09-29,15:06:00,28,208,51,352,0,0,-1,0,1,0,20,0,Home Sweat Home,OK
2026-09-29,15:06:01,28,208,51,349,1,0,-1,0,1,0,20,0,Home Sweat Home,OK
2026-09-29,15:06:02,28,210,51,349,1,0,-1,0,1,0,20,0,Home Sweat Home,OK
2026-09-29,15:06:03,28,208,51,349,1,0,-1,0,1,0,20,0,Home Sweat Home,OK
2026-09-29,15:06:04,28,214,51,348,2,0,-1,0,1,0,20,0,Home Sweat Home,OK
2026-09-29,15:06:05,28,214,51,346,2,0,-1,0,1,0,20,0,Home Sweat Home,OK
2026-09-29,15:06:06,28,207,51,350,0,0,-1,0,1,0,20,0,Home Sweat Home,OK
2026-09-29,15:06:07,28,208,51,351,0,0,-1,0,1,0,20,0,Home Sweat Home,OK
2026-09-29,15:06:08,28,210,51,348,1,0,-1,0,1,0,20,0,Home Sweat Home,OK
2026-09-29,15:06:09,28,210,51,350,1,0,-1,0,1,0,20,0,Home Sweat Home,OK
2026-09-29,15:06:10,28,214,51,347,1,0,-1,0,1,0,20,0,Home Sweat Home,OK
2026-09-29,15:06:11,28,207,51,350,0,0,-1,0,1,0,20,0,Home Sweat Home,OK
2026-09-29,15:06:12,28,208,51,348,1,0,-1,0,1,0,20,0,Home Sweat Home,OK
2026-09-29,15:06:13,28,208,51,350,0,0,-1,0,1,0,20,0,Home Sweat Home,OK
2026-09-29,15:06:14,28,207,51,348,0,0,-1,0,1,0,20,0,Home Sweat Home,OK
2026-09-29,15:06:15,28,216,51,346,2,0,-1,0,1,0,20,0,Home Sweat Home,OK
2026-09-29,15:06:16,28,207,51,347,1,0,-1,0,1,0,20,0,Home Sweat Home,OK
2026-09-29,15:06:17,28,207,51,346,1,0,-1,0,1,0,20,0,Home Sweat Home,OK
2026-09-29,15:06:18,28,207,51,347,0,0,-1,0,1,0,20,0,Home Sweat Home,OK
2026-09-29,15:06:19,28,214,51,343,3,0,-1,0,1,0,20,0,Home Sweat Home,OK
2026-09-29,15:06:20,28,208,51,346,1,0,-1,0,1,0,20,0,Home Sweat Home,OK
2026-09-29,15:06:21,28,207,51,345,0,0,-1,0,1,0,20,0,Home Sweat Home,OK
2026-09-29,15:06:22,28,208,51,346,0,0,-1,0,1,0,20,0,Home Sweat Home,OK
2026-09-29,15:06:23,28,208,51,346,0,0,-1,0,1,0,20,0,Home Sweat Home,OK
2026-09-29,15:06:24,28,212,51,343,1,0,-1,0,1,0,20,0,Home Sweat Home,OK
2026-09-29,15:06:25,28,214,51,342,2,0,-1,0,1,0,20,0,Home Sweat Home,OK
2026-09-29,15:06:26,28,212,51,342,2,0,-1,0,1,0,20,0,Home Sweat Home,OK
2026-09-29,15:06:27,28,208,51,346,0,0,-1,0,1,0,20,0,Home Sweat Home,OK
2026-09-29,15:06:28,28,207,51,344,0,0,-1,0,1,0,20,0,Home Sweat Home,OK
2026-09-29,15:06:29,28,207,51,344,0,0,-1,0,1,0,20,0,Home Sweat Home,OK
2026-09-29,15:06:30,28,210,51,342,2,0,-1,0,1,0,20,0,Home Sweat Home,OK
2026-09-29,15:06:31,28,215,51,341,3,0,-1,0,1,0,20,0,Home Sweat Home,OK
2026-09-29,15:06:32,28,207,51,344,1,0,-1,0,1,0,20,0,Home Sweat Home,OK
2026-09-29,15:06:33,28,208,51,345,0,0,-1,0,1,0,20,0,Home Sweat Home,OK
2026-09-29,15:06:34,28,207,51,344,0,0,-1,0,1,0,20,0,Home Sweat Home,OK
2026-09-29,15:06:35,28,207,51,341,1,0,-1,0,1,0,20,0,Home Sweat Home,OK
2026-09-29,15:06:36,28,213,51,340,2,0,-1,0,1,0,20,0,Home Sweat Home,OK
2026-09-29,15:06:37,28,212,51,340,2,0,-1,0,1,0,20,0,Home Sweat Home,OK
2026-09-29,15:06:38,28,208,51,341,1,0,-1,0,1,0,20,0,Home Sweat Home,OK
2026-09-29,15:06:39,28,215,51,339,3,0,-1,0,1,0,20,0,Home Sweat Home,OK
2026-09-29,15:06:40,28,207,51,342,0,0,-1,0,1,0,20,0,Home Sweat Home,OK
2026-09-29,15:06:41,28,208,51,343,0,0,-1,0,1,0,20,0,Home Sweat Home,OK
2026-09-29,15:06:42,28,207,51,345,0,0,-1,0,1,0,20,0,Home Sweat Home,OK
2026-09-29,15:06:43,28,208,51,343,0,0,-1,0,1,0,20,0,Home Sweat Home,OK
2026-09-29,15:06:44,28,207,51,342,0,0,-1,0,1,0,20,0,Home Sweat Home,OK
2026-09-29,15:06:45,28,207,51,342,0,0,-1,0,1,0,20,0,Home Sweat Home,OK
2026-09-29,15:06:46,28,210,51,342,1,0,-1,0,1,0,20,0,Home Sweat Home,OK
2026-09-29,15:06:47,28,215,51,340,2,0,-1,0,1,0,20,0,Home Sweat Home,OK
2026-09-29,15:06:48,28,208,51,343,0,0,-1,0,1,0,20,0,Home Sweat Home,OK
2026-09-29,15:06:49,27,207,51,343,0,0,-1,0,1,0,20,0,Home Sweat Home,OK
2026-09-29,15:06:50,27,207,51,342,0,0,-1,0,1,0,20,0,Home Sweat Home,OK
2026-09-29,15:06:51,28,207,51,340,1,0,-1,0,1,0,20,0,Home Sweat Home,OK
2026-09-29,15:06:52,28,213,51,337,2,0,-1,0,1,0,20,0,Home Sweat Home,OK
2026-09-29,15:06:53,28,207,51,340,0,0,-1,0,1,0,20,0,Home Sweat Home,OK
2026-09-29,15:06:54,28,207,51,339,0,0,-1,0,1,0,20,0,Home Sweat Home,OK
2026-09-29,15:06:55,28,215,51,336,2,0,-1,0,1,0,20,0,Home Sweat Home,OK
2026-09-29,15:06:56,28,207,51,338,0,0,-1,0,1,0,20,0,Home Sweat Home,OK
2026-09-29,15:06:57,28,208,51,340,0,0,-1,0,1,0,20,0,Home Sweat Home,OK
2026-09-29,15:06:58,28,207,51,339,0,0,-1,0,1,0,20,0,Home Sweat Home,OK
2026-09-29,15:06:59,28,214,51,334,3,0,-1,0,1,0,20,0,Home Sweat Home,OK
2026-09-29,15:07:00,28,207,51,337,1,0,-1,0,1,0,20,0,Home Sweat Home,OK
2026-09-29,15:07:01,28,216,51,335,2,0,-1,0,1,0,20,0,Home Sweat Home,OK
2026-09-29,15:07:02,28,209,51,340,1,0,-1,0,1,0,20,0,Home Sweat Home,OK
2026-09-29,15:07:03,28,207,51,339,0,0,-1,0,1,0,20,0,Home Sweat Home,OK
2026-09-29,15:07:04,28,207,51,338,1,0,-1,0,1,0,20,0,Home Sweat Home,OK
2026-09-29,15:07:05,28,215,51,336,2,0,-1,0,1,0,20,0,Home Sweat Home,OK
2026-09-29,15:07:06,28,214,51,337,2,0,-1,0,1,0,20,0,Home Sweat Home,OK
2026-09-29,15:07:07,28,207,51,339,0,0,-1,0,1,0,20,0,Home Sweat Home,OK
2026-09-29,15:07:08,28,208,51,337,0,0,-1,0,1,0,20,0,Home Sweat Home,OK
2026-09-29,15:07:09,28,210,51,334,2,0,-1,0,1,0,20,0,Home Sweat Home,OK
2026-09-29,15:07:10,28,207,51,337,0,0,-1,0,1,0,20,0,Home Sweat Home,OK
2026-09-29,15:07:11,28,214,51,333,2,0,-1,0,1,0,20,0,Home Sweat Home,OK
2026-09-29,15:07:12,28,214,51,332,2,0,-1,0,1,0,20,0,Home Sweat Home,OK
2026-09-29,15:07:13,28,207,51,334,0,0,-1,0,1,0,20,0,Home Sweat Home,OK
2026-09-29,15:07:14,28,214,51,333,2,0,-1,0,1,0,20,0,Home Sweat Home,OK
2026-09-29,15:07:15,28,214,51,331,2,0,-1,0,1,0,20,0,Home Sweat Home,OK
2026-09-29,15:07:16,28,208,51,335,0,0,-1,0,1,0,20,0,Home Sweat Home,OK
2026-09-29,15:07:17,28,213,51,329,2,0,-1,0,1,0,20,0,Home Sweat Home,OK
2026-09-29,15:07:18,28,207,51,331,1,0,-1,0,1,0,20,0,Home Sweat Home,OK
2026-09-29,15:07:19,28,207,51,334,0,0,-1,0,1,0,20,0,Home Sweat Home,OK
2026-09-29,15:07:20,28,208,51,331,0,0,-1,0,1,0,20,0,Home Sweat Home,OK
2026-09-29,15:07:21,28,215,51,328,2,0,-1,0,1,0,20,0,Home Sweat Home,OK
2026-09-29,15:07:22,28,207,51,332,1,0,-1,0,1,0,20,0,Home Sweat Home,OK
2026-09-29,15:07:23,28,208,51,334,0,0,-1,0,1,0,20,0,Home Sweat Home,OK
2026-09-29,15:07:24,28,208,51,331,0,0,-1,0,1,0,20,0,Home Sweat Home,OK
2026-09-29,15:07:25,28,214,51,330,2,0,-1,0,1,0,20,0,Home Sweat Home,OK
2026-09-29,15:07:26,28,207,51,335,0,0,-1,0,1,0,20,0,Home Sweat Home,OK
2026-09-29,15:07:27,28,213,51,330,1,0,-1,0,1,0,20,0,Home Sweat Home,OK
2026-09-29,15:07:28,28,208,51,331,0,0,-1,0,0,0,20,0,Home Sweat Home,OK
2026-09-29,15:07:29,28,207,51,330,0,0,-1,0,1,0,20,0,Home Sweat Home,OK
2026-09-29,15:07:30,28,207,51,329,1,0,-1,0,0,0,20,0,Home Sweat Home,OK
2026-09-29,15:07:31,28,215,51,329,2,0,-1,0,1,0,20,0,Home Sweat Home,OK
2026-09-29,15:07:32,28,212,51,328,1,0,-1,0,1,0,20,0,Home Sweat Home,OK
2026-09-29,15:07:33,28,210,51,330,0,0,-1,0,0,0,20,0,Home Sweat Home,OK
2026-09-29,15:07:34,28,213,51,328,2,0,-1,0,0,0,20,0,Home Sweat Home,OK
2026-09-29,15:07:35,28,208,51,331,0,0,-1,0,0,0,20,0,Home Sweat Home,OK
2026-09-29,15:07:36,28,207,51,329,0,0,-1,0,0,0,20,0,Home Sweat Home,OK
2026-09-29,15:07:37,28,208,51,330,1,0,-1,0,0,0,20,0,Home Sweat Home,OK
2026-09-29,15:07:38,28,207,51,334,0,0,-1,0,0,0,20,0,Home Sweat Home,OK
2026-09-29,15:07:39,28,211,51,336,1,0,-1,0,0,0,20,0,Home Sweat Home,OK
2026-09-29,15:07:40,28,174,51,322,0,0,-1,0,1,0,20,0,Home Sweat Home,OK
2026-09-29,15:07:41,28,214,51,344,2,0,-1,0,1,0,20,0,Home Sweat Home,OK
2026-09-29,15:07:42,28,177,51,332,0,0,-1,0,0,0,20,0,Home Sweat Home,OK
2026-09-29,15:07:43,28,216,51,348,2,0,-1,0,0,0,20,0,Home Sweat Home,OK
2026-09-29,15:07:44,28,213,51,348,1,0,-1,0,1,0,20,0,Home Sweat Home,OK
2026-09-29,15:07:45,27,215,51,340,3,0,-1,0,0,0,20,0,Home Sweat Home,OK
2026-09-29,15:07:46,27,208,51,338,0,0,-1,0,0,0,20,0,Home Sweat Home,OK
2026-09-29,15:07:47,28,208,51,340,0,0,-1,0,0,0,20,0,Home Sweat Home,OK
2026-09-29,15:07:48,28,208,51,338,0,0,-1,0,0,0,20,0,Home Sweat Home,OK
2026-09-29,15:07:49,28,208,51,337,1,0,-1,0,0,0,20,0,Home Sweat Home,OK
2026-09-29,15:07:50,28,213,51,338,2,0,-1,0,0,0,20,0,Home Sweat Home,OK
2026-09-29,15:07:51,28,209,51,349,0,0,-1,0,0,0,20,0,Home Sweat Home,OK
2026-09-29,15:07:52,28,208,51,355,0,0,-1,0,0,0,20,0,Home Sweat Home,OK
2026-09-29,15:07:53,28,215,51,343,2,0,-1,0,0,0,20,0,Home Sweat Home,OK
2026-09-29,15:07:54,28,208,51,343,1,0,-1,0,0,0,20,0,Home Sweat Home,OK
2026-09-29,15:07:55,28,208,51,342,1,0,-1,0,0,0,20,0,Home Sweat Home,OK
2026-09-29,15:07:56,28,210,51,346,0,0,-1,0,0,0,20,0,Home Sweat Home,OK
2026-09-29,15:07:57,28,208,51,340,1,0,-1,0,0,0,20,0,Home Sweat Home,OK
2026-09-29,15:07:58,28,208,51,336,0,0,-1,0,0,0,20,0,Home Sweat Home,OK
2026-09-29,15:07:59,28,211,51,338,1,0,-1,0,0,0,20,0,Home Sweat Home,OK
2026-09-29,15:08:00,28,215,51,333,3,0,-1,0,0,0,20,0,Home Sweat Home,OK
2026-09-29,15:08:01,28,211,51,337,0,0,-1,0,0,0,20,0,Home Sweat Home,OK
2026-09-29,15:08:02,28,210,51,336,2,0,-1,0,0,0,20,0,Home Sweat Home,OK
2026-09-29,15:08:03,28,210,51,337,1,0,-1,0,0,0,20,0,Home Sweat Home,OK
2026-09-29,15:08:04,28,210,51,334,1,0,-1,0,0,0,20,0,Home Sweat Home,OK
2026-09-29,15:08:05,28,216,51,333,2,0,-1,0,0,0,20,0,Home Sweat Home,OK
2026-09-29,15:08:06,28,214,51,335,2,0,-1,0,0,0,20,0,Home Sweat Home,OK
2026-09-29,15:08:07,28,208,51,335,1,0,-1,0,0,0,20,0,Home Sweat Home,OK
2026-09-29,15:08:08,28,215,51,334,2,0,-1,0,0,0,20,0,Home Sweat Home,OK
2026-09-29,15:08:09,28,211,51,337,1,0,-1,0,0,0,20,0,Home Sweat Home,OK
2026-09-29,15:08:10,28,210,51,335,2,0,-1,0,0,0,20,0,Home Sweat Home,OK
2026-09-29,15:08:11,28,215,51,334,3,0,-1,0,0,0,20,0,Home Sweat Home,OK
2026-09-29,15:08:12,28,216,51,334,2,0,-1,0,0,0,20,0,Home Sweat Home,OK
2026-09-29,15:08:13,28,209,51,339,0,0,-1,0,0,0,20,0,Home Sweat Home,OK
2026-09-29,15:08:14,28,214,51,334,2,0,-1,0,0,0,20,0,Home Sweat Home,OK
2026-09-29,15:08:15,28,208,51,338,0,0,-1,0,0,0,20,0,Home Sweat Home,OK
2026-09-29,15:08:16,28,213,51,334,2,0,-1,0,0,0,20,0,Home Sweat Home,OK
2026-09-29,15:08:17,28,209,51,339,0,0,-1,0,0,0,20,0,Home Sweat Home,OK
2026-09-29,15:08:18,28,208,51,339,0,0,-1,0,0,0,20,0,Home Sweat Home,OK
2026-09-29,15:08:19,28,215,51,339,1,0,-1,0,0,0,20,0,Home Sweat Home,OK
2026-09-29,15:08:20,28,211,51,339,1,0,-1,0,0,0,20,0,Home Sweat Home,OK
2026-09-29,15:08:21,28,208,51,337,2,0,-1,0,0,0,20,0,Home Sweat Home,OK
2026-09-29,15:08:22,28,211,51,337,2,0,-1,0,0,0,20,0,Home Sweat Home,OK
2026-09-29,15:08:23,28,208,51,339,0,0,-1,0,0,0,20,0,Home Sweat Home,OK
2026-09-29,15:08:24,28,208,51,340,1,0,-1,0,0,0,20,0,Home Sweat Home,OK
2026-09-29,15:08:25,28,208,51,336,2,0,-1,0,0,0,20,0,Home Sweat Home,OK
2026-09-29,15:08:26,28,208,51,341,0,0,-1,0,0,0,20,0,Home Sweat Home,OK
2026-09-29,15:08:27,28,209,51,342,0,0,-1,0,0,0,20,0,Home Sweat Home,OK
2026-09-29,15:08:28,28,208,51,339,1,0,-1,0,0,0,20,0,Home Sweat Home,OK
2026-09-29,15:08:29,28,213,51,342,1,0,-1,0,0,0,20,0,Home Sweat Home,OK
2026-09-29,15:08:30,28,215,51,339,2,0,-1,0,0,0,20,0,Home Sweat Home,OK
2026-09-29,15:08:31,28,208,51,341,0,0,-1,0,0,0,20,0,Home Sweat Home,OK
2026-09-29,15:08:32,28,214,51,340,2,0,-1,0,0,0,20,0,Home Sweat Home,OK
2026-09-29,15:08:33,28,213,51,340,2,0,-1,0,0,0,20,0,Home Sweat Home,OK
2026-09-29,15:08:34,28,209,51,344,0,0,-1,0,0,0,20,0,Home Sweat Home,OK
2026-09-29,15:08:35,28,214,51,341,2,0,-1,0,0,0,20,0,Home Sweat Home,OK
2026-09-29,15:08:36,28,209,51,345,0,0,-1,0,0,0,20,0,Home Sweat Home,OK
2026-09-29,15:08:37,28,210,51,343,1,0,-1,0,0,0,20,0,Home Sweat Home,OK
2026-09-29,15:08:38,28,215,51,340,2,0,-1,0,0,0,20,0,Home Sweat Home,OK
2026-09-29,15:08:39,28,213,51,346,2,0,-1,0,0,0,20,0,Home Sweat Home,OK
2026-09-29,15:08:40,28,208,51,342,2,0,-1,0,0,0,20,0,Home Sweat Home,OK
2026-09-29,15:08:41,28,209,51,346,0,0,-1,0,0,0,20,0,Home Sweat Home,OK
2026-09-29,15:08:42,28,208,51,348,0,0,-1,0,0,0,20,0,Home Sweat Home,OK
2026-09-29,15:08:43,28,209,51,348,0,0,-1,0,0,0,20,0,Home Sweat Home,OK
2026-09-29,15:08:44,28,210,51,343,1,0,-1,0,0,0,20,0,Home Sweat Home,OK
2026-09-29,15:08:45,28,208,51,346,1,0,-1,0,0,0,20,0,Home Sweat Home,OK
2026-09-29,15:08:46,28,208,51,345,1,0,-1,0,0,0,20,0,Home Sweat Home,OK
2026-09-29,15:08:47,28,214,51,345,2,0,-1,0,0,0,20,0,Home Sweat Home,OK
2026-09-29,15:08:48,28,211,51,346,2,0,-1,0,0,0,20,0,Home Sweat Home,OK
2026-09-29,15:08:49,28,209,51,348,0,0,-1,0,0,0,20,0,Home Sweat Home,OK
2026-09-29,15:08:50,28,214,51,345,2,0,-1,0,0,0,20,0,Home Sweat Home,OK
2026-09-29,15:08:51,28,216,51,344,3,0,-1,0,0,0,20,0,Home Sweat Home,OK
2026-09-29,15:08:52,28,208,51,346,1,0,-1,0,0,0,20,0,Home Sweat Home,OK
2026-09-29,15:08:53,28,208,51,346,1,0,-1,0,0,0,20,0,Home Sweat Home,OK
2026-09-29,15:08:54,28,208,51,348,0,0,-1,0,0,0,20,0,Home Sweat Home,OK
2026-09-29,15:08:55,28,209,51,348,0,0,-1,0,0,0,20,0,Home Sweat Home,OK
2026-09-29,15:08:56,28,211,51,347,2,0,-1,0,0,0,20,0,Home Sweat Home,OK
2026-09-29,15:08:57,28,213,51,346,2,0,-1,0,0,0,20,0,Home Sweat Home,OK
2026-09-29,15:08:58,28,207,51,346,1,0,-1,0,0,0,20,0,Home Sweat Home,OK
2026-09-29,15:08:59,28,209,51,346,2,0,-1,0,0,0,20,0,Home Sweat Home,OK
2026-09-29,15:09:00,28,208,51,348,1,0,-1,0,0,0,20,0,Home Sweat Home,OK
2026-09-29,15:09:01,28,212,51,346,2,0,-1,0,0,0,20,0,Home Sweat Home,OK
2026-09-29,15:09:02,28,208,51,351,0,0,-1,0,0,0,20,0,Home Sweat Home,OK
2026-09-29,15:09:03,28,215,51,347,2,0,-1,0,0,0,20,0,Home Sweat Home,OK
2026-09-29,15:09:04,28,211,51,349,1,0,-1,0,0,0,20,0,Home Sweat Home,OK
2026-09-29,15:09:05,28,208,51,352,0,0,-1,0,0,0,20,0,Home Sweat Home,OK
2026-09-29,15:09:06,28,209,51,348,2,0,-1,0,0,0,20,0,Home Sweat Home,OK
2026-09-29,15:09:07,28,215,51,350,2,0,-1,0,0,0,20,0,Home Sweat Home,OK
2026-09-29,15:09:08,28,208,51,351,1,0,-1,0,0,0,20,0,Home Sweat Home,OK
2026-09-29,15:09:09,28,208,51,352,0,0,-1,0,0,0,20,0,Home Sweat Home,OK
2026-09-29,15:09:10,28,209,51,350,2,0,-1,0,0,0,20,0,Home Sweat Home,OK
2026-09-29,15:09:11,28,216,51,349,2,0,-1,0,0,0,20,0,Home Sweat Home,OK
2026-09-29,15:09:12,28,214,51,349,3,0,-1,0,0,0,20,0,Home Sweat Home,OK
2026-09-29,15:09:13,28,208,51,352,0,0,-1,0,0,0,20,0,Home Sweat Home,OK
2026-09-29,15:09:14,28,208,51,353,1,0,-1,0,0,0,20,0,Home Sweat Home,OK
2026-09-29,15:09:15,28,209,51,350,2,0,-1,0,0,0,20,0,Home Sweat Home,OK
2026-09-29,15:09:16,28,208,51,354,0,0,-1,0,0,0,20,0,Home Sweat Home,OK
2026-09-29,15:09:17,28,212,51,350,2,0,-1,0,0,0,20,0,Home Sweat Home,OK
2026-09-29,15:09:18,28,207,51,353,1,0,-1,0,0,0,20,0,Home Sweat Home,OK
2026-09-29,15:09:19,28,213,51,352,2,0,-1,0,0,0,20,0,Home Sweat Home,OK
2026-09-29,15:09:20,28,208,51,355,0,0,-1,0,0,0,20,0,Home Sweat Home,OK
2026-09-29,15:09:21,28,207,51,353,1,0,-1,0,0,0,20,0,Home Sweat Home,OK
2026-09-29,15:09:22,28,209,51,352,2,0,-1,0,0,0,20,0,Home Sweat Home,OK
2026-09-29,15:09:23,28,208,51,356,0,0,-1,0,0,0,20,0,Home Sweat Home,OK
2026-09-29,15:09:24,28,207,51,354,1,0,-1,0,0,0,20,0,Home Sweat Home,OK
2026-09-29,15:09:25,28,207,51,354,1,0,-1,0,0,0,20,0,Home Sweat Home,OK
2026-09-29,15:09:26,28,207,51,353,1,0,-1,0,0,0,20,0,Home Sweat Home,OK
2026-09-29,15:09:27,28,208,51,357,0,0,-1,0,0,0,20,0,Home Sweat Home,OK
2026-09-29,15:09:28,28,208,51,351,0,0,-1,0,0,0,20,0,Home Sweat Home,OK
2026-09-29,15:09:29,28,207,51,354,1,0,-1,0,0,0,20,0,Home Sweat Home,OK
2026-09-29,15:09:30,28,208,51,357,0,0,-1,0,0,0,20,0,Home Sweat Home,OK
2026-09-29,15:09:31,28,215,51,353,3,0,-1,0,0,0,20,0,Home Sweat Home,OK
2026-09-29,15:09:32,28,215,51,352,3,0,-1,0,0,0,20,0,Home Sweat Home,OK
2026-09-29,15:09:33,28,208,51,355,0,0,-1,0,0,0,20,0,Home Sweat Home,OK
2026-09-29,15:09:34,28,214,51,352,3,0,-1,0,0,0,20,0,Home Sweat Home,OK
2026-09-29,15:09:35,28,210,51,355,1,0,-1,0,0,0,20,0,Home Sweat Home,OK
2026-09-29,15:09:36,28,214,51,355,2,0,-1,0,0,0,20,0,Home Sweat Home,OK
2026-09-29,15:09:37,28,209,51,356,0,0,-1,0,0,0,20,0,Home Sweat Home,OK
2026-09-29,15:09:38,28,214,51,351,2,0,-1,0,0,0,20,0,Home Sweat Home,OK
2026-09-29,15:09:39,28,212,51,352,2,0,-1,0,0,0,20,0,Home Sweat Home,OK
2026-09-29,15:09:40,28,214,51,352,3,0,-1,0,0,0,20,0,Home Sweat Home,OK
2026-09-29,15:09:41,28,208,51,354,1,0,-1,0,0,0,20,0,Home Sweat Home,OK
2026-09-29,15:09:42,28,210,51,355,2,0,-1,0,0,0,20,0,Home Sweat Home,OK
